user_id,ad_click,article_click,banner_click,banner_video_ad_click,banner_video_click,choice_card_click,clicked_whiteboard_proceed,complete_scheme_profile_click,contact_now_click,jobs_card_click,jobs_options_click,location_details_screen_proceed_click,logout_click,notification_click,scheme_category_click,scheme_click,service_options_click,sub_service_card_click,sub_service_click,verify_otp_click,view_modify_click,article_view,enquiry_successfully,choice_submit_success,engagement_time_msec
184259,0,10,39,0,1,22,1,0,0,21,9,8,35,3,9,9,79,0,50,41,203,24,0,9,48117914
193501,0,0,0,0,0,95,0,0,0,0,1,13,0,1,1,0,5,0,5,99,59,0,0,24,41988624
217938,0,5,1,0,1,0,1,0,0,4,30,0,1,1,5,1,28,0,1,2,12,62,0,0,35735561
203767,0,24,5,0,3,0,0,0,0,12,2,2,2,1,0,0,7,0,2,2,25,7,0,0,31305095
197332,0,1,1,0,9,37,80,0,0,40,16,11,0,80,14,11,19,1,12,0,40,15,0,26,20897087
188913,0,0,0,0,0,40,134,6,0,0,0,1,0,161,8,2,7,0,4,1,3,0,4,16,19048320
201166,0,0,0,0,5,2,1,0,0,8,5,1,2,1,2,1,7,0,4,1,15,0,3,0,18300506
210319,0,0,0,0,0,42,31,0,0,0,0,2,1,103,0,0,1,0,0,1,69,44,0,22,15912145
188557,0,6,0,22,0,24,2,1,0,0,11,1,0,15,6,11,7,0,9,0,4,0,0,2,15875558
200051,0,0,0,0,0,0,0,1,0,0,2,5,0,1,5,3,9,2,14,0,8,13,0,0,15811550
205143,0,1,2,0,2,14,67,0,0,60,7,1,0,73,7,58,6,0,2,0,34,39,46,12,15199603
222154,0,0,0,0,0,28,7,0,1,1,1,2,2,10,1,1,1,0,1,4,14,14,4,9,14619167
206335,0,0,0,0,0,31,70,0,0,1,1,1,3,100,3,1,3,0,2,3,19,23,0,22,14130212
198913,0,6,0,0,0,16,9,0,0,0,15,0,0,13,2,7,15,0,7,0,5,3,0,12,13064489
183964,0,0,0,1,2,14,1,2,0,0,10,0,0,0,8,15,4,0,1,0,3,0,1,10,12800034
188082,0,3,0,1,0,21,28,2,0,0,0,0,0,41,3,4,4,0,4,0,2,0,0,13,12793302
196542,0,0,0,0,0,23,0,0,0,0,0,2,0,0,0,0,0,0,0,0,17,0,0,16,12670730
185314,0,2,0,1,1,24,5,0,0,1,11,3,13,7,5,8,0,0,0,19,27,0,0,18,12547608
202164,0,0,0,0,1,22,0,0,0,0,0,1,0,1,0,0,0,0,0,1,21,0,0,12,12054770
185776,0,1,0,2,3,19,3,0,0,0,0,3,20,4,0,0,2,0,0,43,32,0,0,1,11930516
213867,0,2,0,0,0,22,17,0,0,0,4,0,0,21,4,8,8,0,5,0,7,40,0,12,11739265
198372,0,1,0,2,3,74,6,0,0,0,1,3,1,7,1,0,7,0,0,0,33,2,0,15,11283077
185774,0,6,0,0,0,29,29,0,0,4,11,4,0,28,1,0,5,0,2,0,19,31,0,17,11181321
209224,0,0,0,0,0,24,33,0,0,0,7,2,0,45,2,2,3,0,2,0,13,47,0,16,11171443
201136,0,0,0,1,0,19,3,0,0,5,4,1,2,3,0,0,2,0,0,6,11,0,0,13,10940171
201610,0,1,0,0,0,27,0,0,0,0,0,0,0,0,0,0,0,0,0,0,0,0,0,11,10799571
198396,0,5,0,0,0,33,1,0,0,0,1,1,0,0,2,0,0,0,0,0,9,0,0,13,10691512
185881,0,0,0,0,0,26,37,0,0,1,6,0,9,41,0,0,0,0,0,10,7,2,0,15,10360729
201668,0,2,0,0,0,18,5,0,0,1,9,0,2,4,1,0,3,0,0,9,1,17,0,9,10305935
208795,0,1,6,0,1,15,0,0,0,0,1,1,0,0,0,0,1,0,1,0,2,63,0,11,10267353
201823,0,0,0,0,0,19,9,0,0,3,1,1,1,71,0,0,6,0,2,0,21,0,0,11,10199845
200698,0,0,0,0,0,32,1,0,0,0,0,0,1,1,0,0,1,0,0,1,2,0,0,15,10127010
219044,0,1,1,0,0,17,1,0,0,3,13,0,0,0,4,1,8,4,13,0,0,59,0,8,10116525
197827,0,6,0,13,7,1,8,1,0,47,9,1,0,81,5,5,19,3,17,12,8,0,0,0,10085169
188197,0,1,17,0,0,19,11,0,0,9,25,2,13,12,3,1,8,0,6,12,33,79,0,10,10052114
206570,0,2,0,0,0,17,19,0,0,0,2,1,5,20,2,1,7,0,0,8,38,43,0,11,10037998
203328,0,1,0,0,0,15,1,0,0,0,3,1,0,1,3,4,2,0,0,0,25,0,5,12,10001462
190008,0,1,0,0,0,19,5,1,0,0,9,2,0,8,6,7,6,0,8,0,16,0,0,12,9786861
194566,0,1,0,0,0,25,14,0,0,0,0,0,0,1,0,1,0,0,0,8,1,0,1,15,9743268
190032,0,1,0,0,0,14,0,0,0,0,2,2,1,2,2,4,6,0,2,1,18,0,2,11,9580025
186367,0,19,0,0,0,7,1,1,0,0,2,1,0,0,1,0,5,0,1,0,2,6,14,6,9032419
205196,0,0,0,0,0,18,0,0,0,33,2,19,0,0,0,0,6,0,1,2,50,8,24,13,9001845
203804,0,0,0,0,0,17,0,0,0,1,3,3,0,1,2,1,1,0,3,0,22,2,0,12,8955571
205994,0,3,0,0,0,16,5,1,0,6,5,0,0,10,0,0,4,2,2,0,9,0,0,15,8704622
205527,0,0,0,0,0,15,2,0,0,0,1,1,0,3,0,0,0,0,0,1,22,5,0,10,8619020
196788,0,0,0,0,0,33,3,0,0,1,2,0,0,7,1,0,0,0,0,0,10,0,0,13,8563446
187513,0,0,0,0,0,17,10,0,0,0,6,1,0,21,4,1,4,0,4,0,21,3,0,16,8534833
187656,0,2,0,0,1,23,1,0,0,0,16,0,0,1,2,7,3,0,5,0,3,0,0,12,8532323
193666,0,6,2,7,36,0,0,0,1,33,16,1,0,0,1,0,18,0,1,0,8,39,0,0,8524605
186414,0,3,0,0,0,20,24,1,0,1,7,1,0,37,5,10,2,0,0,3,4,0,5,7,8374030
208998,0,0,2,0,0,11,3,0,0,5,4,1,14,5,1,0,10,0,1,20,21,77,0,7,8360289
197754,0,0,0,0,0,35,0,0,0,2,2,2,0,0,1,0,2,0,0,0,33,0,0,13,8230978
193941,0,0,0,0,0,18,1,0,0,0,0,1,0,0,1,3,1,0,0,0,13,0,0,15,7965089
211310,0,2,6,0,0,11,28,1,0,1,16,1,0,37,2,0,6,0,3,0,9,64,0,10,7923590
221310,0,0,0,0,0,15,3,0,0,0,1,0,0,4,3,2,0,0,0,0,22,35,0,11,7758378
207819,0,0,0,0,0,13,0,0,0,0,1,1,0,0,0,0,2,0,9,0,0,28,0,8,7729737
185403,0,2,0,0,0,15,7,0,0,0,6,2,16,7,3,1,6,0,8,15,23,0,0,15,7693703
220056,0,2,1,0,0,22,18,1,0,0,0,0,1,16,0,0,7,0,2,4,8,82,0,13,7594246
187171,0,1,0,0,0,13,1,0,0,0,0,25,0,1,0,0,0,0,0,3,14,0,0,4,7532975
213308,0,0,1,0,0,27,11,2,2,7,8,1,0,13,3,8,3,1,5,2,2,14,2,12,7530897
208883,0,0,1,0,0,18,3,0,1,4,1,9,9,3,2,2,7,0,7,13,19,46,0,12,7494253
208980,0,1,1,0,0,19,3,0,0,0,4,1,0,1,0,0,12,0,6,1,15,55,0,12,7298318
223174,0,3,1,0,0,12,0,0,0,0,7,0,0,0,1,1,3,0,3,0,13,32,0,9,7284051
190440,0,1,0,0,0,22,3,0,0,0,0,2,0,4,2,1,6,0,0,2,16,0,0,13,7259409
210666,0,2,5,1,0,9,33,0,0,0,3,0,0,35,0,0,2,0,0,0,7,69,0,6,7240815
185355,0,0,0,0,0,34,0,0,0,0,0,1,4,0,0,0,0,0,0,6,1,0,0,16,7229200
211704,0,4,4,0,0,21,27,0,0,15,22,0,1,55,10,4,11,0,8,1,17,75,2,13,7126317
208959,0,0,2,0,0,13,0,0,0,1,1,1,0,0,2,2,3,0,1,0,13,66,5,10,7112017
211674,0,1,3,0,0,14,1,0,0,0,2,1,1,0,3,3,1,0,0,3,8,57,0,10,7103351
205188,0,0,0,0,0,28,2,0,0,0,0,1,0,2,1,0,1,0,1,2,17,0,0,10,7066406
185201,0,7,0,0,4,14,0,0,0,1,7,0,0,0,2,1,13,0,7,0,1,0,0,10,7063940
208888,0,1,2,0,0,17,9,1,0,2,3,0,0,18,3,2,3,0,0,0,12,43,3,10,7055481
222168,0,1,6,0,0,13,0,2,0,2,11,0,0,3,5,13,5,0,2,0,3,51,3,10,7049215
210044,0,0,0,0,0,28,11,0,0,0,1,0,0,11,1,1,3,0,2,0,4,53,0,14,7008410
220524,0,1,0,0,0,2,3,0,0,2,32,2,0,3,3,0,8,0,2,0,46,39,0,0,6818166
186402,0,0,0,0,0,28,3,0,0,1,12,2,1,0,5,2,3,0,4,0,5,0,0,15,6793857
190778,0,2,0,0,0,22,19,1,0,1,9,0,1,21,5,3,1,0,0,1,1,0,0,15,6743156
210591,0,1,1,0,0,3,0,0,0,44,22,0,0,0,1,3,28,5,22,0,0,55,3,2,6711826
190422,0,0,0,0,0,20,6,0,0,0,0,5,0,7,1,0,0,0,0,0,71,0,0,11,6676617
196637,0,0,0,0,0,0,5,2,0,0,8,0,2,5,3,2,4,0,1,1,8,0,1,0,6641932
219440,0,2,1,0,0,4,4,1,0,2,15,8,0,2,4,4,14,0,9,0,6,22,0,0,6512581
200147,0,0,0,0,0,32,1,0,0,2,3,4,1,1,2,1,0,0,0,1,5,0,0,11,6451474
196564,0,0,0,0,0,15,0,0,0,0,0,1,0,0,0,0,0,0,0,0,7,1,0,8,6450755
216035,0,0,1,0,0,15,28,0,0,0,5,0,0,27,0,0,3,0,0,0,0,21,0,11,6425184
192781,0,0,0,0,0,17,2,0,0,0,0,0,0,1,6,3,0,0,0,0,0,0,4,13,6419932
201871,0,2,0,0,0,1,0,0,0,29,55,0,0,2,4,17,15,0,29,0,1,0,2,1,6418542
208132,0,4,0,0,0,33,22,0,0,2,2,5,0,34,1,1,2,0,1,12,51,9,0,15,6406303
208341,0,2,0,0,6,0,1,0,1,8,7,4,0,0,4,2,7,0,4,0,13,69,0,0,6388561
200966,0,3,0,0,0,32,24,0,0,0,0,1,0,29,1,1,0,0,0,0,13,0,0,16,6384504
211977,0,1,0,0,0,11,15,0,0,2,28,1,0,17,1,1,15,0,14,0,13,32,0,10,6377608
194179,0,0,0,0,0,18,0,0,0,0,3,1,0,0,6,17,1,0,0,0,2,0,4,11,6344906
206211,0,1,0,0,0,11,3,0,0,0,2,2,0,3,0,0,11,0,2,0,10,0,0,11,6341152
197811,0,0,0,0,1,0,1,0,0,2,4,1,1,0,1,0,4,0,3,0,1,20,0,0,6325432
184841,0,2,0,0,3,3,1,0,0,12,23,2,0,1,23,8,7,0,0,0,15,0,0,0,6309145
206929,0,8,2,0,0,18,0,0,0,0,1,0,0,4,3,3,1,2,2,0,2,19,0,11,6286495
215063,0,0,1,0,0,15,2,0,0,0,0,0,0,9,0,0,0,0,0,0,1,16,0,10,6254390
187215,0,0,0,0,0,23,5,0,0,0,0,0,1,7,2,1,1,0,1,1,4,0,0,16,6252778
222389,0,0,0,0,0,10,0,0,0,0,0,0,0,1,0,0,1,0,0,0,0,4,0,9,6177838
204973,0,0,0,0,0,15,0,1,0,186,13,2,0,1,4,5,3,0,1,0,21,0,0,6,6168973
196563,0,0,0,0,0,27,0,0,0,0,0,0,1,0,0,0,6,0,0,0,5,7,0,11,6163829
191304,0,0,0,0,1,18,0,0,0,0,0,6,0,0,0,0,1,0,0,0,10,0,0,14,6125948
200494,0,7,0,0,5,1,1,1,0,14,12,0,1,2,3,18,4,0,1,1,0,0,1,0,6124703
191717,0,0,0,0,0,15,2,0,0,0,2,1,1,2,1,0,4,0,0,2,10,0,0,11,6063173
213655,0,0,1,1,0,0,0,0,0,1,0,0,0,0,3,2,0,0,0,0,0,16,0,0,6036060
187272,0,0,0,0,0,0,0,1,0,0,1,0,0,0,6,10,1,0,0,0,0,0,5,0,6011198
184618,0,7,0,0,0,4,4,0,1,2,47,2,0,3,4,6,5,0,4,0,9,0,0,1,6000549
206258,0,2,0,0,0,4,20,1,0,2,7,2,0,62,4,3,8,0,2,0,11,11,5,1,5973039
213134,0,0,2,0,0,22,5,0,0,2,3,1,0,10,4,2,2,0,0,0,10,57,0,13,5933251
211527,0,1,2,0,0,21,44,0,0,0,0,1,0,57,2,2,0,0,0,0,15,27,0,15,5924900
200938,0,1,0,0,0,16,1,0,0,0,0,1,2,2,2,0,2,0,0,1,15,0,0,13,5842738
194892,0,0,0,0,0,40,0,0,0,0,0,1,0,0,0,0,2,0,2,0,2,3,0,7,5842268
204967,0,0,0,0,1,14,1,0,0,0,0,1,0,1,0,0,3,0,2,0,33,0,0,12,5839386
185392,0,0,0,4,5,14,0,0,0,0,1,0,4,0,0,0,10,0,4,3,9,0,0,3,5838575
213363,0,0,3,0,0,15,0,0,0,0,0,0,0,0,2,1,0,0,0,0,5,3,0,10,5828048
199270,0,0,0,0,1,1,0,1,0,6,3,0,2,0,0,0,18,0,0,0,0,0,0,0,5801328
198661,0,0,0,0,0,0,0,0,0,1,1,3,0,0,1,1,1,0,1,0,20,0,0,0,5785617
220599,0,0,1,0,0,18,0,0,0,0,0,0,0,0,1,2,0,0,0,0,0,21,10,9,5776328
214007,0,2,0,0,0,20,15,1,0,6,2,1,1,15,1,0,0,0,0,0,8,21,0,11,5769729
195263,0,0,0,0,0,37,99,0,0,0,2,0,1,105,1,0,9,0,2,39,16,0,0,7,5753511
208850,0,3,8,4,0,0,0,1,0,0,4,0,0,7,3,2,11,0,3,0,1,26,0,0,5705676
212210,0,0,1,0,0,15,0,0,0,0,2,0,0,0,2,0,1,0,1,0,0,20,0,10,5697391
213862,0,1,0,0,0,12,6,1,0,0,2,0,0,2,2,0,5,0,2,0,2,51,0,10,5662202
207824,0,2,1,0,2,27,32,0,1,3,8,1,0,36,2,1,0,0,0,0,5,40,0,11,5661746
213207,0,3,0,0,0,9,0,0,0,0,8,0,1,0,2,1,8,0,4,1,6,44,0,9,5641410
207115,0,0,0,0,0,15,1,0,0,0,4,1,1,4,0,0,2,0,0,1,21,3,0,12,5639318
216840,0,0,0,0,0,13,0,0,0,0,0,0,0,0,1,1,0,0,0,1,0,27,0,10,5568906
194273,0,2,0,2,5,0,0,1,0,124,39,0,0,0,2,2,10,0,14,1,4,0,61,0,5556322
211354,0,2,3,1,1,11,6,0,1,44,7,1,1,8,2,2,9,0,3,0,10,26,0,10,5514055
208296,0,1,0,0,0,14,6,0,0,0,0,1,0,6,2,1,2,0,1,0,5,31,0,10,5502769
191686,0,0,0,0,1,16,2,0,1,0,0,1,0,3,2,2,4,0,2,0,13,0,0,15,5486004
196126,0,0,0,0,0,19,0,0,0,0,0,2,0,0,0,0,0,0,0,0,16,0,0,14,5436857
204591,0,1,0,0,0,14,3,0,0,0,0,1,3,3,2,0,0,0,0,0,2,0,0,11,5435245
188506,0,0,0,0,0,15,1,0,0,0,0,0,10,1,0,0,0,0,0,8,1,0,0,9,5434158
191800,0,0,0,0,0,9,1,0,0,0,6,1,0,0,5,2,3,0,4,0,4,0,0,5,5430582
197092,0,0,0,0,0,18,0,0,0,0,0,4,1,0,1,0,3,0,0,1,26,0,0,12,5421888
191227,0,1,0,0,1,0,0,0,0,12,18,1,0,0,0,0,1,0,0,0,16,0,0,0,5419287
186002,0,0,0,0,0,0,0,0,0,1,1,0,0,0,0,0,0,0,0,0,0,0,0,0,5377903
216882,0,3,0,0,0,0,1,0,0,0,4,0,0,0,7,48,3,0,0,0,0,28,1,0,5367476
222383,0,1,0,0,0,13,5,0,0,0,2,3,0,5,0,0,5,0,2,0,10,22,0,10,5349187
193413,0,0,0,0,0,21,0,0,0,0,2,5,0,3,0,0,0,0,0,1,11,0,0,5,5273946
202371,0,2,0,0,0,11,2,0,0,1,5,1,0,6,2,1,9,1,9,0,8,0,1,7,5230172
207823,0,0,0,0,0,16,1,0,0,9,9,1,0,1,0,0,4,0,3,0,6,45,0,11,5218738
210002,0,1,1,0,0,13,7,0,0,26,5,2,1,8,0,0,1,0,0,0,25,25,0,11,5211110
186151,0,4,0,2,61,0,4,1,0,11,21,0,0,0,4,2,0,0,0,0,2,0,8,0,5207967
201560,0,1,0,1,2,32,0,0,0,0,1,2,0,0,0,0,0,0,0,0,5,0,0,11,5197087
208592,0,0,1,0,0,11,0,0,0,0,1,0,0,0,2,1,0,0,0,0,0,51,0,10,5194382
205236,0,1,0,0,2,25,0,0,0,0,0,0,0,0,2,0,3,0,2,0,2,0,0,10,5180472
205411,0,5,1,1,1,0,0,1,0,0,0,0,0,0,11,13,0,0,0,0,0,0,1,0,5169276
193736,0,1,0,0,3,19,0,1,0,0,0,0,0,0,7,12,3,0,0,0,0,0,3,11,5135546
204906,0,0,0,0,0,28,0,0,0,0,0,1,0,0,0,0,0,0,0,1,13,0,0,13,5133133
212130,0,0,0,0,0,12,0,0,0,0,1,0,0,0,1,0,3,0,3,0,0,20,0,10,5128220
194270,0,0,0,0,1,0,0,0,0,1,5,0,0,0,0,0,2,0,1,0,0,28,0,0,5120445
201768,0,0,0,0,0,18,5,0,0,8,8,1,0,6,3,4,5,1,4,0,13,4,3,12,5087237
205273,0,0,0,0,1,7,0,0,0,0,7,0,7,0,1,0,7,0,0,28,1,75,0,0,5081690
198145,0,1,0,0,0,12,11,0,0,0,0,0,0,10,1,0,0,0,0,0,4,6,0,10,5061177
210124,0,0,7,0,1,15,16,0,0,0,5,1,0,15,2,1,0,0,0,0,2,31,0,11,5047254
213579,0,0,0,0,0,12,14,0,0,0,0,2,0,15,0,0,3,0,2,0,6,4,0,11,5043165
205902,0,0,0,0,0,16,1,0,0,0,1,1,0,5,1,0,3,0,1,0,12,0,0,12,5005308
201531,0,0,0,0,0,26,0,0,0,0,3,3,0,0,0,0,1,0,2,0,19,0,0,15,4996056
206572,0,1,0,0,0,0,0,0,0,0,39,1,0,0,5,5,5,0,1,0,4,0,0,0,4987065
190898,0,0,0,0,0,26,0,0,0,1,2,1,0,0,1,2,1,0,1,1,19,0,2,12,4951456
210176,0,1,0,0,0,12,1,0,0,0,2,1,0,1,1,0,5,0,5,0,6,14,0,10,4948880
193119,0,0,0,0,3,21,1,0,0,0,2,11,0,0,0,0,0,0,0,0,15,0,0,14,4940151
194555,0,0,0,0,0,12,1,0,0,0,0,1,0,3,0,0,1,0,1,0,27,0,0,11,4901977
206972,0,0,0,0,0,15,9,0,0,0,0,1,1,7,1,0,0,0,0,1,25,0,0,11,4883600
202456,0,2,0,0,0,0,0,1,0,0,0,0,0,0,1,6,1,0,0,0,0,7,0,0,4853512
222142,0,6,2,2,11,0,0,0,0,2,34,0,0,0,3,1,1,0,4,0,2,44,0,0,4844214
211804,0,0,0,0,1,11,0,0,0,0,0,2,0,0,0,0,1,0,0,0,16,10,0,10,4827650
215037,0,1,5,0,5,1,0,0,0,0,2,0,0,2,3,0,9,0,6,0,1,38,0,0,4781550
185667,0,0,0,0,0,23,1,0,0,0,0,3,0,2,0,0,0,0,0,0,3,0,0,14,4765192
216539,0,1,2,0,0,14,2,0,0,0,2,0,1,4,2,5,3,0,4,1,3,25,7,11,4760011
193415,0,1,0,0,36,18,1,0,0,0,1,2,2,2,1,2,12,0,0,0,17,0,0,10,4741915
195556,0,0,0,0,0,16,0,0,0,0,0,3,0,0,0,0,0,0,0,0,21,0,0,11,4735160
202380,0,1,0,0,0,0,2,2,0,0,0,1,1,2,4,0,8,0,1,1,0,0,0,0,4708519
207677,0,0,0,0,0,12,2,0,0,0,0,0,0,5,0,0,3,0,1,0,1,7,0,11,4707574
221134,0,0,0,0,0,14,0,0,0,0,3,0,0,0,1,0,1,0,1,0,4,26,0,6,4707128
222001,0,1,0,0,0,14,3,0,0,0,1,0,0,4,3,0,3,0,0,0,14,19,0,11,4700728
221464,0,0,0,0,0,12,0,0,0,0,0,0,0,0,1,0,1,0,1,1,0,16,0,10,4685703
217466,0,0,0,0,0,15,5,0,0,0,3,0,1,5,0,0,2,0,0,1,8,17,0,12,4684989
194556,0,0,0,0,0,29,0,0,0,0,0,6,0,0,0,0,1,0,0,24,19,0,0,15,4680329
211525,0,0,0,0,0,18,0,0,0,0,0,1,0,1,1,0,0,0,0,0,4,6,0,12,4644918
195762,0,0,0,0,3,20,2,0,0,0,0,1,0,0,3,1,0,0,0,0,2,0,0,11,4638030
202958,0,2,0,0,0,0,0,0,0,0,2,1,0,3,5,1,8,0,2,0,34,0,0,0,4633035
207353,0,1,0,0,0,16,0,0,0,1,3,2,1,1,3,1,1,0,0,1,11,8,0,10,4629795
219069,0,0,0,0,0,11,0,0,0,0,0,0,0,0,0,0,1,1,2,0,0,1,0,10,4622884
213341,0,0,3,0,0,12,0,0,0,0,0,0,2,0,0,0,0,0,0,1,10,11,0,9,4593795
205976,0,0,0,0,0,14,0,0,0,0,0,1,0,0,0,0,0,0,0,0,7,0,0,11,4573780
211034,0,3,1,0,0,4,0,0,0,0,1,1,0,0,2,6,3,0,1,0,4,29,0,1,4566465
203668,0,1,0,0,0,8,0,0,0,2,3,1,0,5,0,0,1,0,0,0,12,0,0,7,4558486
219841,0,1,1,0,0,13,10,0,0,1,10,0,0,8,0,0,3,0,2,0,11,41,0,10,4550576
211781,0,1,9,0,0,17,14,0,0,0,0,0,1,14,1,0,4,0,2,0,26,12,0,10,4523490
219212,0,0,4,0,0,1,0,0,0,0,1,0,0,0,1,0,3,0,3,0,5,36,0,0,4495651
207949,0,2,0,0,0,14,1,0,0,1,0,3,0,2,0,0,3,0,3,1,20,46,0,12,4472324
217479,0,4,0,0,2,1,1,0,0,39,14,1,0,1,0,0,23,0,12,2,0,90,0,0,4471601
194853,0,0,0,0,0,3,1,0,0,0,0,0,0,0,0,0,0,0,0,0,7,0,0,1,4440219
205697,0,0,0,0,0,33,0,0,0,47,34,0,0,0,3,2,5,0,3,0,4,0,0,12,4438943
185344,0,0,0,0,0,21,1,0,0,0,0,1,0,0,0,0,0,0,0,0,9,0,0,9,4424946
196599,0,1,0,0,7,0,1,0,0,0,1,2,0,2,0,0,1,0,0,0,51,0,0,0,4404204
218713,0,0,0,0,0,11,0,0,0,0,0,0,0,0,0,0,0,0,0,0,1,8,0,9,4392056
206382,0,0,0,0,0,8,1,0,0,0,0,1,2,1,0,0,1,0,0,3,6,0,0,2,4390770
196579,0,0,0,0,0,25,1,0,0,0,0,3,0,1,1,0,0,0,0,0,16,0,0,13,4386527
184356,0,0,0,0,0,17,4,0,0,0,0,1,1,4,0,0,3,0,1,0,32,0,0,14,4384179
190532,0,0,0,0,0,21,6,0,0,0,0,0,0,6,1,0,3,0,3,0,8,0,0,15,4379944
218695,0,0,0,0,0,22,0,0,0,0,2,0,1,0,0,0,0,0,0,14,0,6,0,10,4375399
214005,0,0,0,1,0,14,6,0,0,1,3,1,0,7,2,1,2,0,0,0,19,19,0,12,4375234
188624,0,2,0,20,43,0,3,0,0,2,3,1,0,12,0,0,0,0,0,0,1,0,0,0,4375183
211019,0,3,0,0,0,21,5,0,0,0,3,0,0,5,2,0,15,2,9,0,0,47,0,5,4374842
214718,0,0,0,0,1,23,0,0,0,7,2,5,1,0,0,0,0,0,0,1,10,29,0,6,4358721
219015,0,0,1,0,0,15,4,0,0,0,2,0,0,4,1,1,1,0,3,0,5,9,0,11,4356013
204991,0,1,0,0,0,15,0,0,0,0,0,1,0,0,0,0,0,0,0,0,1,0,0,10,4352281
200998,0,0,0,0,1,22,2,0,0,0,2,4,0,5,0,0,0,0,0,0,27,0,0,11,4339114
185348,0,0,0,0,0,15,0,0,0,0,0,1,2,1,1,0,0,0,0,1,3,0,0,5,4330793
189400,0,1,0,0,1,15,0,0,0,3,1,2,18,2,0,0,5,0,3,18,34,0,0,14,4330556
194563,0,0,0,0,0,20,1,0,0,0,0,5,0,11,0,0,0,0,0,0,19,0,0,14,4317067
199811,0,0,0,0,0,13,0,0,0,0,0,0,0,0,0,0,0,0,0,0,0,0,0,8,4296616
211601,0,1,0,0,0,10,2,0,0,0,7,0,0,1,1,0,2,0,4,0,2,38,0,10,4286413
210962,0,0,2,0,0,17,2,0,0,0,1,3,0,0,0,0,0,0,0,0,9,0,0,4,4268281
201490,0,5,0,0,0,0,0,0,0,0,10,0,0,0,1,0,6,0,6,0,2,0,0,0,4258710
189613,0,0,0,0,0,16,0,0,0,2,3,0,2,0,2,0,2,0,1,4,0,8,0,13,4252698
202141,0,0,0,0,0,14,4,0,0,0,0,8,2,1,0,0,1,0,1,2,5,0,0,12,4249601
196764,0,2,0,0,0,0,0,0,0,0,0,0,0,0,0,0,0,0,0,0,0,0,0,0,4234528
218831,0,1,2,0,0,3,0,0,0,26,10,1,0,0,2,3,12,3,12,0,6,32,0,3,4233339
216817,0,1,1,0,0,11,3,0,0,0,0,0,3,0,1,1,2,0,0,2,5,15,0,11,4227001
204149,0,0,1,0,0,17,6,0,0,1,2,7,2,5,3,4,4,0,0,1,19,5,0,12,4220327
217899,0,2,1,0,0,20,7,0,0,16,1,1,0,10,1,1,0,0,0,1,19,13,0,15,4219161
187750,0,0,0,0,0,3,1,2,0,42,2,1,0,2,1,0,0,0,0,0,6,14,0,2,4200079
198274,0,0,0,0,0,19,0,0,0,1,0,1,0,0,1,1,1,0,0,0,7,0,0,8,4188728
185416,0,1,0,0,1,0,1,0,0,0,1,0,8,1,0,0,6,0,0,21,0,0,0,0,4180985
185523,0,7,0,0,0,2,1,0,0,2,7,1,13,2,7,6,5,0,4,13,24,0,0,0,4175292
202055,0,0,0,0,2,23,2,0,0,0,0,0,0,2,1,1,0,0,0,0,2,0,0,12,4156677
212389,0,2,3,0,0,0,1,0,0,0,2,0,0,2,6,6,0,0,0,0,4,43,0,0,4156490
199376,0,1,0,0,6,2,0,0,0,1,1,1,0,0,0,0,5,0,2,0,4,0,0,1,4129336
206198,0,0,0,0,0,12,7,0,0,2,1,1,0,4,3,1,0,0,0,0,10,0,0,12,4123692
191678,0,0,0,0,2,19,0,0,0,0,0,0,1,0,1,1,1,0,1,1,0,0,0,12,4121430
183818,0,0,1,0,0,20,0,0,0,2,2,7,0,0,0,0,0,0,0,0,5,0,0,13,4114004
214165,0,0,0,0,0,10,0,0,0,0,1,0,0,0,0,0,1,0,0,0,0,10,0,10,4109272
207827,0,0,0,0,0,20,0,0,0,0,1,1,0,0,2,0,1,0,0,0,1,6,0,10,4107412
193133,0,1,0,0,0,0,19,0,0,0,0,0,0,42,4,0,4,0,4,0,23,0,0,0,4105700
188025,0,2,1,0,0,7,0,0,0,0,5,1,10,2,0,0,0,0,0,13,15,0,0,3,4089074
214256,0,2,1,0,0,1,0,0,0,9,14,1,0,0,0,0,1,0,1,2,3,20,0,1,4082428
213319,0,0,0,0,0,13,6,0,0,0,0,0,0,8,0,0,0,0,0,0,2,4,0,12,4081542
195274,0,0,0,0,0,19,0,0,0,0,0,3,0,0,0,0,0,0,0,0,9,0,0,12,4051436
210768,0,0,2,0,0,11,1,0,0,8,4,2,0,1,1,1,0,0,0,0,8,18,0,10,4031156
211734,0,10,0,0,0,0,2,2,0,1,4,0,0,2,6,12,2,0,1,0,2,49,0,0,4022771
212784,0,2,1,0,0,3,2,0,0,0,3,0,1,0,3,2,7,0,3,0,15,96,0,1,4002180
207711,0,4,0,0,0,2,3,0,0,3,4,0,0,7,1,0,8,0,7,0,0,33,0,0,3987489
208345,0,0,0,0,0,22,4,0,0,0,0,2,0,4,0,0,0,0,0,1,14,6,0,10,3980317
187416,0,4,0,0,1,0,0,0,0,0,5,0,0,0,3,4,8,0,4,0,1,0,0,0,3924580
210076,0,0,0,0,0,0,0,0,0,0,0,0,0,0,1,0,1,0,0,0,0,7,0,0,3918924
217831,0,0,0,0,0,11,8,0,0,1,1,0,0,7,0,0,1,0,1,0,16,12,0,10,3918166
220611,0,0,0,0,0,25,0,0,0,0,0,0,0,0,0,0,0,0,0,0,0,3,0,10,3908356
215815,0,0,3,0,1,0,3,0,0,6,3,1,1,2,0,0,3,0,2,0,6,55,0,0,3895872
204288,0,2,0,5,1,0,0,0,0,49,8,3,1,0,2,21,5,0,8,1,11,0,8,0,3884982
221491,0,1,1,0,0,12,4,0,0,0,6,0,0,5,1,0,2,0,1,0,1,19,0,11,3867805
221382,0,0,0,0,0,8,0,0,0,0,0,2,0,0,0,0,0,0,0,0,9,0,0,4,3861990
191466,0,3,0,0,0,0,0,1,0,0,6,0,0,7,5,5,9,2,4,0,4,0,0,0,3841435
196132,0,0,0,0,0,15,0,0,0,0,5,2,0,0,1,0,2,0,2,0,18,0,0,13,3840087
190432,0,0,0,0,0,16,4,0,0,0,2,1,0,21,0,0,0,0,0,0,15,4,0,10,3835019
214815,0,2,0,0,0,1,1,2,0,2,4,0,1,1,20,15,4,0,4,0,5,45,12,0,3834798
204980,0,0,0,0,2,11,3,0,1,0,3,1,1,5,0,0,8,0,5,1,11,0,0,10,3825163
212331,0,1,0,0,0,23,0,0,2,0,2,0,0,0,0,0,0,0,0,0,0,2,0,8,3816289
222788,0,1,0,0,0,18,0,0,0,0,0,1,0,0,0,0,0,0,0,0,35,7,0,11,3798890
196585,0,0,0,0,4,23,0,0,0,0,0,0,5,0,1,0,0,0,0,6,5,0,0,19,3788745
216772,0,0,0,0,0,12,7,0,0,0,0,0,0,9,0,0,0,0,0,0,5,36,0,11,3760517
208102,0,4,6,0,1,1,0,1,0,2,9,0,1,0,4,3,2,0,0,0,1,88,0,0,3755159
185515,0,0,0,0,0,15,0,0,0,2,2,0,0,1,0,0,0,0,0,0,0,0,0,10,3752263
221397,0,1,1,0,0,12,0,0,0,0,0,0,0,0,0,0,1,0,1,0,6,16,0,10,3747595
208815,0,6,6,0,0,0,1,0,0,0,1,0,0,0,0,0,0,0,0,0,0,40,0,0,3744042
203481,0,1,0,0,1,19,1,0,0,0,0,1,0,2,0,0,1,0,0,1,13,2,0,14,3722624
208156,0,0,0,0,0,18,1,0,0,0,0,1,0,0,0,0,0,0,0,0,10,1,0,11,3718924
214161,0,0,5,0,0,16,2,0,0,0,0,0,5,2,1,0,0,0,0,2,4,34,0,10,3691111
220383,0,0,0,0,1,12,1,0,0,0,0,3,0,1,1,0,0,0,0,0,23,11,0,10,3689244
206046,0,3,0,0,0,0,0,0,0,0,0,0,0,0,0,0,0,0,0,0,0,0,0,0,3688360
194561,0,0,0,0,0,15,3,0,0,3,2,1,0,4,2,0,3,1,6,0,13,0,0,13,3687437
190868,0,0,0,0,1,0,0,0,0,9,9,0,0,0,3,2,5,0,0,0,0,0,0,0,3680256
190233,0,0,0,0,0,0,0,0,0,0,1,2,1,0,0,0,0,0,0,1,51,0,0,0,3674870
190815,0,0,0,0,0,9,4,0,0,0,0,0,0,3,0,0,1,0,0,1,0,0,0,5,3673469
185516,0,0,0,0,0,20,0,0,0,0,0,0,1,0,0,0,0,0,0,1,0,0,0,14,3668767
199403,0,0,0,0,2,18,3,0,0,0,0,7,0,2,0,0,0,0,0,0,17,0,0,13,3659769
213650,0,4,0,0,0,6,0,2,0,2,4,0,0,0,5,7,5,0,4,0,0,59,2,1,3657696
208884,0,0,0,0,0,8,0,0,0,0,0,0,0,0,3,1,0,0,0,1,0,24,0,1,3651519
211003,0,0,0,0,0,14,3,0,0,7,7,13,0,7,1,0,0,0,0,0,28,6,0,12,3645539
186508,0,1,3,0,0,0,1,0,0,5,14,1,0,2,1,1,7,0,9,0,19,9,0,0,3644157
216599,0,0,0,0,0,8,0,0,0,0,5,0,0,0,0,0,4,0,4,0,2,8,0,7,3639337
221856,0,2,4,0,1,0,0,0,0,1,3,0,1,0,1,0,0,0,0,0,4,17,0,0,3631609
201906,0,0,0,0,0,18,3,0,0,0,0,2,0,4,1,1,1,0,0,0,24,0,0,14,3627959
196728,0,1,0,0,0,0,0,0,0,1,6,0,0,0,6,11,0,0,0,0,0,0,0,0,3616092
210367,0,1,3,0,0,10,7,0,0,3,5,1,1,8,1,0,9,0,3,1,25,21,0,9,3604255
184353,0,0,0,0,1,14,0,0,0,0,0,1,0,0,0,0,1,0,0,0,6,0,0,12,3587662
194979,0,0,0,0,0,14,2,1,0,2,0,1,0,2,2,18,0,0,0,0,19,0,18,11,3582561
211384,0,3,1,0,0,0,3,0,0,0,0,0,0,3,0,0,10,0,6,0,14,56,0,0,3576431
212153,0,0,0,0,0,14,0,0,0,0,1,1,1,0,0,0,1,0,0,1,9,13,0,11,3572210
200286,0,0,0,0,3,1,7,1,0,1,1,1,0,18,1,2,1,0,0,2,10,0,0,1,3569788
221278,0,6,4,0,0,0,1,0,0,13,4,0,0,1,3,8,3,0,1,0,2,25,3,0,3561202
198564,0,0,0,0,0,10,6,0,0,0,0,0,0,5,5,4,2,0,1,0,18,5,4,3,3560279
194753,0,0,0,0,0,19,1,0,0,0,0,3,0,0,0,0,0,0,0,0,24,0,0,12,3548149
198542,0,12,0,0,0,0,0,0,0,0,0,0,0,0,1,1,3,0,2,0,0,0,0,0,3541396
203487,0,0,0,0,0,17,0,0,0,0,3,5,1,0,1,0,0,0,0,1,13,0,0,14,3539066
185407,0,0,0,0,0,7,0,0,0,0,0,1,0,0,0,0,0,0,0,10,8,0,0,0,3538079
201200,0,0,0,0,0,1,1,0,0,0,2,1,0,2,1,0,4,0,4,0,20,8,0,1,3531880
203067,0,0,0,0,0,0,1,0,0,2,10,0,0,0,4,1,0,0,0,0,0,2,0,0,3531155
195874,0,3,0,0,0,1,2,1,0,4,30,0,0,6,9,2,4,0,2,0,0,0,0,0,3523057
209211,0,0,1,2,0,13,2,0,0,0,0,0,1,5,3,4,1,1,3,1,8,45,0,11,3505670
210769,0,0,0,0,0,0,0,0,0,2,7,23,1,0,1,26,2,0,4,0,7,8,0,0,3504601
206251,0,1,0,0,0,13,0,0,0,0,10,1,0,2,0,0,8,0,0,0,1,0,0,12,3489493
215809,0,3,0,0,0,1,1,0,0,1,46,2,0,1,4,2,3,0,1,0,1,16,0,0,3487991
201055,0,1,0,0,1,4,3,1,0,0,3,1,3,1,3,0,3,0,0,2,14,0,0,0,3482449
216235,0,1,3,0,0,13,1,0,0,0,1,0,0,1,1,1,1,0,0,0,7,5,0,8,3479118
211164,0,0,0,0,0,0,0,0,0,0,6,9,0,0,0,0,0,0,0,0,17,21,0,0,3473773
189027,0,0,0,0,2,10,0,1,0,0,0,1,0,0,2,0,2,0,2,0,2,0,0,4,3467128
214822,0,1,2,0,0,0,0,0,0,0,2,1,1,0,1,2,3,0,2,0,10,20,0,0,3467026
190445,0,0,0,0,0,16,0,0,0,0,2,0,0,1,0,0,2,0,2,0,21,0,0,13,3460292
194541,0,0,0,0,0,14,0,0,0,1,3,1,0,2,0,0,0,0,0,0,20,0,0,10,3459093
216410,0,1,1,6,0,0,1,0,0,0,0,0,0,0,1,0,4,0,0,0,0,81,0,0,3454276
209003,0,2,3,0,0,17,0,0,0,5,3,2,0,0,5,4,7,0,3,0,13,16,1,5,3454144
199890,0,0,5,0,0,6,0,0,0,0,0,0,1,0,2,2,9,6,6,1,12,4,0,2,3453691
190679,0,0,0,0,1,15,0,0,0,0,0,1,0,0,1,0,3,0,2,0,24,0,0,8,3451572
185512,0,1,0,0,1,15,3,0,0,0,3,1,2,3,2,2,6,0,4,2,11,0,0,11,3446982
216672,0,1,1,0,0,1,1,0,0,1,26,0,0,0,2,3,5,3,6,0,0,42,0,0,3443815
201224,0,2,0,0,0,1,0,0,0,1,3,0,0,0,3,0,0,0,0,0,25,0,0,0,3407979
189648,0,0,0,0,0,6,0,0,0,0,2,0,0,0,1,0,4,0,1,0,24,0,0,2,3405072
201710,0,5,0,0,0,0,0,0,0,1,11,0,0,0,4,8,2,0,4,0,11,0,0,0,3400810
216822,0,0,0,0,0,14,1,0,0,0,4,0,1,0,7,3,3,0,1,0,0,18,0,10,3397020
207591,0,3,0,0,0,0,1,0,0,0,0,0,0,0,2,0,1,0,1,0,1,2,0,0,3394994
189943,0,0,0,0,0,7,1,0,0,0,2,2,1,1,0,0,6,0,0,4,9,0,0,2,3393742
211894,0,0,0,0,0,8,0,0,0,0,0,0,1,1,0,0,2,0,2,0,8,15,0,7,3393500
204568,0,0,0,0,0,15,0,0,0,1,1,1,0,0,1,0,1,0,0,0,13,0,0,12,3391629
212688,0,3,2,0,0,0,3,0,0,0,1,0,0,12,4,5,2,0,1,0,0,27,0,0,3390448
195248,0,0,0,0,0,24,1,0,0,0,0,3,0,5,0,0,3,0,6,0,18,3,0,19,3386250
196545,0,0,0,0,0,1,0,0,0,0,1,1,0,0,0,0,0,0,0,0,23,0,0,1,3381957
219261,0,5,2,0,0,7,0,0,0,0,0,0,1,0,0,0,1,0,0,0,0,76,0,1,3362907
206311,0,1,0,0,0,11,4,0,0,15,8,1,0,3,4,2,5,0,2,0,6,0,0,4,3360979
196531,0,0,0,0,0,14,0,0,0,0,0,1,0,1,1,2,0,0,0,0,12,0,0,14,3358677
207565,0,7,0,0,0,0,0,1,0,0,0,0,0,0,3,2,7,1,3,0,0,0,0,0,3355212
210686,0,3,0,0,0,0,0,0,0,0,4,1,0,0,3,9,8,1,7,0,6,40,1,0,3340522
200595,0,0,0,0,0,0,3,0,0,15,11,1,0,5,4,2,0,0,0,0,4,3,0,0,3329581
206184,0,0,0,0,0,3,5,1,0,2,7,1,1,3,0,0,3,0,2,3,23,2,0,0,3326886
199170,0,0,0,0,0,5,0,0,0,1,2,1,0,0,0,0,6,0,3,0,0,4,0,1,3322049
213210,0,0,0,0,0,11,4,0,0,7,15,2,0,12,0,0,1,0,1,0,4,3,0,9,3321929
203838,0,0,0,0,0,11,0,0,0,0,0,1,0,0,0,0,0,0,0,0,7,0,0,7,3320111
213964,0,0,1,0,0,17,0,0,0,0,2,0,0,0,0,0,0,0,0,0,20,3,0,12,3316922
204987,0,0,0,0,0,14,0,0,0,0,0,6,2,0,1,3,4,0,2,2,26,0,0,12,3312551
214986,0,0,0,0,0,0,0,0,0,0,0,0,0,0,0,0,0,0,0,0,0,1,0,0,3309926
211649,0,0,2,0,0,10,2,0,0,0,1,2,2,4,1,0,0,0,0,1,28,11,0,8,3309873
218271,0,1,0,0,0,11,0,2,0,5,1,0,0,0,4,2,12,0,0,4,1,11,0,5,3305812
194672,0,0,0,0,0,0,0,0,0,12,12,0,0,0,0,0,1,0,1,0,3,11,0,0,3291150
218835,0,1,13,0,0,0,1,0,0,1,6,0,0,0,5,3,1,0,0,0,3,47,0,0,3290076
202552,0,0,0,0,0,0,0,0,0,3,13,0,0,0,0,0,0,0,0,0,0,0,0,0,3289026
204659,0,0,1,0,0,1,0,0,0,0,3,1,7,3,0,0,1,0,0,5,5,47,0,0,3282936
223032,0,0,0,0,0,12,0,0,0,0,0,1,0,0,0,0,8,1,2,0,13,4,0,5,3280923
218931,0,1,0,0,3,0,0,0,0,1,1,0,0,0,0,0,0,0,0,0,0,31,0,0,3259234
190485,0,12,1,0,1,0,0,0,0,0,2,0,0,0,1,1,2,0,1,1,11,10,0,0,3258247
220525,0,0,0,0,0,1,1,0,0,1,16,1,0,2,4,4,13,0,13,0,2,18,0,0,3257101
197637,0,4,0,3,30,0,1,1,0,1,3,0,0,1,1,0,5,0,3,0,1,0,0,0,3255038
205015,0,0,0,0,1,0,0,0,0,15,5,0,0,24,1,0,4,0,4,0,1,26,0,0,3253139
206284,0,1,0,0,0,11,1,0,0,2,7,1,0,0,0,0,0,0,0,0,3,0,0,5,3251118
203179,0,0,0,0,2,11,0,1,0,0,0,1,1,0,0,0,1,0,0,1,14,0,0,6,3250647
185906,0,1,0,0,0,1,0,0,0,0,0,1,0,1,6,21,3,0,1,0,1,0,0,1,3231455
213448,0,0,1,0,0,11,1,0,0,0,0,0,0,1,2,3,1,0,1,0,11,12,0,10,3227579
186129,0,0,0,0,0,18,1,2,0,0,3,0,0,2,0,0,5,0,0,0,2,0,0,16,3224705
188622,0,2,0,0,0,14,0,0,0,1,3,1,0,0,1,0,0,0,0,0,10,0,0,6,3222608
214014,0,0,1,0,0,10,5,0,0,1,14,0,1,9,3,3,4,0,3,1,10,17,1,10,3214438
194954,0,0,0,0,0,14,0,0,0,0,0,1,0,3,1,0,0,0,0,0,5,12,0,11,3203795
189785,0,3,0,0,1,3,3,1,0,3,10,1,2,6,4,1,5,0,3,2,5,0,0,1,3194348
194565,0,0,0,0,0,16,0,0,0,0,0,1,0,0,0,0,0,0,0,0,15,2,0,10,3179272
192766,0,2,0,0,0,3,1,1,0,1,2,0,0,2,7,5,6,0,5,0,4,0,0,0,3177108
202272,0,9,0,1,2,2,2,1,0,45,15,0,0,3,3,4,12,0,14,1,0,0,4,0,3171068
209247,0,0,4,0,0,17,0,0,0,0,0,1,2,0,0,0,0,0,0,2,6,8,0,10,3167894
205384,0,0,0,0,0,0,0,0,0,0,1,1,2,0,0,0,1,0,0,2,19,0,0,0,3161261
213555,0,0,0,0,0,16,3,0,0,0,0,0,0,5,0,0,0,0,0,0,0,30,0,11,3145077
203144,0,4,0,0,0,0,1,0,0,7,7,1,0,0,0,0,7,0,2,0,5,0,0,0,3142331
204968,0,0,0,0,0,0,0,0,0,0,0,0,14,0,0,0,0,0,0,9,5,0,0,0,3133615
206723,0,0,0,0,0,9,0,0,0,0,0,0,2,0,0,0,2,0,1,1,22,3,0,7,3129717
222578,0,3,0,0,0,7,0,0,0,2,3,0,0,0,1,0,3,0,3,0,5,32,0,4,3126315
203246,0,3,0,0,0,0,0,0,0,0,1,0,0,0,0,0,1,0,0,0,0,3,0,0,3115933
185636,0,0,0,0,0,0,0,0,0,0,0,0,5,0,0,0,0,0,0,7,0,0,0,0,3107479
193430,0,0,0,0,0,17,1,0,0,0,0,1,0,1,0,0,0,0,0,0,4,0,0,14,3091502
210014,0,3,6,1,0,0,0,0,0,0,7,0,0,0,0,0,3,5,6,0,1,32,0,0,3089136
206125,0,0,0,0,0,14,0,0,0,0,0,2,0,0,0,0,0,0,0,0,13,0,0,11,3087564
197020,0,0,0,0,0,9,0,0,0,0,0,0,0,0,0,0,0,0,0,0,8,5,0,0,3086971
219038,0,1,0,0,0,16,12,0,0,0,0,0,0,13,0,0,0,0,0,0,4,12,0,9,3072742
217693,0,0,0,0,0,13,0,0,0,1,0,0,0,1,3,4,1,0,1,0,0,36,0,9,3071008
187482,0,0,0,0,0,3,0,0,0,0,0,0,1,0,0,0,0,0,0,0,0,0,0,2,3069863
189111,0,0,0,0,0,10,0,0,0,0,0,0,0,0,1,1,2,0,2,0,0,0,0,9,3067332
216700,0,0,0,0,1,12,1,0,0,1,1,0,1,0,0,0,0,0,0,7,6,7,0,7,3040880
213637,0,1,0,0,0,0,0,3,0,0,1,0,0,2,7,7,1,0,0,0,4,37,1,0,3039789
219866,0,0,0,0,0,0,0,0,0,3,10,0,0,0,1,0,0,0,0,0,20,3,0,0,3031994
211063,0,0,0,0,0,0,0,1,0,0,3,0,0,0,2,0,3,0,5,1,6,28,0,0,3031327
196859,0,0,0,0,0,2,0,0,0,0,0,4,2,0,0,0,0,0,0,2,38,0,0,1,3024957
203463,0,1,0,0,1,0,2,0,0,3,4,0,0,0,1,0,2,0,3,0,9,0,0,0,3024233
206699,0,1,0,0,0,18,8,0,0,0,0,1,0,12,1,0,0,0,0,0,10,0,0,16,3020228
214572,0,0,0,0,0,0,0,0,0,11,10,1,0,0,0,0,2,0,1,0,2,24,0,0,3015775
210784,0,3,0,0,0,4,0,0,0,24,8,1,0,0,3,7,4,0,2,0,11,23,1,2,3015009
208340,0,2,1,0,0,14,1,0,0,0,0,10,0,1,1,1,2,0,0,0,24,8,0,10,3011638
215785,0,3,4,3,2,0,0,0,0,0,3,0,0,0,1,1,1,0,0,0,3,35,0,0,3010627
193936,0,0,0,0,0,10,0,0,0,0,0,1,0,0,0,0,0,0,0,0,13,0,0,9,3010089
198912,0,1,0,0,2,12,0,0,0,0,0,8,0,0,0,0,0,0,0,0,14,0,0,7,3007516
198699,0,0,0,0,0,7,1,0,0,0,3,0,0,0,3,1,0,0,0,0,0,0,0,0,3007450
211743,0,0,14,0,5,0,0,0,0,0,0,0,1,0,0,0,0,0,0,0,0,1,0,0,2987538
193603,0,0,0,0,0,19,2,0,0,0,0,1,0,2,0,0,0,0,0,0,8,0,0,6,2986112
217419,0,1,0,0,0,0,0,0,0,3,1,0,0,0,2,10,4,1,5,0,4,17,0,0,2977482
204986,0,1,0,0,0,13,21,1,0,0,0,1,0,22,5,7,0,0,0,0,3,0,0,13,2974987
183951,0,0,0,0,0,14,0,0,0,0,0,1,0,0,0,0,0,0,0,0,5,0,0,12,2951248
191535,0,1,0,0,0,8,8,1,0,0,0,0,0,7,4,6,2,0,1,0,1,0,0,2,2949813
207296,0,0,0,0,0,14,0,0,0,0,1,0,0,4,0,0,1,0,0,0,3,0,0,8,2943902
200780,0,3,0,0,1,7,0,0,0,2,2,1,1,0,3,0,2,0,1,0,8,0,0,2,2940503
214053,0,0,1,0,0,0,0,0,0,0,0,1,1,0,0,0,0,0,0,4,29,0,0,0,2933064
213374,0,2,1,0,0,0,0,1,0,2,6,0,0,0,5,5,2,0,1,0,0,28,1,0,2927932
196134,0,0,0,0,0,3,1,0,0,0,0,6,1,0,0,0,2,0,1,1,52,0,0,2,2925012
215675,0,0,0,0,0,0,0,4,0,0,5,0,0,0,6,3,0,0,0,0,0,13,0,0,2923456
187080,0,4,0,2,8,0,0,0,0,0,0,0,0,3,0,0,3,0,1,0,3,0,0,0,2921167
211135,0,0,0,0,0,14,4,0,0,1,3,0,0,9,0,0,0,0,0,0,1,2,0,11,2916674
210994,0,0,0,0,0,22,0,0,0,0,2,0,0,0,3,4,2,0,3,0,0,44,1,2,2907129
208350,0,1,1,0,0,12,2,0,0,0,0,1,1,1,1,0,0,0,0,0,10,18,0,8,2898679
216169,0,2,2,0,0,0,0,0,0,16,5,2,0,0,4,2,5,0,0,0,38,31,0,0,2896072
207825,0,0,0,0,0,10,0,0,0,0,0,1,0,0,0,0,1,0,0,0,2,9,0,5,2888893
197743,0,1,0,0,2,1,1,0,0,0,0,4,1,2,2,1,3,0,1,1,23,0,0,0,2880911
200822,0,0,0,0,0,0,6,1,0,0,25,0,0,0,1,2,5,2,6,0,0,45,1,0,2878821
184035,0,2,0,0,0,2,3,0,0,0,0,2,4,3,3,1,1,0,1,4,17,0,0,2,2864127
189810,0,1,0,0,6,0,0,0,0,0,0,0,0,0,8,7,2,0,0,0,0,0,0,0,2863952
191003,0,0,0,0,0,11,0,0,0,0,0,0,0,0,0,0,3,0,1,0,5,0,0,10,2863887
220523,0,1,0,0,0,0,0,0,0,2,2,1,0,0,0,0,2,0,4,0,0,5,0,0,2863564
212483,0,3,2,0,0,0,2,0,0,2,3,0,0,0,1,0,8,0,7,0,0,31,0,0,2851856
200765,0,0,0,0,0,0,0,0,0,19,24,1,0,3,5,4,0,0,0,0,3,11,0,0,2850298
206012,0,0,0,0,0,12,2,0,0,0,0,1,1,0,0,0,0,0,0,0,26,0,0,9,2848115
216867,0,0,0,0,0,24,1,0,0,0,0,0,0,0,2,2,1,0,1,0,2,7,0,10,2846177
184527,0,0,0,0,0,24,0,0,0,0,0,0,0,1,0,0,0,0,0,0,0,0,0,19,2841956
208300,0,1,1,0,0,14,2,0,0,0,1,2,0,2,4,4,4,0,0,0,7,19,0,8,2841451
192652,0,2,3,2,2,0,0,0,0,0,2,0,0,0,3,3,8,0,2,0,0,20,0,0,2840545
195216,0,2,0,0,4,0,4,0,0,0,0,0,0,5,1,0,6,0,2,0,1,2,0,0,2837527
184461,0,1,0,0,0,0,0,2,0,0,5,0,0,0,5,12,0,0,0,0,0,0,0,0,2834994
196387,0,0,0,0,0,3,5,0,0,0,0,7,0,1,0,0,3,0,0,0,32,0,0,2,2833405
196554,0,0,0,0,0,17,0,0,0,0,0,3,0,1,0,0,0,0,0,0,8,0,0,13,2829322
221030,0,6,2,0,3,0,0,0,0,1,4,1,0,2,1,0,1,0,0,0,1,42,0,0,2824714
217898,0,5,1,0,0,0,1,0,0,0,12,0,0,1,4,2,6,2,9,0,0,42,0,0,2812366
207457,0,3,0,0,0,0,0,1,0,1,6,0,0,0,3,7,8,1,6,0,1,0,1,0,2811387
185521,0,0,0,0,0,15,1,0,0,0,0,0,0,1,1,0,0,0,0,0,0,0,0,10,2808805
204393,0,0,0,0,0,16,1,2,0,0,1,0,0,0,1,1,2,0,2,0,1,0,4,13,2804563
210300,0,0,4,0,0,3,0,0,0,18,2,0,0,0,2,2,16,0,6,0,0,7,0,1,2793441
212128,0,0,1,0,0,1,0,0,0,0,19,0,2,0,4,1,1,0,0,4,6,27,0,0,2792212
204111,0,3,0,0,0,0,3,1,0,1,2,0,0,3,2,5,6,0,4,0,0,0,8,0,2791726
183886,0,0,0,0,2,0,0,1,0,1,6,0,0,0,2,7,1,0,1,0,0,0,0,0,2790673
193208,0,0,0,0,0,20,0,0,0,0,0,3,0,0,0,0,1,0,1,0,12,0,0,11,2788426
220366,0,0,0,0,0,0,0,0,0,0,0,0,0,0,2,6,3,0,2,0,1,11,0,0,2787164
206928,0,0,0,0,0,0,0,0,0,0,21,2,0,0,3,5,6,0,3,0,23,0,0,0,2782461
184902,0,2,1,0,4,0,0,0,0,0,0,0,0,0,0,0,0,0,0,0,0,36,0,0,2767449
188678,0,11,0,11,6,0,1,3,0,0,0,1,0,1,4,0,0,0,0,0,4,14,0,0,2766441
184248,0,3,0,0,0,1,1,0,0,5,4,1,0,1,5,3,5,0,2,0,8,0,0,1,2759090
211863,0,0,0,0,0,0,0,0,0,0,6,3,0,0,1,10,0,0,0,0,19,3,5,0,2757635
219404,0,0,0,0,0,13,1,0,0,0,0,1,0,0,0,0,0,0,0,0,3,9,0,11,2757455
212803,0,0,0,0,0,4,0,0,0,0,0,0,0,0,1,0,1,0,0,0,0,35,0,4,2749014
214863,0,0,0,0,0,0,0,1,0,0,0,0,3,2,2,0,0,0,0,1,8,14,4,0,2748238
207440,0,0,0,0,0,7,1,0,0,0,1,1,0,0,2,1,5,0,0,0,3,0,0,3,2742438
213423,0,1,0,0,0,11,0,1,0,0,0,0,0,0,1,0,0,0,0,0,0,6,0,10,2742009
209749,0,0,0,0,0,0,0,0,0,0,3,1,0,0,0,0,0,0,0,0,0,5,0,0,2740104
215784,0,6,5,15,27,1,1,0,0,1,7,0,0,1,2,3,1,0,0,0,2,169,5,0,2738022
199962,0,2,0,0,2,0,0,0,0,2,4,0,1,0,2,5,23,0,5,1,0,0,0,0,2737330
213453,0,0,2,0,0,12,11,0,0,1,2,0,0,12,2,0,0,0,0,0,0,9,0,9,2731349
214011,0,0,0,0,0,1,4,0,0,2,14,4,0,2,3,0,0,0,0,0,10,26,0,1,2730582
209124,0,1,2,0,0,12,1,0,0,0,1,0,0,6,0,0,3,1,2,0,9,41,0,10,2713001
187548,0,0,0,0,0,0,0,0,0,0,25,0,0,0,1,0,5,0,4,0,0,6,0,0,2709450
217058,0,0,0,0,0,0,0,0,0,0,0,0,0,1,3,10,3,0,2,0,0,24,0,0,2708904
193836,0,0,0,0,0,0,0,0,0,0,0,0,0,0,0,0,0,0,0,0,0,0,0,0,2708370
190913,0,0,0,0,0,2,0,0,0,0,0,0,1,0,0,0,1,0,0,45,5,0,0,0,2682578
196120,0,0,0,0,0,11,0,0,0,0,0,3,0,0,0,0,0,0,0,0,21,0,0,10,2676741
211664,0,2,2,1,1,1,2,0,0,2,13,1,0,2,1,0,14,1,5,0,9,12,0,1,2671268
216191,0,0,0,0,0,16,0,0,0,0,0,0,0,0,0,0,0,0,0,0,0,7,0,9,2668307
205985,0,0,0,0,0,13,12,0,0,0,0,0,0,14,1,0,0,0,0,1,4,0,0,8,2664927
204178,0,0,0,0,0,0,0,0,0,0,10,0,0,0,0,0,5,0,10,0,0,0,0,0,2663131
198253,0,0,0,2,0,12,1,0,0,0,0,0,0,2,2,0,0,0,0,0,2,0,0,10,2659902
216459,0,0,0,0,0,14,1,0,0,0,0,0,0,1,0,0,0,0,0,0,6,10,0,9,2659621
218235,0,3,1,0,0,0,0,0,0,0,2,1,0,0,2,2,4,0,2,0,0,19,2,0,2649780
215691,0,1,1,0,0,11,1,0,0,0,0,0,1,1,3,1,0,0,0,0,15,20,0,8,2649220
188458,0,1,0,0,0,0,0,1,0,2,9,2,1,0,2,3,11,0,5,0,11,0,5,0,2649213
184792,0,0,0,0,1,9,12,0,0,0,0,0,0,12,2,0,2,0,3,0,0,0,0,3,2648582
216528,0,0,0,0,0,14,0,0,0,0,0,0,0,0,0,0,0,0,0,0,0,6,0,6,2645669
204110,0,0,0,0,0,0,0,3,0,0,1,0,0,0,7,9,0,0,0,0,0,0,1,0,2644439
219076,0,0,0,0,0,24,0,0,0,0,0,0,0,0,0,0,0,0,0,0,1,6,0,11,2642037
223197,0,0,0,0,0,0,0,1,0,2,3,1,1,0,2,8,1,0,0,1,2,17,0,0,2641525
215436,0,0,0,0,0,17,0,0,0,0,0,1,1,0,1,1,0,0,0,1,20,3,0,11,2639882
196118,0,0,0,0,0,14,0,0,0,1,6,4,0,0,0,0,0,0,0,0,40,0,0,10,2639853
196594,0,0,0,0,0,10,0,0,0,1,6,1,0,0,1,0,1,0,1,0,7,1,0,10,2639692
217967,0,0,1,0,0,10,7,0,1,1,2,3,0,7,1,0,4,0,5,0,6,25,0,10,2634699
187474,0,1,0,4,3,0,1,0,0,1,33,0,0,2,1,0,4,0,3,0,0,0,0,0,2629972
210949,0,0,0,0,0,13,0,0,0,0,0,12,1,0,0,0,0,0,0,0,12,1,0,13,2623185
209572,0,0,0,0,0,11,0,0,0,0,0,0,0,0,0,0,0,0,0,0,5,4,0,5,2619763
185875,0,0,0,0,0,0,0,0,0,0,0,0,0,0,0,0,0,0,0,0,0,0,0,0,2619420
213254,0,1,5,2,0,0,0,0,0,0,3,0,0,0,2,1,1,0,0,0,0,27,0,0,2617451
210579,0,0,3,0,0,12,1,0,0,1,4,1,0,2,1,0,1,0,0,0,14,26,0,11,2611466
190733,0,0,0,0,0,13,0,0,0,0,0,0,0,0,0,0,1,0,0,0,0,0,0,10,2609304
196403,0,0,0,0,0,8,0,0,0,0,0,1,0,0,0,0,0,0,0,0,25,0,0,0,2608073
190146,0,0,0,0,4,7,0,0,0,0,2,0,2,1,0,0,0,0,0,10,13,0,0,0,2598941
196130,0,0,0,0,0,14,0,0,0,0,0,1,0,0,0,0,0,0,0,0,11,0,0,11,2595881
202904,0,0,0,0,0,10,0,0,0,0,0,0,0,0,0,0,0,0,0,0,2,2,0,10,2592722
196326,0,1,0,0,0,0,0,0,0,0,0,2,0,0,0,0,0,0,0,0,35,0,0,0,2590806
217368,0,3,1,0,0,2,2,0,0,0,4,0,0,6,3,0,1,0,1,0,1,30,0,0,2589946
210753,0,0,1,0,0,14,12,0,0,0,0,0,0,13,0,0,0,0,0,0,8,34,0,8,2585852
194119,0,0,0,0,0,8,0,0,0,2,9,0,0,0,5,6,4,0,2,0,0,0,0,3,2585237
215912,0,1,0,0,0,8,4,0,0,0,9,1,0,2,0,0,0,0,0,0,6,35,0,7,2580783
211318,0,0,0,0,0,11,0,0,0,0,0,3,0,0,0,0,0,0,0,0,13,7,0,9,2578951
204989,0,1,0,0,0,0,2,0,0,0,1,2,0,1,1,1,6,10,21,0,16,0,0,0,2576657
211300,0,0,1,0,0,0,0,0,0,0,0,0,0,0,0,0,1,0,0,0,1,3,0,0,2575480
204650,0,0,0,0,1,19,0,0,0,0,0,1,0,0,1,0,1,0,0,0,0,0,0,9,2571896
203509,0,1,0,0,0,0,4,0,0,0,0,1,0,7,1,2,4,0,4,1,15,2,0,0,2570334
206966,0,0,0,0,0,13,3,0,0,0,0,0,0,4,0,0,1,0,0,0,6,0,0,12,2567527
213708,0,3,15,0,0,0,2,0,0,11,28,3,0,2,2,5,2,0,1,1,11,44,0,0,2567329
213660,0,1,1,0,0,1,0,0,1,6,0,1,1,0,1,0,0,0,0,0,19,19,0,1,2565515
184857,0,1,0,0,0,0,1,0,0,4,3,0,1,1,3,0,4,0,2,1,0,3,0,0,2558336
190434,0,0,0,0,0,5,0,0,0,0,0,5,0,0,0,0,0,0,0,0,17,0,0,2,2550560
215813,0,0,0,0,0,6,0,0,0,2,10,1,0,0,0,0,0,0,0,0,11,10,0,4,2546175
205555,0,1,0,2,1,0,0,0,0,0,0,0,0,0,2,2,3,0,1,0,0,0,0,0,2545676
205615,0,0,0,0,0,1,0,0,0,0,0,0,0,0,2,2,6,0,6,0,0,8,3,0,2544521
189651,0,0,0,0,0,2,0,0,0,0,1,1,0,0,0,0,0,0,0,0,19,0,0,1,2542423
210459,0,0,0,0,0,12,0,0,0,2,3,1,0,0,0,0,4,0,0,0,6,25,0,9,2538828
192191,0,0,0,0,0,0,0,0,0,2,55,0,0,0,1,0,6,0,10,0,0,0,0,0,2538096
205345,0,1,0,0,1,12,0,0,0,0,0,5,1,3,0,0,0,0,0,0,8,0,0,9,2536523
193223,0,0,0,0,0,7,0,0,0,0,1,1,0,0,1,1,0,0,0,0,7,0,0,6,2533814
217998,0,2,1,0,0,8,0,0,0,0,0,0,0,0,1,1,0,0,0,0,1,11,0,6,2532238
218046,0,1,0,0,0,7,0,0,0,0,2,0,0,0,2,0,7,0,1,0,0,22,0,1,2531302
216298,0,6,0,0,0,0,0,0,0,1,8,0,0,0,4,2,0,0,0,0,2,25,0,0,2525476
212214,0,0,0,0,0,1,0,0,0,0,3,1,0,0,2,0,0,0,0,0,0,13,0,0,2525332
207663,0,0,0,0,0,13,0,0,0,0,0,2,1,0,2,2,0,0,0,1,15,0,0,12,2523680
208196,0,6,0,3,0,0,0,0,0,0,10,1,0,0,1,0,6,0,6,0,0,107,0,0,2521987
196722,0,0,0,0,1,0,0,0,0,0,4,0,0,0,3,1,3,0,1,0,4,0,0,0,2520529
201049,0,0,0,0,0,0,0,0,0,1,5,0,0,0,1,0,3,0,3,0,6,0,0,0,2518213
218202,0,0,1,0,0,0,0,0,0,5,10,0,0,0,0,0,5,0,6,0,3,23,0,0,2512817
222291,0,0,4,0,0,1,1,0,0,0,3,0,1,0,1,0,0,0,0,1,11,7,0,0,2510295
214008,0,0,1,0,0,19,0,0,0,0,2,0,0,2,0,0,1,0,2,0,0,9,0,11,2509084
221995,0,5,6,3,2,0,0,0,1,2,32,0,0,0,0,0,0,0,0,0,0,19,0,0,2502952
194636,0,0,0,0,0,0,0,0,0,0,0,0,0,0,0,0,0,0,0,0,0,0,0,0,2502529
213669,0,8,0,0,0,0,2,0,0,0,7,0,0,0,7,24,6,0,3,0,0,29,0,0,2502403
221472,0,1,3,0,0,11,2,0,0,0,0,0,0,0,1,1,0,0,0,0,0,10,0,11,2501480
193877,0,0,0,0,0,0,3,0,0,3,2,0,1,0,1,0,6,0,4,0,3,0,0,0,2498781
217843,0,0,2,0,0,2,0,0,0,0,0,0,0,0,0,0,5,0,2,0,6,7,0,2,2497671
201035,0,0,0,0,2,0,0,0,0,0,1,2,0,1,1,0,2,0,1,0,12,5,0,0,2497427
203303,0,0,0,0,0,4,0,0,0,0,0,1,0,0,1,0,0,0,0,0,3,0,0,1,2494631
199605,0,0,0,0,0,4,0,0,0,0,0,5,0,0,0,0,0,0,0,0,24,0,0,2,2494320
209166,0,1,0,0,0,5,0,0,0,0,0,3,0,0,0,0,0,0,0,0,30,8,0,5,2492176
220164,0,0,1,0,0,0,3,0,0,0,2,0,0,6,1,1,1,0,5,0,15,41,0,0,2480544
188511,0,0,0,0,0,16,0,0,0,0,0,0,4,0,0,0,0,0,0,6,0,0,0,10,2474914
185514,0,0,0,0,0,12,0,0,0,0,1,0,1,0,0,0,0,0,0,1,1,0,0,9,2473850
212609,0,0,0,0,0,0,0,0,0,3,12,0,0,0,1,0,9,0,0,0,4,46,0,0,2473092
184032,0,0,0,0,0,14,2,0,0,0,0,1,0,3,0,0,1,0,0,0,10,0,0,8,2472703
193390,0,0,0,0,0,0,0,0,0,0,6,1,0,0,2,1,1,0,1,0,10,0,0,0,2464523
218159,0,0,2,0,0,12,0,0,0,0,0,0,0,0,2,1,2,0,2,0,1,11,0,9,2463085
204322,0,0,0,0,2,19,0,0,0,0,6,2,0,1,0,0,1,0,6,0,2,0,0,0,2457613
220043,0,0,0,0,0,13,1,0,0,0,4,0,0,2,3,1,1,0,1,0,1,23,0,10,2456354
223193,0,0,0,0,0,8,0,0,0,0,0,0,0,0,0,0,0,0,0,0,2,14,0,6,2451509
201590,0,1,0,0,0,15,0,0,0,0,4,2,0,0,0,0,2,1,1,0,5,1,0,12,2448518
211978,0,0,0,0,0,12,1,0,0,0,0,0,0,2,1,0,0,0,0,0,0,2,0,10,2448286
196578,0,0,0,0,0,3,0,0,0,0,0,1,0,0,0,0,0,0,0,0,2,0,0,0,2446733
188193,0,0,0,0,0,13,0,0,0,0,0,1,0,1,0,0,0,0,0,0,15,0,0,10,2445398
207829,0,0,0,0,0,8,2,0,0,2,5,1,0,2,1,0,2,0,1,0,0,10,0,3,2442822
222630,0,0,0,0,0,15,0,0,0,0,0,0,0,0,0,0,6,0,3,0,8,26,0,9,2437004
207637,0,0,0,0,0,19,0,0,0,0,0,1,0,0,0,0,0,0,0,0,3,4,0,9,2435829
193082,0,6,0,0,0,0,4,1,0,1,10,0,0,1,3,1,0,0,0,0,0,0,0,0,2434670
210057,0,0,1,0,0,12,0,0,0,0,0,2,7,0,0,0,0,0,0,6,28,9,0,11,2426315
202369,0,9,0,0,0,0,0,3,0,0,0,0,0,0,4,7,2,0,1,0,0,0,0,0,2424268
202411,0,5,0,0,0,0,0,0,0,1,3,0,0,0,1,0,0,0,0,0,0,0,0,0,2420440
188989,0,0,0,0,0,0,1,0,0,0,7,1,0,0,1,1,4,0,6,0,7,0,0,0,2418372
196537,0,0,0,0,0,16,0,0,0,0,0,1,1,0,0,0,0,0,0,0,13,0,0,11,2418172
197970,0,0,0,0,0,0,3,0,0,0,3,1,0,1,1,0,9,0,4,0,12,4,0,0,2417283
214792,0,0,2,0,0,0,0,0,0,2,11,0,0,1,1,0,4,0,4,0,0,13,0,0,2411065
200676,0,0,0,0,0,15,3,0,0,0,0,1,1,3,0,0,0,0,0,0,5,0,0,12,2410749
185600,0,1,0,2,2,0,0,0,0,0,5,0,0,0,2,13,0,0,0,0,0,0,0,0,2396471
207156,0,0,0,0,0,0,0,0,0,0,0,0,1,0,0,0,9,1,1,1,0,0,0,0,2394639
218502,0,1,0,0,0,0,0,0,0,16,5,1,0,0,0,0,1,0,1,0,1,16,0,0,2390275
197514,0,0,0,0,0,1,0,0,0,0,0,0,0,0,1,13,1,0,3,0,1,0,3,0,2386476
215046,0,0,1,0,0,0,0,0,0,0,8,0,0,0,1,0,3,0,5,0,4,37,0,0,2385121
195963,0,0,0,0,0,0,0,1,0,2,42,0,0,0,7,2,0,0,0,0,0,0,0,0,2384403
192830,0,0,0,0,0,1,0,0,0,2,1,1,0,2,2,0,2,0,2,0,3,0,0,1,2373370
197956,0,2,0,0,0,3,1,0,0,7,9,2,0,0,3,4,2,0,0,0,12,0,0,0,2373192
215882,0,1,3,3,0,0,0,0,0,0,10,1,0,0,3,5,4,0,2,0,2,28,0,0,2371225
204004,0,0,0,0,0,2,0,1,0,0,6,0,0,0,1,0,12,0,10,0,1,0,0,0,2370234
186053,0,0,0,0,3,0,0,0,0,0,0,0,12,0,0,0,1,0,0,13,32,0,0,0,2368740
191009,0,3,0,0,0,0,0,1,0,2,5,0,0,1,4,1,2,0,1,0,1,0,0,0,2365703
205082,0,1,0,0,0,12,0,0,0,0,0,1,0,0,0,0,0,0,0,0,7,0,0,4,2362747
198365,0,2,0,0,0,0,0,0,0,1,10,1,0,0,1,12,6,0,1,0,8,0,0,0,2361225
221259,0,0,4,0,0,0,0,0,0,0,1,0,0,0,1,4,0,0,0,0,2,20,0,0,2358857
201506,0,1,0,0,0,12,0,0,0,0,2,0,0,0,1,0,0,0,0,0,8,0,0,4,2353560
198251,0,1,0,0,0,0,0,0,0,1,5,0,1,0,3,5,12,0,9,3,0,0,0,0,2352367
208111,0,1,0,0,0,0,0,1,0,0,6,0,0,0,2,0,0,0,0,0,0,22,0,0,2352231
213605,0,0,0,0,0,9,2,0,0,0,0,0,0,2,1,0,2,0,0,0,0,7,0,4,2348473
222693,0,1,0,0,0,0,0,1,0,1,5,1,0,0,2,0,12,0,4,0,5,41,0,0,2341907
215056,0,8,4,0,0,0,0,0,0,0,2,0,7,1,3,1,3,0,1,6,13,13,0,0,2341651
196606,0,0,0,0,0,0,4,0,0,0,26,0,0,2,0,0,2,0,0,0,0,0,0,0,2339839
204909,0,0,0,0,0,21,0,0,0,0,0,0,0,0,0,0,0,0,0,1,0,0,0,4,2333230
206876,0,5,2,0,0,1,3,1,0,1,6,0,0,2,2,2,7,0,1,0,2,16,1,0,2331319
216138,0,1,1,0,1,1,0,1,0,0,2,1,0,0,1,1,3,0,1,0,0,29,1,1,2323337
189511,0,3,0,0,0,0,0,0,0,0,5,0,0,0,2,6,6,0,9,0,0,0,5,0,2322271
194371,0,0,0,2,0,0,0,0,0,0,1,4,4,0,2,0,5,0,0,10,12,0,0,0,2319155
190228,0,0,0,0,0,7,7,0,0,0,0,2,1,7,0,0,4,0,0,1,20,0,2,1,2316406
197449,0,3,0,0,0,0,0,0,0,0,0,0,0,0,2,1,0,0,0,0,0,0,0,0,2315752
223200,0,1,5,0,2,0,0,0,0,2,2,1,0,0,1,1,0,0,0,0,2,19,0,0,2315025
188480,0,0,0,0,0,12,0,0,0,0,0,0,6,0,0,0,0,0,0,24,1,0,0,8,2314564
190977,0,1,0,1,2,1,0,0,0,3,4,0,0,0,1,1,2,0,2,0,0,0,0,0,2314158
197385,0,4,0,0,8,0,0,0,0,4,4,0,0,1,0,0,3,0,1,0,0,0,0,0,2311669
213481,0,1,0,0,0,10,0,0,0,0,0,1,0,1,1,0,0,0,0,0,2,9,0,8,2311401
191406,0,0,0,0,0,0,3,0,0,0,0,0,0,8,2,8,4,0,2,0,7,0,3,0,2310785
213859,0,2,3,0,1,0,0,0,0,0,4,0,0,0,1,0,15,0,3,0,0,41,0,0,2307800
217881,0,1,0,0,0,11,0,0,0,0,0,0,0,0,1,0,0,0,0,0,4,5,0,7,2307308
207190,0,2,0,0,0,0,0,0,1,0,7,0,1,0,1,0,4,0,4,0,6,2,0,0,2304621
221071,0,3,0,3,0,0,0,0,0,2,10,0,0,0,0,0,3,0,1,0,0,76,0,0,2301630
188523,0,0,0,0,0,10,4,0,0,0,3,0,1,2,0,0,2,0,1,0,1,0,0,4,2300967
196415,0,1,0,0,1,7,0,0,0,0,0,2,0,1,0,0,0,0,0,0,12,0,0,3,2293463
205802,0,0,0,0,0,8,0,0,0,0,1,1,0,0,1,0,0,0,0,0,7,0,0,5,2290662
196392,0,0,0,0,0,10,0,1,0,0,1,0,0,0,3,0,0,0,0,0,0,0,0,0,2288053
216159,0,0,0,0,0,0,0,0,0,0,0,1,0,0,2,0,3,0,3,0,22,20,0,0,2287447
204988,0,0,0,0,0,13,0,0,0,0,0,1,2,0,1,1,1,0,0,1,2,0,0,12,2287060
199003,0,0,0,0,0,0,1,0,0,1,18,0,0,0,5,2,3,0,2,0,0,5,0,0,2284830
196550,0,0,0,0,0,0,0,0,0,0,0,3,0,0,0,0,0,0,0,1,30,0,0,0,2282963
190254,0,0,0,0,0,2,0,1,0,0,1,3,0,0,0,0,1,0,0,0,19,0,0,0,2282830
210671,0,0,3,0,0,1,0,0,0,4,7,1,1,0,0,0,5,0,1,1,7,14,0,0,2275421
207134,0,0,0,0,0,0,0,0,0,0,0,0,0,0,0,0,3,0,2,0,0,0,0,0,2274552
211545,0,0,3,0,0,0,0,0,0,28,7,1,0,0,2,2,3,0,3,0,9,4,2,0,2272859
189176,0,0,0,0,0,11,0,0,0,0,1,2,0,0,0,0,0,0,0,0,1,0,0,2,2265948
220797,0,4,0,0,0,0,0,0,0,0,0,1,3,0,0,0,6,0,0,2,9,31,0,0,2263733
211299,0,0,0,0,0,0,0,0,0,0,0,0,1,0,1,0,5,0,0,0,0,12,0,0,2261280
211911,0,3,2,0,0,0,0,0,0,3,21,0,0,6,1,0,28,0,16,0,0,68,0,0,2260260
207753,0,2,0,0,0,0,0,0,0,0,5,0,0,1,1,0,3,0,2,0,0,9,0,0,2259078
205202,0,0,0,0,5,0,0,1,0,0,6,1,0,0,1,2,2,0,0,0,0,3,0,0,2247511
201177,0,7,0,0,0,0,0,0,0,2,31,0,0,0,1,0,12,0,10,0,0,0,0,0,2244779
186598,0,1,0,0,0,0,2,2,0,5,8,0,0,2,2,0,2,2,3,0,0,0,0,0,2243637
191004,0,4,0,0,0,0,0,0,0,18,17,0,0,0,1,1,1,0,0,0,2,0,0,0,2243572
193215,0,0,0,0,0,0,0,0,0,0,0,0,0,0,0,0,0,0,0,0,6,0,0,0,2242536
196471,0,0,0,0,0,12,0,0,0,0,0,2,0,0,0,0,0,0,0,0,9,0,0,4,2242064
204731,0,1,0,0,0,0,0,0,0,1,4,1,0,0,1,0,5,0,4,0,34,0,0,0,2240749
190249,0,0,0,0,4,1,1,0,0,0,0,2,1,0,0,0,0,0,0,1,12,0,0,0,2237992
210719,0,0,1,0,0,1,0,1,0,14,2,0,0,0,1,1,13,0,11,0,0,31,5,0,2236168
185520,0,0,0,0,0,0,0,0,0,0,2,0,1,0,0,0,2,0,3,3,6,0,0,0,2233828
218348,0,1,0,0,0,2,0,0,0,0,0,0,0,0,2,1,0,0,0,0,0,25,0,0,2229787
213569,0,0,0,0,0,0,0,0,0,0,10,0,0,0,3,4,0,0,0,0,0,8,0,0,2223050
211162,0,2,0,0,0,0,0,0,2,0,1,0,0,0,0,0,0,0,0,0,0,11,0,0,2219914
210777,0,0,0,0,0,0,1,0,0,2,13,0,0,2,1,0,3,0,1,0,0,29,0,0,2219517
210597,0,0,0,0,0,10,0,0,0,0,0,5,0,0,0,0,0,0,0,0,22,6,0,9,2218561
201875,0,0,0,0,0,0,0,0,0,0,0,0,0,0,1,0,0,0,0,0,0,0,0,0,2217338
212780,0,3,1,0,0,1,0,2,0,1,9,0,0,0,1,0,6,0,5,0,0,57,0,1,2216254
211540,0,0,1,0,0,13,2,0,0,0,1,0,0,1,0,0,1,0,0,1,2,14,0,5,2216178
202970,0,8,2,0,0,0,1,0,0,0,4,0,0,0,2,1,3,0,2,0,0,35,0,0,2215560
215900,0,0,0,0,0,0,0,0,0,0,0,0,0,0,3,2,0,0,0,0,0,17,0,0,2206440
202011,0,0,0,0,0,0,0,0,0,0,0,0,0,0,1,1,0,0,0,0,1,0,0,0,2204753
209931,0,0,2,0,0,0,1,0,0,1,3,0,0,1,1,0,8,1,5,0,2,14,0,0,2202332
219053,0,1,0,0,0,0,0,1,0,0,4,0,0,0,3,3,1,0,0,1,0,17,0,0,2197467
203779,0,0,0,0,0,0,1,0,0,0,0,0,0,1,0,0,0,0,0,0,0,0,0,0,2191585
217962,0,0,0,0,0,16,1,0,0,0,0,1,0,0,0,0,0,0,0,0,16,14,0,9,2191082
198190,0,0,0,0,1,0,0,0,0,0,0,0,0,0,0,0,5,0,2,0,0,0,0,0,2186471
207815,0,1,0,0,0,11,0,0,0,0,0,0,0,0,0,0,0,0,0,0,1,7,0,4,2186287
222064,0,1,0,0,0,2,0,0,0,0,0,1,0,0,0,0,0,0,0,0,0,19,0,1,2183133
217338,0,0,2,0,0,11,0,0,0,0,0,0,0,0,0,0,0,0,0,0,2,13,0,10,2176942
201874,0,0,0,0,0,0,0,0,0,2,19,0,0,0,1,0,13,0,5,0,1,2,0,0,2176502
184531,0,0,0,0,5,0,0,0,0,0,2,0,0,0,0,0,3,0,1,0,1,0,0,0,2176084
209981,0,3,5,0,0,0,0,0,0,0,0,1,0,0,1,0,2,0,1,0,1,10,0,0,2173767
193224,0,1,0,0,0,0,0,0,0,0,4,0,0,0,1,4,0,0,0,1,0,0,0,0,2173284
189599,0,0,0,0,0,0,1,1,0,0,0,1,0,1,1,2,0,0,0,0,2,0,3,0,2172915
220872,0,1,7,0,2,0,0,0,0,8,19,0,0,0,1,0,0,0,0,1,0,19,0,0,2171193
200312,0,4,1,19,46,1,4,0,0,0,6,0,0,4,3,0,1,0,0,0,1,10,0,0,2171168
207441,0,1,0,0,0,1,1,0,0,0,10,0,0,4,2,2,10,0,4,0,24,2,0,0,2170767
199939,0,0,0,0,0,0,0,0,0,2,5,0,0,0,0,0,0,0,0,0,0,0,0,0,2166256
191702,0,0,0,0,7,0,0,0,0,0,0,0,0,0,0,0,0,0,0,0,0,1,0,0,2165663
212538,0,0,0,0,0,14,0,0,0,0,0,0,0,0,1,1,0,0,0,0,0,5,0,10,2164189
194955,0,3,0,0,0,0,0,0,0,0,1,8,0,0,2,0,2,0,0,0,6,3,0,0,2162395
205656,0,2,3,0,1,0,0,0,0,1,3,1,0,0,1,1,4,0,2,1,0,25,0,0,2157213
197767,0,0,0,0,0,5,0,0,0,0,0,2,0,0,2,2,4,0,1,0,2,0,0,2,2156135
188992,0,2,0,0,0,1,1,0,0,0,1,3,0,1,0,0,2,0,0,0,28,6,0,1,2154168
190262,0,0,0,0,0,2,3,0,0,0,0,1,1,4,0,0,0,0,0,1,9,0,0,1,2148384
196612,0,1,0,0,0,0,0,0,0,0,0,0,0,0,1,0,6,0,2,0,0,0,0,0,2148166
212066,0,0,1,0,0,12,0,0,0,0,1,0,0,0,2,1,0,0,0,0,3,11,0,9,2147421
222613,0,0,0,0,0,2,0,0,0,0,0,2,0,0,0,0,1,0,0,0,10,11,0,2,2142906
185351,0,0,0,0,0,2,0,0,0,0,0,1,0,0,0,0,0,0,0,0,9,0,0,2,2136465
197635,0,1,0,3,3,0,0,1,0,1,7,0,0,0,8,16,2,0,1,0,0,0,0,0,2134956
215274,0,1,1,0,0,0,0,0,0,0,2,0,0,0,0,0,5,0,2,0,0,20,4,0,2134428
185842,0,0,0,0,0,2,0,0,0,0,0,1,1,0,2,4,3,0,0,1,2,0,0,1,2134153
186913,0,0,0,1,4,0,0,0,0,0,3,0,0,0,1,2,0,0,0,0,0,0,0,0,2128332
194559,0,0,0,0,0,17,1,0,0,0,0,0,0,1,0,0,0,0,0,0,9,0,0,9,2116598
196802,0,1,0,0,0,2,0,0,0,0,0,0,0,0,0,0,0,0,0,0,0,0,0,0,2104207
222896,0,2,1,0,0,0,0,0,0,0,0,1,0,0,0,0,1,0,0,0,15,8,0,0,2101741
206888,0,0,0,0,0,0,0,0,0,0,0,0,0,0,0,0,0,0,0,0,1,0,0,0,2101248
185716,0,0,0,0,0,0,0,0,0,2,2,0,0,0,0,0,0,0,0,0,3,0,0,0,2098036
191034,0,2,0,0,0,0,0,0,0,0,3,3,0,0,0,0,0,0,0,0,27,0,0,0,2097999
223185,0,0,0,0,0,0,0,0,0,0,0,0,0,0,16,10,0,0,0,0,1,1,0,0,2097927
207851,0,3,2,0,0,0,0,0,0,0,0,0,0,0,0,0,0,0,0,2,0,33,0,0,2096780
213942,0,0,0,0,0,18,0,0,0,6,2,0,0,0,1,1,1,0,0,0,0,23,0,11,2096399
206300,0,6,0,0,0,0,0,1,0,0,2,1,0,0,0,0,2,0,0,0,7,0,0,0,2094509
187613,0,0,0,0,0,2,0,0,0,0,0,0,0,0,4,5,0,0,0,0,1,0,0,0,2093947
190029,0,0,0,0,0,1,1,0,0,0,0,2,0,0,1,1,0,0,0,0,28,0,0,0,2089791
206417,0,0,0,0,0,0,0,0,0,2,2,0,0,0,3,2,3,0,3,0,7,0,0,0,2089147
214116,0,0,0,0,0,1,0,0,0,0,0,1,0,0,3,1,2,0,3,0,3,7,0,1,2085352
188986,0,0,0,0,0,0,0,0,0,0,1,3,0,0,1,1,0,0,0,0,6,0,0,0,2084889
188044,0,2,0,0,0,1,0,0,0,0,1,5,0,0,2,0,0,0,0,0,3,0,0,0,2084762
204115,0,0,0,0,0,13,0,0,0,0,0,1,0,0,0,0,0,0,0,0,6,0,0,11,2084014
185562,0,3,0,0,1,0,1,0,0,0,0,0,0,1,1,0,0,0,0,0,0,0,0,0,2079756
190261,0,0,0,0,0,1,3,0,0,0,1,1,1,0,0,0,0,0,0,1,19,0,0,1,2077847
206574,0,1,4,0,0,0,0,0,0,0,2,0,1,0,1,1,6,4,6,0,0,19,0,0,2074731
196557,0,0,0,0,0,1,0,0,0,0,9,2,0,0,0,0,10,0,6,0,12,0,0,1,2072542
205724,0,1,0,0,0,19,1,0,0,0,0,7,0,1,0,0,0,0,0,0,17,0,0,12,2072167
218588,0,0,0,0,0,0,0,2,0,0,9,1,0,0,3,1,4,0,5,0,0,32,0,0,2065571
203583,0,0,0,0,0,0,0,0,0,0,0,3,0,0,1,0,1,0,0,0,24,0,0,0,2064434
204673,0,0,0,0,0,0,0,0,0,0,0,0,4,0,0,0,3,0,0,2,4,2,0,0,2061350
204581,0,0,0,3,0,0,1,0,0,1,2,0,0,0,2,2,0,0,0,0,1,0,0,0,2061115
184322,0,1,0,0,0,0,0,1,0,2,2,0,0,0,1,0,2,0,0,0,1,0,0,0,2057769
216734,0,0,2,0,0,2,0,0,1,0,0,6,0,0,0,0,3,0,1,2,21,11,0,0,2055337
191112,0,0,0,0,0,0,0,0,0,23,32,0,0,0,2,1,7,0,10,0,0,0,0,0,2053350
191526,0,0,0,0,0,0,0,0,0,6,11,0,0,0,2,3,0,0,0,0,0,0,0,0,2053228
195870,0,0,0,0,0,9,0,0,0,0,1,2,0,0,0,0,0,0,0,0,11,0,0,2,2048551
214438,0,0,0,0,0,2,0,0,0,1,1,4,3,0,0,0,0,0,0,7,16,14,0,0,2048338
210633,0,3,7,5,0,0,0,0,0,1,3,1,1,0,2,1,0,0,0,11,4,35,0,0,2047800
218679,0,5,0,0,1,0,0,0,0,0,2,0,0,0,1,0,1,0,0,0,0,34,0,0,2047459
221104,0,2,0,0,0,11,0,0,0,0,0,0,0,0,0,0,0,0,0,0,0,22,0,7,2046574
197121,0,0,0,0,0,2,0,0,0,0,0,2,0,1,0,0,0,0,0,0,38,0,0,0,2046421
209983,0,0,2,0,0,2,0,1,0,1,4,0,0,0,0,0,0,0,0,0,4,4,0,0,2034958
200558,0,0,0,0,0,0,0,0,0,3,8,1,0,0,7,8,6,1,7,0,11,0,0,0,2034144
204635,0,6,0,0,0,1,4,2,0,0,1,0,0,4,3,16,6,0,2,0,1,0,0,0,2031809
210800,0,0,0,0,0,1,3,0,0,1,4,0,0,0,1,2,1,0,1,0,7,15,0,1,2031419
214535,0,0,0,0,0,0,0,0,0,6,0,0,0,0,0,0,5,0,2,0,0,39,0,0,2030288
187642,0,0,0,0,0,0,0,0,0,4,5,2,0,0,1,2,1,0,0,0,13,0,0,0,2027176
210021,0,0,7,1,0,1,0,0,0,0,0,1,0,0,1,0,1,0,1,1,3,45,0,1,2025760
207906,0,0,0,0,0,0,0,0,0,2,14,1,0,0,1,0,3,0,4,0,13,20,0,0,2025680
204026,0,2,0,0,0,0,2,1,0,0,1,0,0,0,2,2,5,0,5,0,3,12,0,0,2025306
196539,0,0,0,0,0,0,0,0,0,0,0,3,0,0,0,0,0,0,0,0,46,0,0,0,2024822
201397,0,6,0,1,0,0,0,0,0,0,0,1,0,0,0,0,0,0,0,0,2,0,0,0,2023514
207603,0,2,0,0,0,1,0,0,0,0,0,1,0,0,0,0,3,0,2,0,6,0,0,0,2023102
198994,0,0,0,0,0,6,0,0,0,0,0,0,0,0,0,0,0,0,0,0,1,0,0,2,2022407
211287,0,0,3,0,0,0,0,0,0,0,0,0,0,0,7,3,2,0,0,0,0,45,1,0,2021821
207431,0,0,0,0,0,0,0,0,0,11,4,1,1,0,1,1,5,0,4,0,1,0,1,0,2018544
190765,0,0,0,0,0,5,0,1,0,1,11,0,0,0,2,1,2,0,1,0,2,0,0,0,2017864
208523,0,0,0,0,0,13,0,0,0,0,0,1,0,0,1,0,0,0,0,0,17,7,0,11,2017859
209298,0,0,3,0,0,7,0,0,0,0,2,1,0,1,2,1,0,0,0,0,7,1,0,4,2016196
215455,0,0,0,0,0,8,1,0,0,0,0,6,1,1,0,0,0,0,0,0,11,5,0,8,2015001
199892,0,0,0,0,0,12,0,0,0,0,0,0,0,0,1,0,0,0,0,0,0,0,0,6,2013126
200798,0,0,0,0,0,0,0,0,0,0,0,0,0,0,0,0,0,0,0,0,1,0,0,0,2012430
218924,0,1,0,0,4,0,0,0,0,0,0,1,0,0,1,0,3,0,3,11,10,39,0,0,2012239
207421,0,1,0,0,0,13,0,0,0,0,0,0,0,0,0,0,0,0,0,0,16,0,0,11,2010816
203208,0,0,0,0,0,0,1,0,0,2,6,0,0,0,2,1,6,0,1,0,0,0,0,0,2010036
221171,0,0,0,0,0,10,0,0,0,0,0,0,0,0,2,4,0,0,0,0,0,13,0,6,2009748
203983,0,0,0,0,0,14,0,0,0,0,0,1,0,0,1,1,0,0,0,0,8,0,0,10,2002833
208258,0,0,2,0,0,0,0,0,0,0,0,0,0,0,0,0,0,0,0,0,2,1,0,0,2000965
203319,0,0,0,0,0,9,0,0,0,0,0,2,0,0,0,0,0,0,0,0,2,0,0,3,1998641
212934,0,0,0,0,0,0,0,0,0,1,4,0,0,0,0,0,3,0,3,0,0,22,0,0,1997055
186104,0,0,0,0,0,9,0,0,0,0,0,0,0,0,0,0,0,0,0,0,0,0,0,2,1996212
199465,0,2,0,0,3,0,1,0,0,4,3,0,0,0,1,1,6,0,3,1,1,0,1,0,1988012
212145,0,0,0,0,0,0,0,0,0,0,0,0,0,0,2,0,3,0,3,0,17,7,0,0,1987288
204733,0,0,0,0,0,0,0,0,0,0,4,0,0,0,0,0,2,0,0,0,2,0,0,0,1985794
208149,0,2,3,0,0,4,0,0,0,0,1,1,0,0,2,4,9,0,6,0,14,27,0,2,1977620
194534,0,0,0,0,0,17,0,0,0,0,0,1,0,1,0,0,0,0,0,0,7,0,0,13,1977279
214619,0,4,0,0,0,0,0,1,0,0,1,0,0,0,1,3,2,0,2,0,0,10,0,0,1977078
214230,0,0,0,0,0,4,1,0,0,0,0,0,0,1,1,1,4,0,2,0,0,2,0,2,1975113
201984,0,1,0,0,5,0,0,0,0,2,5,1,0,0,0,0,1,0,1,0,4,0,0,0,1974030
217887,0,0,0,0,0,12,0,0,0,0,1,0,0,0,0,0,2,0,1,0,0,3,0,11,1970987
214905,0,0,1,0,4,0,0,0,0,2,20,0,0,0,3,4,5,0,1,0,1,14,0,0,1969239
184453,0,0,0,0,0,4,1,0,0,0,2,0,0,1,0,0,0,0,0,1,3,0,0,2,1968077
219982,0,0,1,0,0,3,0,0,0,0,13,0,1,0,4,7,3,0,4,1,1,16,0,1,1966519
218050,0,0,0,0,0,3,0,0,0,1,0,1,0,0,2,3,2,0,3,0,12,5,0,3,1964839
198198,0,2,0,0,0,6,2,0,0,0,1,0,0,2,1,0,2,0,2,0,0,0,0,4,1964529
207423,0,0,0,0,0,12,3,0,0,0,0,0,0,4,1,0,0,0,0,0,7,0,0,12,1964096
189329,0,0,2,0,0,0,0,0,0,0,0,1,0,0,1,0,7,0,7,0,1,10,0,0,1958030
201574,0,0,0,0,0,0,0,0,0,1,9,0,0,1,1,0,10,0,12,0,0,4,0,0,1957550
209770,0,2,7,0,0,0,0,0,0,5,4,0,0,0,1,0,1,0,0,0,0,22,0,0,1957081
200636,0,0,0,0,0,0,0,0,0,0,4,0,0,0,3,3,3,0,3,0,0,0,0,0,1956459
184379,0,0,0,0,1,6,0,0,0,0,0,1,0,2,3,1,0,0,0,129,3,0,0,2,1956396
184409,0,0,0,0,0,11,0,0,0,0,0,12,1,0,1,0,1,0,1,0,23,0,0,9,1954384
200663,0,1,0,0,0,0,0,0,0,1,4,0,0,0,1,0,3,0,2,1,5,0,1,0,1953642
185377,0,0,0,0,0,1,0,0,0,0,0,3,4,0,0,0,3,0,0,1,5,0,0,0,1953595
216115,0,1,1,0,0,2,1,0,0,1,9,0,0,0,1,0,0,0,0,0,0,12,0,0,1950503
198246,0,0,0,0,0,2,2,1,0,0,1,0,0,4,1,0,3,0,1,0,1,2,0,1,1948454
202509,0,2,0,0,0,0,0,0,0,1,9,0,0,0,2,2,0,0,0,0,0,3,0,0,1947873
217888,0,0,0,0,0,0,0,0,0,1,8,1,0,0,1,13,0,0,0,0,0,11,1,0,1946282
190255,0,1,0,0,0,0,5,1,0,1,3,0,0,2,2,0,1,0,1,0,2,0,0,0,1942434
210897,0,0,0,0,0,0,0,0,0,10,8,0,0,0,1,0,0,0,0,0,2,5,0,0,1941565
195118,0,0,0,0,0,13,1,0,0,0,0,1,0,1,0,0,0,0,0,0,9,0,0,12,1941053
196133,0,0,0,0,0,16,0,0,0,2,2,0,0,0,1,1,0,0,0,0,0,10,0,12,1940305
185361,0,0,0,0,0,7,0,0,0,0,0,1,0,0,0,0,2,0,0,0,1,0,0,2,1935280
203934,0,3,0,0,0,0,0,0,0,3,16,2,0,0,2,3,5,0,7,0,3,0,0,0,1929445
193804,0,2,0,0,0,0,0,0,0,0,0,0,0,0,8,2,2,0,0,0,0,21,0,0,1927931
187012,0,0,2,0,0,0,2,0,0,2,5,0,0,3,3,2,0,0,0,0,2,3,1,0,1927231
194009,0,0,0,0,0,0,0,1,0,0,2,0,0,0,4,2,1,0,1,0,0,0,0,0,1926550
211899,0,0,1,0,0,15,0,0,0,0,0,0,0,0,3,0,0,0,0,0,1,0,0,8,1925915
217955,0,0,0,0,0,9,0,0,0,0,0,2,0,0,1,1,0,0,0,0,3,5,0,7,1925689
208476,0,1,0,0,0,0,0,0,0,0,2,1,4,0,0,0,1,0,0,3,4,24,0,0,1925552
202678,0,0,0,0,0,1,0,0,1,0,15,0,0,0,2,2,2,2,1,0,2,0,0,1,1923142
215466,0,2,4,0,0,0,0,0,0,0,1,0,0,0,1,0,1,0,1,0,7,27,0,0,1917330
185914,0,2,0,0,0,6,0,0,0,0,1,1,0,0,2,0,4,0,0,0,6,0,0,3,1917285
198749,0,0,0,0,0,0,0,0,0,0,0,0,0,0,2,3,2,0,2,0,0,0,0,0,1917095
199191,0,0,0,0,0,0,0,2,0,1,0,0,1,0,1,0,0,0,0,2,2,0,0,0,1915056
210738,0,2,1,0,0,12,0,0,0,0,0,0,0,0,1,1,0,0,0,0,3,6,0,9,1913712
205830,0,1,0,0,0,6,0,0,0,0,0,0,0,0,0,0,0,0,0,0,10,0,0,2,1910779
219060,0,0,0,0,0,12,0,0,0,0,0,0,0,0,0,0,0,0,0,0,1,7,0,9,1900117
216072,0,0,0,0,0,0,0,0,0,0,0,1,0,1,3,1,1,0,1,0,0,19,0,0,1895511
215975,0,0,0,0,0,0,0,0,0,0,8,1,0,3,3,17,1,0,0,0,2,7,6,0,1892903
221235,0,0,0,0,0,1,2,1,0,0,2,1,0,1,1,1,2,0,0,0,0,12,0,0,1892046
207287,0,0,0,0,0,0,0,0,0,0,0,0,0,0,0,0,1,0,0,0,1,0,0,0,1891135
201595,0,0,0,0,0,0,0,0,0,9,9,0,0,0,1,0,0,0,0,0,1,0,0,0,1890202
198705,0,1,0,0,0,0,0,0,0,0,2,0,0,0,0,0,7,0,6,0,0,0,0,0,1889863
196538,0,0,0,0,0,0,0,0,0,0,0,1,2,0,0,0,0,0,0,1,25,0,0,0,1888145
215661,0,2,0,0,0,1,1,0,0,3,2,1,0,0,1,1,6,1,2,1,3,26,0,1,1887860
203929,0,0,0,0,0,11,0,0,0,0,0,1,0,0,0,0,0,0,0,0,3,0,0,6,1880098
210782,0,2,1,0,0,15,0,0,0,0,3,0,1,0,0,0,1,0,0,0,1,29,0,2,1879872
217865,0,1,0,0,0,0,0,0,0,1,2,1,0,0,0,0,2,0,0,0,4,7,0,0,1879865
216179,0,0,1,0,0,0,0,0,0,0,2,0,0,0,0,0,3,0,3,0,0,25,0,0,1879286
203094,0,1,0,0,0,0,0,0,0,0,5,0,0,0,0,0,2,0,1,0,0,9,0,0,1877920
201852,0,0,0,0,0,14,0,0,0,0,0,2,0,0,0,0,0,0,0,0,16,0,0,10,1876705
188422,0,0,0,0,0,0,0,0,0,0,0,2,0,0,0,0,1,0,0,0,12,0,0,0,1876646
194540,0,0,0,0,0,1,2,0,0,1,0,1,0,11,0,0,0,0,0,0,21,0,0,0,1876393
199008,0,0,0,0,3,0,0,0,0,0,1,2,0,30,1,0,1,0,0,0,11,8,0,0,1875295
190846,0,0,0,0,0,0,0,0,0,2,3,0,0,0,0,0,0,0,0,0,0,0,0,0,1873294
194935,0,0,0,0,0,0,0,2,0,0,1,0,0,0,4,1,1,0,1,0,2,0,0,0,1872712
191420,0,6,2,0,0,0,6,0,0,1,4,1,0,0,1,0,7,0,2,0,11,18,0,0,1871743
196548,0,0,0,0,0,2,0,0,0,0,0,4,0,0,0,0,0,0,0,0,27,0,0,0,1871617
198859,0,0,0,0,1,0,0,0,0,0,1,0,0,0,0,0,0,0,0,0,0,0,0,0,1869789
194269,0,0,0,0,0,1,0,0,0,0,1,1,1,0,0,0,0,0,0,0,8,0,0,0,1868452
207164,0,1,0,0,0,0,0,0,0,0,0,0,0,0,2,2,1,0,0,0,0,0,0,0,1868049
208964,0,2,2,0,0,3,0,0,0,0,0,0,0,0,0,0,0,0,0,0,0,20,0,2,1866311
215889,0,2,2,0,0,0,0,0,0,1,12,0,0,0,2,0,6,1,4,0,0,54,0,0,1866042
190807,0,0,0,0,0,0,0,0,0,3,5,1,3,0,0,0,0,0,0,3,12,0,0,0,1864896
202196,0,0,0,0,0,7,0,0,0,0,0,1,1,0,0,0,1,0,0,2,0,0,0,0,1863697
216185,0,1,0,0,1,1,1,1,0,1,2,0,0,1,4,6,5,0,5,0,3,24,0,0,1855605
193254,0,0,0,0,0,0,0,0,0,0,1,3,1,0,1,0,0,0,0,1,25,0,0,0,1855495
213032,0,6,1,0,0,2,4,0,0,0,2,0,1,2,2,3,8,0,4,0,9,55,0,0,1854442
219362,0,1,0,0,0,0,0,0,0,1,4,1,0,0,14,5,2,0,0,0,0,14,1,0,1852614
201185,0,3,0,0,6,1,0,0,0,0,4,0,0,0,2,10,4,0,1,0,0,0,1,0,1852428
212312,0,0,1,0,0,3,0,0,0,0,4,0,0,0,1,1,0,0,0,0,0,17,0,2,1848839
222815,0,1,0,0,0,0,0,0,0,0,0,0,3,0,0,0,4,0,0,5,3,58,0,0,1846037
200285,0,2,0,0,0,0,0,0,0,0,0,0,0,0,0,0,1,0,0,0,1,0,0,0,1845858
203926,0,0,0,0,0,0,0,1,0,1,1,0,0,0,3,3,1,0,0,0,0,0,0,0,1843538
201001,0,0,0,0,1,14,0,0,0,0,1,1,0,1,0,0,3,0,0,0,8,0,0,10,1842729
185214,0,1,0,0,0,5,0,0,0,0,3,1,2,0,0,0,0,0,0,2,8,0,0,1,1842152
204607,0,0,0,0,0,10,0,0,0,0,0,1,0,0,0,0,0,0,0,0,8,0,0,4,1841502
220782,0,0,0,0,0,11,0,0,0,0,0,3,0,0,0,0,0,0,0,0,22,0,0,8,1839738
194237,0,0,0,0,1,0,0,0,0,0,1,1,0,0,0,0,1,0,3,0,9,0,0,0,1839223
213252,0,0,2,0,0,1,0,0,0,1,0,0,0,0,0,0,1,0,2,0,0,12,0,1,1837185
197042,0,2,0,0,0,4,1,0,0,0,1,1,0,1,0,0,2,0,0,0,16,0,0,1,1837036
221130,0,6,0,3,0,0,0,0,0,0,3,0,0,0,1,1,3,0,3,0,0,0,0,0,1836574
211370,0,0,4,0,0,4,0,0,0,2,2,0,1,0,2,1,2,0,1,0,0,17,0,3,1836490
218838,0,0,0,0,1,0,0,0,0,36,1,0,0,0,0,0,0,0,0,0,0,2,0,0,1835948
189495,0,0,0,0,0,0,0,0,0,0,10,0,0,0,3,7,0,0,0,0,0,0,0,0,1832853
220155,0,0,0,0,0,9,0,0,0,0,0,0,0,0,0,0,0,0,0,0,0,9,0,6,1831355
192783,0,1,0,0,0,0,0,0,0,3,13,0,0,0,0,0,1,0,1,0,1,0,0,0,1831267
220001,0,2,0,0,0,0,0,0,0,4,2,1,0,0,0,0,3,0,3,0,0,17,0,0,1830952
186655,0,2,0,0,0,0,0,0,0,5,6,1,0,0,1,0,2,0,0,0,13,0,0,0,1829912
210826,0,0,2,0,0,0,0,0,0,0,0,0,0,0,3,8,2,0,0,0,0,30,0,0,1829170
185345,0,0,0,0,0,2,0,0,0,0,0,1,1,0,0,0,0,0,0,1,2,0,0,2,1828186
192530,0,2,0,0,0,0,0,1,0,1,9,0,0,0,2,8,0,0,0,0,0,0,0,0,1826468
218507,0,3,4,0,0,0,0,0,0,0,2,0,0,0,1,0,8,0,0,0,0,42,0,0,1826414
203731,0,0,0,0,0,0,0,1,0,0,0,0,0,0,2,0,0,0,0,1,0,0,1,0,1825729
198105,0,0,0,0,0,9,1,0,0,0,0,1,2,1,1,1,2,1,2,0,10,0,1,2,1824348
198500,0,2,0,0,0,0,0,0,0,0,1,1,0,0,0,0,5,6,9,0,10,0,0,0,1821037
205127,0,0,0,0,0,0,0,1,0,0,0,0,0,0,1,1,0,0,0,0,0,0,1,0,1820246
221248,0,0,0,0,0,0,0,0,0,2,4,2,0,0,3,0,0,0,0,0,6,26,0,0,1810174
183910,0,1,0,0,0,0,0,0,0,0,2,0,0,0,0,0,1,0,2,0,0,0,0,0,1809341
187740,0,0,0,0,0,9,0,0,0,0,5,0,0,1,0,0,0,0,0,0,7,0,0,9,1806559
219368,0,0,1,0,0,5,2,0,0,0,0,0,0,0,1,1,0,0,0,0,1,15,0,2,1804609
199228,0,0,0,0,0,0,0,0,0,0,1,0,0,0,1,1,2,0,5,0,0,3,0,0,1803830
189289,0,0,0,0,0,0,0,0,0,0,9,0,0,0,3,20,0,0,0,0,0,0,0,0,1802814
207205,0,0,0,0,0,8,1,0,0,0,0,0,0,0,0,0,0,0,0,4,5,5,0,2,1797917
222842,0,0,0,0,0,0,0,0,0,3,1,3,0,0,2,2,1,0,1,0,3,20,0,0,1797902
211676,0,0,5,0,0,4,0,0,0,0,1,0,0,1,1,0,9,0,6,0,0,23,0,2,1797101
188435,0,0,0,0,0,0,0,0,0,37,11,1,0,0,1,0,0,0,0,0,4,0,0,0,1793518
187277,0,4,0,0,0,2,0,1,0,1,2,1,0,0,1,1,3,0,0,0,11,0,0,2,1793163
200141,0,5,0,0,2,0,0,0,0,0,3,0,0,0,0,0,5,0,7,0,1,0,0,0,1792396
223107,0,2,0,0,3,0,0,0,0,0,1,0,1,0,1,0,1,0,0,2,1,44,0,0,1792244
214365,0,0,0,0,0,12,0,0,0,0,0,0,0,0,2,1,0,0,0,0,2,11,0,9,1791822
194045,0,1,0,0,0,8,0,0,0,0,2,1,0,1,0,0,3,0,1,0,0,0,0,3,1791504
210141,0,0,0,0,0,11,0,0,0,0,0,1,1,0,0,0,0,0,0,0,5,12,0,10,1788450
213123,0,1,0,0,0,8,3,0,1,1,6,0,0,5,0,0,0,0,0,0,0,16,0,8,1784735
200560,0,0,0,0,0,9,0,0,0,0,2,0,0,0,1,1,1,0,0,0,2,35,0,6,1784532
219338,0,0,0,0,0,0,0,0,0,19,5,0,0,0,0,0,2,0,2,0,1,12,0,0,1784002
213656,0,0,0,0,0,9,0,0,0,0,0,0,0,0,0,0,0,0,0,0,0,1,0,5,1783405
194457,0,1,0,0,0,0,0,1,0,3,26,0,0,0,4,5,7,0,4,0,0,0,0,0,1778637
202217,0,3,0,0,0,0,0,0,0,0,1,0,0,0,1,2,4,0,0,0,3,0,0,0,1778422
211656,0,2,0,0,0,0,0,0,0,0,0,0,0,0,1,1,6,0,3,0,0,27,0,0,1775961
194676,0,0,0,0,0,0,0,0,0,0,2,0,0,0,1,0,1,0,1,0,0,0,0,0,1774067
212795,0,1,1,0,0,1,0,1,0,1,8,0,0,0,5,0,2,0,1,0,2,12,0,0,1774060
184516,0,3,0,0,0,13,0,0,0,1,17,0,0,0,1,1,2,0,0,0,0,0,0,7,1772994
210410,0,1,5,0,4,0,0,0,0,0,0,0,0,0,0,0,3,0,1,0,3,45,0,0,1772285
202500,0,0,5,0,0,0,3,1,0,0,1,1,0,0,0,0,5,0,0,0,4,24,0,0,1771151
215479,0,5,1,0,0,0,0,0,0,3,8,1,0,0,1,4,4,0,1,0,0,21,0,0,1769604
215433,0,0,0,0,0,10,1,0,0,0,0,0,0,1,2,1,0,0,0,0,1,1,0,9,1767553
210959,0,2,0,0,0,0,0,0,0,1,1,1,0,0,1,0,0,0,0,0,4,23,0,0,1766732
186835,0,0,0,0,0,0,0,0,0,2,14,0,0,0,6,20,0,0,0,0,3,0,0,0,1765025
212101,0,8,3,0,0,0,1,0,0,1,1,1,0,0,1,1,3,0,2,0,2,54,0,0,1761762
212645,0,2,0,0,0,0,0,0,0,0,0,0,1,0,0,0,1,0,1,0,9,29,0,0,1761458
201205,0,0,0,0,0,3,0,0,0,0,0,1,0,0,0,0,1,0,1,0,1,0,0,2,1759734
220434,0,0,1,0,0,0,0,0,0,12,7,0,0,0,2,2,1,0,0,0,0,9,0,0,1756183
219936,0,0,0,0,0,3,3,0,0,1,1,1,0,5,1,1,0,0,0,0,5,7,0,3,1755495
215454,0,7,4,0,3,0,1,0,0,1,5,0,0,1,0,0,4,0,6,0,0,28,0,0,1754942
221454,0,0,0,0,0,11,0,0,0,1,2,0,0,0,0,0,2,0,2,0,0,14,0,7,1750112
214755,0,1,2,0,0,11,0,0,0,0,0,0,0,0,0,0,16,0,0,0,1,9,0,2,1749291
213100,0,0,0,0,0,0,0,0,0,0,1,0,0,0,2,2,2,0,0,0,1,11,3,0,1749098
219088,0,0,1,0,0,0,0,0,0,1,0,0,0,0,1,2,16,0,5,0,2,23,0,0,1748499
189983,0,0,0,0,0,15,3,0,0,0,0,1,0,4,0,0,0,0,0,0,11,0,0,10,1747963
218866,0,1,0,0,0,0,0,0,0,1,1,0,0,0,0,0,1,0,2,0,0,39,0,0,1746231
208468,0,0,1,0,3,1,0,0,0,0,0,3,0,0,0,0,0,0,0,4,6,6,0,0,1745538
213284,0,0,1,0,0,11,0,0,0,0,1,0,0,0,2,2,4,0,0,0,3,17,0,3,1744673
215110,0,2,1,0,0,1,3,1,1,0,6,1,0,3,1,0,11,0,5,0,4,24,0,0,1744148
217734,0,2,1,0,0,0,0,0,0,0,1,0,0,0,2,1,2,1,1,0,0,18,0,0,1740778
215573,0,0,0,0,0,0,1,2,0,4,13,0,0,1,7,5,8,0,3,0,0,24,0,0,1740599
220209,0,0,1,0,0,0,0,3,0,2,5,0,0,0,2,1,1,0,1,0,0,32,1,0,1739179
211510,0,0,0,0,0,7,0,0,0,0,1,1,0,1,0,0,0,0,0,0,12,3,1,7,1734324
197382,0,0,0,0,1,0,0,0,1,1,2,0,0,5,1,0,2,0,1,0,8,0,0,0,1730948
214325,0,0,0,0,0,2,1,0,1,2,10,1,1,0,0,0,2,0,3,1,3,13,0,0,1729697
211645,0,5,8,0,0,3,1,0,0,0,2,0,0,1,1,0,1,0,0,0,0,41,0,2,1728740
186300,0,0,0,0,0,1,0,0,0,0,0,1,0,0,2,1,0,0,0,0,1,0,0,1,1727569
188151,0,0,0,0,0,0,0,0,0,0,0,0,0,0,0,0,6,0,6,0,0,0,0,0,1726698
223115,0,0,0,0,0,0,0,0,0,4,5,0,0,0,0,0,0,0,0,0,0,15,0,0,1726177
185326,0,2,0,0,0,0,0,1,0,1,16,2,0,0,1,4,3,0,1,0,7,0,2,0,1724059
220161,0,0,1,0,0,1,0,0,0,0,2,0,0,0,1,1,3,0,0,0,1,25,0,1,1720482
213631,0,1,2,0,1,4,0,0,0,0,3,0,0,0,0,0,1,0,1,0,9,10,0,4,1719792
222527,0,0,0,0,0,6,0,0,0,0,0,1,0,0,2,3,1,0,0,0,3,14,0,5,1719218
196546,0,0,0,0,0,11,0,0,0,0,0,1,0,0,0,0,0,0,0,0,8,0,0,10,1715814
185222,0,0,0,0,0,2,0,0,0,0,0,1,1,0,0,0,3,0,3,1,0,0,0,1,1714344
198850,0,0,0,0,0,6,0,0,0,0,0,0,0,1,0,0,0,0,0,0,1,0,0,4,1713457
189262,0,0,2,0,0,0,2,0,0,0,0,0,0,4,1,0,2,0,3,0,0,4,0,0,1713384
213711,0,1,0,0,0,1,0,0,0,0,0,1,1,0,0,0,0,0,0,0,17,7,0,0,1713215
206016,0,8,0,0,0,3,1,0,0,0,0,1,0,1,1,1,0,0,0,0,8,0,0,1,1713037
211144,0,0,0,0,0,10,0,0,0,0,0,1,1,0,0,0,0,0,0,1,8,3,0,9,1712102
185356,0,1,0,0,0,0,0,0,0,0,0,2,0,0,0,0,2,0,0,0,6,0,0,0,1710842
222671,0,1,1,1,3,0,0,0,0,0,2,0,0,0,2,3,0,0,0,0,1,22,6,0,1710028
208918,0,0,6,0,0,0,0,0,0,0,3,1,0,0,1,1,1,0,0,0,2,22,0,0,1709305
201384,0,0,0,0,1,0,1,0,0,1,0,0,0,1,0,0,2,1,3,0,8,0,0,0,1706717
201138,0,0,0,0,0,0,0,0,0,3,7,0,0,0,1,1,4,0,3,0,0,0,0,0,1706433
201422,0,1,0,0,0,2,0,0,0,0,0,1,0,0,0,0,2,0,1,0,7,0,0,1,1705901
188180,0,0,0,0,0,0,0,0,0,0,0,0,0,0,1,1,0,0,0,0,0,0,0,0,1705234
212024,0,0,0,0,0,4,0,0,0,0,4,0,0,0,0,0,2,0,1,0,0,5,0,4,1704320
222688,0,0,3,0,0,9,0,0,0,0,0,1,0,0,1,0,0,0,0,0,6,19,0,2,1702297
202157,0,0,0,0,0,6,0,0,0,9,8,0,0,0,0,0,0,0,0,0,5,0,0,4,1701565
210194,0,2,3,0,0,0,0,0,0,0,4,0,0,0,1,15,0,0,0,0,0,23,0,0,1699037
191889,0,1,0,0,1,1,0,0,0,0,0,1,0,0,1,0,0,0,0,0,0,0,0,0,1696519
201450,0,0,0,0,0,8,0,0,0,0,0,1,0,0,0,0,0,0,0,0,2,0,0,1,1696312
203515,0,3,0,0,0,0,0,0,0,0,0,0,0,0,0,0,4,0,0,1,0,0,0,0,1694911
208366,0,0,7,1,0,0,1,0,0,0,0,0,0,1,1,0,2,0,2,0,2,16,0,0,1689768
190423,0,0,0,0,0,7,0,0,0,0,0,1,1,0,0,0,0,0,0,1,10,0,0,3,1689661
223199,0,6,0,0,0,0,0,0,0,1,1,1,0,0,2,2,4,0,3,0,0,29,0,0,1689560
220151,0,0,5,0,0,0,0,0,0,0,0,0,3,0,0,0,0,0,0,2,0,44,0,0,1687640
199194,0,0,0,0,0,3,2,0,0,0,0,1,0,1,1,1,1,0,1,0,19,0,0,2,1687357
217915,0,0,0,0,0,10,0,0,0,0,0,0,0,0,0,0,0,0,0,0,5,1,0,9,1685664
210696,0,1,1,0,0,1,2,0,0,0,5,0,0,3,5,6,2,0,1,0,4,39,0,1,1684841
192789,0,0,0,0,0,0,0,0,0,0,0,0,1,0,0,0,2,0,1,2,0,0,0,0,1674564
220276,0,2,1,0,1,0,0,0,0,1,0,0,0,0,0,0,4,0,1,1,0,30,0,0,1674548
199775,0,0,0,0,0,0,0,0,0,0,2,1,0,0,0,0,2,0,0,0,15,9,0,0,1674300
195976,0,2,0,0,4,0,0,0,0,0,2,6,0,0,1,4,5,0,2,0,3,0,0,0,1674234
212260,0,0,0,0,0,1,0,0,0,1,5,0,0,0,1,0,10,0,13,0,0,16,0,1,1673904
218391,0,1,1,0,0,2,0,0,0,14,2,1,0,0,1,0,2,1,1,0,6,26,0,1,1669222
202675,0,1,1,0,0,8,0,0,0,0,3,2,0,0,0,0,0,0,0,0,6,8,0,6,1668027
193168,0,1,0,5,20,0,0,0,0,0,0,0,0,0,0,0,2,0,0,0,0,3,0,0,1666704
193937,0,0,0,0,0,16,0,0,0,0,0,2,0,0,0,0,0,0,0,0,11,0,0,15,1665509
208644,0,0,1,0,0,7,0,0,0,0,0,1,0,0,0,0,0,0,0,0,2,12,0,4,1664046
197339,0,0,0,0,0,12,0,0,0,0,0,5,0,0,0,0,0,0,0,0,11,0,0,12,1663626
211288,0,0,6,0,0,1,0,0,0,0,2,0,0,0,1,1,3,0,2,0,0,26,0,1,1663488
215971,0,0,0,0,0,0,0,1,0,0,0,0,0,0,8,17,0,0,0,0,0,14,0,0,1662742
210331,0,1,1,0,0,1,0,1,0,0,0,0,0,0,1,1,8,0,5,0,0,14,0,0,1662483
218310,0,0,3,0,0,0,0,0,0,0,0,0,0,0,1,2,6,1,9,1,0,10,0,0,1660792
218350,0,0,1,0,0,4,1,0,0,0,1,1,0,0,0,0,1,0,1,0,2,13,0,3,1660012
216304,0,2,0,0,0,0,1,0,0,0,0,1,0,1,2,0,1,0,0,0,3,16,0,0,1659386
216272,0,1,2,0,0,0,0,0,0,1,3,0,0,0,2,0,0,0,0,0,8,7,4,0,1659008
212966,0,3,0,0,12,1,1,0,0,0,0,0,0,0,2,1,0,0,0,0,0,45,0,0,1653865
188374,0,0,0,0,0,2,0,0,0,0,3,0,0,0,1,1,0,0,0,0,24,0,0,0,1653390
199296,0,1,0,0,0,0,0,0,0,0,0,0,0,0,0,0,2,0,1,0,0,0,0,0,1652068
217407,0,0,2,0,0,0,0,1,0,0,0,1,0,0,1,1,3,0,3,0,0,14,0,0,1651208
184404,0,0,0,0,0,7,0,0,0,0,0,0,0,0,1,0,0,0,0,1,0,0,0,4,1648371
188100,0,0,0,0,14,0,0,0,0,0,1,1,0,0,0,0,0,0,0,0,3,0,0,0,1644948
214591,0,1,1,0,0,0,0,0,0,1,6,0,0,0,2,2,2,2,3,0,3,10,0,0,1642988
184558,0,2,0,0,0,0,0,0,0,0,3,0,0,0,2,6,1,0,1,0,0,0,0,0,1641497
202256,0,0,0,0,0,0,0,0,0,0,1,0,0,0,4,0,2,0,4,0,0,0,0,0,1641454
186261,0,11,0,0,0,1,0,0,0,2,3,1,0,0,4,2,5,0,2,0,0,0,0,0,1640671
205721,0,0,0,0,0,1,0,0,0,0,0,0,0,0,0,0,1,0,1,0,1,0,0,1,1639599
209361,0,0,0,0,0,2,1,0,0,0,0,3,0,0,3,5,0,0,0,1,4,7,0,1,1637959
208381,0,3,1,0,0,0,1,0,0,2,4,0,0,0,1,0,0,0,0,0,2,31,0,0,1637725
204420,0,0,0,0,0,0,0,0,0,2,6,0,0,0,0,0,0,0,0,0,14,0,0,0,1637640
197667,0,2,1,1,7,0,0,0,0,1,12,0,0,1,2,1,3,0,1,0,2,7,0,0,1632504
191698,0,1,0,0,0,5,0,0,0,0,0,0,0,1,1,2,1,0,1,0,0,0,0,1,1632275
222984,0,0,0,0,0,7,0,0,0,0,0,0,0,0,0,0,2,0,0,0,1,13,0,2,1631771
214705,0,0,2,0,0,0,0,0,0,24,2,0,0,0,0,0,0,0,0,0,0,6,0,0,1627875
219175,0,0,0,0,1,0,0,0,0,0,1,1,0,0,1,2,0,0,0,0,2,6,0,0,1627581
202436,0,1,0,0,1,0,0,1,0,12,0,8,0,0,0,0,0,0,0,0,8,0,0,0,1627028
189986,0,0,0,0,0,1,3,0,0,0,3,1,0,4,1,2,13,0,4,0,2,0,0,1,1626868
187903,0,0,0,1,1,0,0,0,0,1,1,0,0,1,0,0,6,0,3,0,0,23,0,0,1625844
198427,0,0,0,0,0,1,0,0,0,0,0,1,0,0,0,0,0,0,0,0,4,0,0,1,1624116
212828,0,0,0,0,0,1,0,0,0,0,2,0,0,0,0,0,5,0,0,0,0,21,0,1,1621492
189406,0,0,0,0,1,0,0,0,0,2,7,2,0,0,0,0,3,1,1,0,2,0,0,0,1621350
195618,0,0,0,0,0,0,0,0,0,0,0,1,0,0,3,1,4,0,0,0,3,0,0,0,1618411
215130,0,0,0,0,0,0,0,0,0,0,0,0,0,0,1,0,1,0,0,0,0,37,0,0,1618163
211845,0,3,1,0,0,0,0,0,0,0,0,0,0,0,1,1,1,0,0,0,3,17,0,0,1617757
195273,0,0,0,0,0,0,0,0,0,0,0,1,0,0,0,0,0,0,0,0,16,0,0,0,1617469
213571,0,0,0,0,0,1,0,1,0,0,0,1,1,0,3,2,3,0,0,0,4,31,0,0,1615338
213574,0,0,0,0,0,0,0,0,0,0,1,0,0,0,0,0,3,0,1,0,1,10,0,0,1612205
217719,0,1,0,1,0,0,1,1,0,0,1,0,0,0,1,0,5,0,1,0,1,47,0,0,1612043
217841,0,0,1,0,0,11,0,0,0,0,1,0,0,0,2,3,0,0,0,0,0,2,0,9,1610801
202296,0,0,0,0,0,0,1,0,0,0,0,0,2,0,0,0,0,0,0,2,9,0,0,0,1609219
220012,0,0,0,0,0,3,3,0,0,0,7,0,0,1,1,5,0,0,0,0,2,15,0,1,1609150
205113,0,0,0,0,0,0,0,0,0,0,1,0,0,0,0,0,13,0,7,0,0,0,0,0,1606811
205999,0,0,0,0,0,0,0,0,0,0,0,1,0,0,0,0,0,0,0,0,7,0,0,0,1606041
202528,0,0,0,0,0,2,0,0,0,11,3,0,0,0,1,0,0,0,0,0,7,0,0,2,1605701
210341,0,0,0,0,0,0,0,0,0,0,0,1,5,0,0,0,0,0,0,7,16,21,0,0,1605589
221514,0,0,0,0,0,1,0,0,0,0,7,1,0,0,1,0,1,0,4,0,8,17,0,1,1605426
192833,0,0,0,0,1,0,0,0,0,18,14,1,0,0,0,0,6,1,4,0,4,0,0,0,1604240
217814,0,3,0,0,0,0,0,0,0,1,0,0,0,0,2,8,6,1,4,0,1,23,0,0,1603700
190911,0,1,0,0,0,3,5,1,0,1,4,0,0,5,0,0,3,0,5,0,2,0,0,1,1603609
198314,0,0,0,0,0,0,0,0,0,2,6,1,0,0,1,4,0,0,0,0,5,0,1,0,1601371
197167,0,2,0,0,8,0,0,0,0,0,1,1,0,0,0,0,0,0,0,0,4,0,0,0,1598402
199831,0,1,0,0,0,0,0,0,0,0,1,0,0,0,1,0,1,0,1,0,0,0,0,0,1598340
196212,0,0,0,0,0,3,3,0,0,0,3,0,0,5,2,1,3,0,2,0,5,0,0,1,1598135
206885,0,0,1,0,0,0,0,0,0,36,7,1,0,0,6,5,0,0,0,0,3,0,0,0,1597993
217279,0,2,0,0,1,0,0,0,0,0,1,1,0,0,0,0,1,0,1,0,0,12,0,0,1596812
206575,0,0,0,0,0,0,0,0,0,0,0,1,0,0,0,0,1,0,2,0,20,0,0,0,1596439
200027,0,0,0,0,0,0,0,0,0,0,0,1,0,0,0,0,0,0,0,0,7,0,0,0,1595546
210359,0,3,0,0,0,0,0,0,0,0,1,0,0,0,0,0,0,0,0,0,0,6,0,0,1594954
211897,0,0,3,0,0,11,1,0,0,0,1,0,0,0,0,0,9,0,0,10,0,17,0,3,1594442
205434,0,0,0,0,0,1,2,0,0,4,3,1,0,3,1,0,3,0,0,0,6,0,0,0,1594060
207834,0,0,9,0,0,0,0,0,0,0,0,0,0,0,1,1,0,0,0,0,0,23,0,0,1592898
212825,0,1,0,0,0,0,0,1,0,0,1,0,0,0,2,1,1,0,2,0,0,18,0,0,1592842
212424,0,0,0,0,0,0,0,0,0,0,2,0,0,0,1,0,2,0,2,0,0,7,0,0,1591256
189085,0,3,0,0,0,0,0,0,0,1,5,0,0,0,0,0,3,0,0,0,0,0,0,0,1589340
212272,0,0,0,0,0,0,1,0,0,7,3,1,0,1,1,0,1,0,0,0,2,11,0,0,1587832
208854,0,0,5,0,0,0,2,0,0,0,5,0,1,1,1,0,0,0,0,2,0,21,0,0,1586626
200810,0,0,0,0,0,0,0,0,0,5,5,1,0,0,1,0,7,0,0,3,0,0,0,0,1586577
187133,0,0,0,0,0,0,0,0,0,0,2,14,1,0,1,0,1,0,1,1,10,0,0,0,1585016
196572,0,0,0,0,0,10,0,0,0,0,0,1,0,0,0,0,0,0,0,1,9,0,0,10,1584612
201562,0,1,0,0,0,3,1,0,0,0,0,3,0,0,0,0,1,2,4,0,15,0,0,3,1584524
191360,0,0,0,0,0,0,0,2,0,0,3,0,0,0,1,0,0,0,0,0,2,0,0,0,1584186
186811,0,2,0,0,0,0,0,0,0,0,1,0,0,0,3,3,2,0,2,0,0,0,3,0,1582396
196219,0,0,0,0,1,0,1,0,0,0,1,1,0,0,3,2,5,0,4,0,8,0,3,0,1581578
218606,0,0,0,0,0,0,0,0,0,33,3,2,0,0,1,0,0,0,0,0,7,3,0,0,1581278
206049,0,1,0,8,0,0,0,0,0,0,0,1,0,0,2,0,0,0,0,0,0,0,0,0,1580131
211793,0,0,0,0,0,1,1,1,0,0,0,1,0,2,1,2,1,0,0,0,1,8,0,0,1579207
218579,0,1,0,0,0,0,0,0,0,0,0,0,0,0,4,8,6,0,1,0,5,13,0,0,1578667
209281,0,0,0,0,0,0,0,0,0,0,2,0,0,0,3,3,2,0,3,2,2,62,4,0,1578642
215247,0,0,1,0,0,1,1,0,0,3,9,0,0,0,2,3,1,0,1,0,5,6,2,0,1577263
187828,0,0,0,0,0,0,0,0,0,1,7,0,0,0,0,0,0,0,0,0,0,2,0,0,1577160
210375,0,4,3,0,0,6,0,0,0,0,1,1,0,0,1,1,1,0,0,0,8,31,0,6,1576366
206137,0,1,0,0,0,0,0,0,0,0,1,0,0,0,0,0,3,0,1,0,0,3,0,0,1575789
208515,0,0,0,0,0,0,0,0,0,0,2,0,0,0,1,1,1,0,1,0,2,3,0,0,1573905
243995,0,0,0,0,0,5,0,0,0,0,0,0,0,0,0,0,0,0,0,0,11,0,0,1,1573168
201094,0,1,0,0,0,5,1,0,0,1,2,0,0,0,1,0,2,0,1,0,0,0,0,1,1571613
196340,0,2,0,0,0,1,0,0,0,0,0,1,1,0,0,0,0,0,0,1,14,0,0,1,1570510
207813,0,0,8,2,0,0,0,0,0,0,0,0,0,0,0,0,4,0,2,0,1,17,0,0,1566280
219906,0,0,0,0,0,5,0,0,0,0,0,0,0,0,1,0,2,0,1,0,0,5,0,5,1565697
203896,0,0,0,0,1,0,1,0,0,17,11,0,0,3,0,0,1,0,1,0,2,0,0,0,1564598
201002,0,0,0,0,0,1,0,0,0,0,0,1,0,0,1,0,0,0,0,0,0,0,0,0,1564055
204268,0,0,0,0,2,0,0,0,0,0,0,0,0,0,0,0,0,0,0,0,0,0,0,0,1563214
220414,0,4,1,0,0,0,1,0,0,0,0,0,0,0,4,7,6,0,4,0,0,19,0,0,1562464
191352,0,0,0,0,0,0,0,0,0,0,0,0,0,0,4,5,1,0,0,0,1,0,0,0,1561553
210530,0,0,0,0,0,1,4,0,0,0,0,1,0,2,1,5,0,0,0,0,0,10,3,0,1560858
209425,0,0,2,0,0,1,2,0,0,1,13,0,0,4,1,1,2,0,0,0,0,24,0,0,1560115
205850,0,1,0,0,0,0,0,0,0,0,0,1,0,0,0,0,2,0,3,0,1,0,0,0,1558042
214741,0,0,0,0,3,0,0,0,0,0,1,3,0,0,1,1,1,0,0,1,9,0,1,0,1556134
196543,0,0,0,0,0,14,0,0,0,0,0,0,0,0,0,0,0,0,0,0,0,1,0,11,1555742
205382,0,1,0,0,0,7,0,0,0,0,0,1,0,0,0,0,2,0,1,0,5,0,0,1,1553568
194312,0,1,0,0,0,0,0,0,0,3,1,0,0,0,0,0,2,0,0,0,0,0,0,0,1551357
196705,0,1,0,0,0,0,0,1,0,0,1,1,0,0,2,0,0,0,0,11,10,0,0,0,1550893
220285,0,2,1,0,0,1,1,0,0,1,1,1,0,1,0,0,7,0,6,0,4,19,0,0,1550676
184638,0,5,0,7,0,0,0,0,0,0,0,0,0,0,2,0,3,0,4,0,0,0,0,0,1548758
211189,0,1,0,0,0,0,0,1,0,1,1,1,0,0,0,0,2,0,0,0,0,17,0,0,1548426
200930,0,0,1,0,4,0,1,0,0,0,0,0,0,0,0,0,0,0,0,0,0,9,0,0,1547693
188156,0,0,0,0,0,0,0,0,0,0,0,0,0,0,0,0,0,0,0,0,0,0,0,0,1547687
205786,0,0,0,0,0,0,0,1,0,0,5,1,0,0,4,7,1,0,0,0,2,0,0,0,1546145
195726,0,0,0,0,0,5,0,0,0,0,0,1,1,0,1,1,0,0,0,0,2,0,0,3,1545865
206415,0,3,0,0,0,0,0,0,0,0,4,0,0,0,1,1,3,0,1,0,7,0,0,0,1543643
205189,0,0,0,0,9,0,0,0,0,0,1,0,0,9,0,0,1,0,1,0,0,6,0,0,1543642
213974,0,1,2,0,0,0,0,0,0,5,16,1,0,0,0,0,1,0,0,0,0,17,0,0,1542914
212640,0,3,0,0,0,4,0,0,0,0,8,1,0,0,1,1,3,0,3,0,5,48,0,4,1541243
205169,0,0,3,0,0,0,0,1,0,0,3,0,0,0,3,1,5,0,2,0,1,13,1,0,1540548
199918,0,0,0,0,0,1,1,0,0,0,5,1,0,0,0,0,2,0,2,0,9,0,0,0,1539461
220675,0,1,0,0,0,0,0,0,0,0,0,0,0,0,2,3,0,0,0,0,0,3,0,0,1537213
206209,0,0,0,0,0,0,0,0,0,0,0,1,0,0,0,0,5,0,1,0,0,0,0,0,1534089
204404,0,0,0,0,0,1,0,0,0,9,3,1,0,1,0,0,1,0,1,0,12,0,0,1,1531929
187644,0,0,0,0,0,3,0,0,0,0,0,0,0,0,3,3,1,0,0,0,0,0,0,2,1531059
215456,0,0,1,0,0,5,1,0,0,0,2,0,0,1,1,1,0,0,0,0,2,0,0,4,1529737
220669,0,0,0,0,0,0,0,0,0,1,1,0,0,0,1,0,3,0,2,0,0,3,0,0,1527423
215948,0,2,1,0,0,0,0,0,0,3,5,0,0,0,0,0,0,0,0,0,3,15,0,0,1527403
206452,0,0,0,0,0,7,1,0,0,0,0,2,0,2,2,0,0,0,0,0,19,0,0,6,1526432
212549,0,3,0,0,0,0,5,4,0,0,0,0,0,6,4,3,0,0,0,0,0,20,1,0,1523609
189505,0,0,0,0,0,0,0,0,0,3,19,0,0,0,0,0,0,0,0,0,4,0,0,0,1523373
204611,0,0,0,0,0,0,0,1,0,0,10,0,0,0,1,0,0,0,0,0,1,0,0,0,1522988
193952,0,0,0,0,1,0,0,0,0,19,14,0,0,1,2,0,4,0,1,0,0,0,0,0,1522849
200308,0,0,0,0,3,0,1,0,0,0,0,0,0,1,2,2,2,0,2,0,0,0,0,0,1521695
217946,0,1,0,0,0,1,0,0,0,9,27,1,0,0,2,0,2,0,4,0,4,18,0,0,1521026
196540,0,0,0,0,0,10,0,0,0,0,0,3,0,0,0,0,0,0,0,0,8,0,0,0,1520488
185637,0,2,0,0,0,0,0,1,0,0,0,0,0,0,2,1,0,0,0,0,2,0,0,0,1520309
187742,0,4,0,0,0,1,1,2,0,2,6,0,0,2,4,4,2,0,1,0,4,0,0,0,1520043
187710,0,0,0,0,1,0,0,0,0,0,0,0,0,1,0,0,0,0,0,0,0,0,0,0,1517590
209241,0,0,0,0,0,2,1,0,0,0,0,3,0,0,0,0,0,0,0,0,4,3,0,0,1515836
184355,0,0,0,0,0,0,0,0,0,0,0,0,0,0,0,0,0,0,0,0,0,0,0,0,1512714
210559,0,0,0,0,0,3,1,0,0,0,0,7,1,1,0,0,0,0,0,1,31,5,0,2,1509847
185101,0,0,0,0,1,1,1,0,0,1,6,0,0,0,0,0,2,0,2,0,1,0,0,0,1509628
192609,0,0,0,0,0,0,2,0,0,42,0,0,0,3,1,2,0,0,0,0,0,0,2,0,1504860
208195,0,3,6,0,0,0,0,0,0,1,6,0,0,0,0,0,9,0,4,0,0,19,0,0,1503363
193434,0,0,0,0,2,0,1,0,0,2,3,0,0,0,1,1,0,0,0,0,0,0,0,0,1503176
194697,0,0,0,0,0,0,0,0,0,0,0,0,0,0,1,0,0,0,0,0,0,6,0,0,1503095
192084,0,0,0,0,0,6,0,0,0,0,0,0,0,0,0,0,2,1,1,0,12,0,0,1,1501397
195278,0,0,0,0,0,2,0,0,0,0,0,2,0,0,0,0,0,0,0,0,16,0,0,1,1496233
216930,0,0,0,0,0,0,0,1,0,0,1,0,0,0,2,6,1,0,1,0,0,9,0,0,1495336
216526,0,2,0,0,0,6,1,0,0,0,1,0,0,0,0,0,1,0,0,0,0,14,0,4,1495258
187583,0,1,0,0,0,2,4,0,0,2,22,0,0,4,2,1,6,0,3,0,7,1,0,0,1494770
190592,0,1,0,0,0,0,0,0,0,2,2,0,0,0,3,1,1,0,1,0,0,4,0,0,1492733
192032,0,0,0,0,2,3,0,0,0,1,3,1,0,0,0,0,5,0,3,0,2,0,0,0,1492127
194533,0,0,0,0,0,0,0,0,0,0,0,1,0,0,0,0,0,0,0,0,22,0,0,0,1492062
220690,0,1,1,0,0,1,2,0,0,1,2,1,0,1,1,1,1,0,0,0,7,13,3,0,1491682
210894,0,0,4,0,0,0,4,0,0,0,1,0,0,6,5,3,5,0,5,0,0,28,0,0,1490464
198723,0,3,0,0,0,0,1,0,0,0,6,2,0,0,1,0,5,2,5,0,4,6,0,0,1490219
211966,0,0,0,0,0,0,0,0,0,0,0,0,0,0,1,0,0,0,0,0,0,2,0,0,1489312
221372,0,4,0,0,0,0,0,0,0,0,1,0,0,0,1,1,6,0,7,0,0,26,1,0,1487143
183831,0,0,0,0,0,0,0,0,0,1,5,0,0,0,0,0,2,0,2,0,0,0,0,0,1486907
205847,0,1,0,0,0,0,0,0,0,1,7,1,0,0,0,0,1,0,1,0,4,0,0,0,1484576
217170,0,3,1,3,0,0,4,1,0,1,2,0,0,3,1,2,6,0,3,0,0,38,0,0,1483879
202081,0,0,0,0,0,0,0,0,0,0,0,3,0,0,0,0,0,0,0,0,3,2,0,0,1483311
187237,0,1,0,0,0,0,0,0,0,3,4,1,0,0,0,0,6,0,1,0,0,0,0,0,1483226
220153,0,1,0,0,0,3,0,1,0,0,8,0,0,0,2,0,1,0,1,0,0,4,0,2,1483200
212151,0,0,1,0,0,2,0,0,0,0,0,0,0,0,0,0,0,0,0,0,1,3,0,0,1482597
196638,0,0,0,0,0,0,0,0,0,0,0,1,0,0,0,0,0,0,0,0,6,0,0,0,1481311
194296,0,0,2,0,2,0,0,0,0,0,0,0,0,7,0,0,0,0,0,0,1,3,0,0,1480688
207086,0,0,0,0,0,0,0,0,0,0,0,0,0,0,1,0,0,0,0,0,0,0,0,0,1480420
205164,0,3,0,0,0,0,0,0,0,2,6,0,0,1,0,0,2,0,1,0,8,18,0,0,1479467
218249,0,0,0,0,0,0,0,0,0,0,3,0,0,0,1,0,3,0,0,0,2,37,0,0,1478593
210930,0,0,0,0,0,7,0,0,0,0,0,1,0,0,0,0,0,0,0,0,4,1,0,7,1475177
189233,0,1,0,0,0,0,1,0,0,0,0,0,1,1,3,6,3,0,1,0,1,0,4,0,1474657
204934,0,0,1,0,0,0,0,0,0,0,5,0,0,0,1,0,0,0,0,8,9,5,0,0,1473112
206219,0,0,0,0,0,11,5,1,0,0,0,1,0,5,2,0,2,0,1,0,3,0,0,6,1473072
197957,0,0,0,0,1,0,0,0,0,0,7,1,0,0,1,11,6,0,1,0,4,0,1,0,1470515
194587,0,1,0,0,4,0,4,0,0,0,1,0,0,0,1,0,0,0,0,1,0,3,0,0,1467529
196475,0,0,0,0,0,15,0,0,0,0,0,2,0,0,1,1,0,0,0,0,14,0,0,12,1466711
221388,0,0,1,0,0,0,0,0,0,4,1,0,0,0,0,0,0,0,0,0,1,2,0,0,1466059
206746,0,1,0,0,2,0,0,0,0,0,1,0,0,0,1,0,3,0,2,0,5,0,0,0,1465894
194856,0,0,0,0,0,0,0,0,0,0,0,0,0,0,0,0,0,0,0,0,0,0,0,0,1464491
186906,0,1,0,0,0,0,0,0,0,0,1,0,0,0,2,1,4,0,7,0,0,8,0,0,1463435
193942,0,0,0,0,0,6,0,0,0,0,0,1,0,0,0,0,0,0,0,0,11,0,0,2,1462299
205739,0,0,0,0,0,15,3,0,0,0,0,3,1,2,0,0,0,0,0,0,14,0,0,4,1459704
207807,0,0,0,0,0,0,1,0,0,6,3,2,0,0,1,1,0,0,0,0,7,10,0,0,1458112
193932,0,0,0,0,0,0,0,0,0,0,0,2,2,0,0,0,0,0,0,1,23,0,0,0,1456394
190119,0,0,0,0,4,0,0,0,0,0,0,0,0,0,0,0,0,0,0,0,0,0,0,0,1453557
210005,0,1,3,0,0,1,0,0,0,0,13,0,0,0,1,0,4,0,2,0,5,23,0,0,1452614
192030,0,0,0,0,0,5,0,0,0,0,2,0,0,0,0,0,0,0,0,0,0,0,0,0,1451497
214667,0,0,0,0,0,0,0,0,0,0,2,0,0,0,1,0,0,0,0,0,8,17,0,0,1450189
210269,0,1,1,0,0,0,0,0,0,1,2,0,0,0,0,0,5,1,2,0,0,13,0,0,1449695
211539,0,2,0,0,0,1,0,0,0,1,4,0,0,0,1,1,1,0,0,0,8,30,0,1,1443095
195669,0,1,0,0,0,1,0,0,0,0,9,2,1,0,2,0,12,0,8,0,4,0,0,0,1442174
209515,0,1,2,0,0,1,0,0,0,0,0,0,0,0,0,0,0,0,0,0,0,28,0,0,1441778
192405,0,0,0,0,0,2,0,0,0,0,0,1,0,0,0,0,0,0,0,0,8,3,0,0,1441281
202993,0,0,0,0,0,20,0,0,0,0,0,0,0,0,0,0,0,0,0,0,0,4,0,11,1441136
220182,0,0,0,0,0,6,0,0,0,0,0,1,0,0,0,0,0,0,0,0,13,9,0,1,1439989
205671,0,1,0,0,0,1,0,0,0,0,1,0,1,0,0,0,3,0,3,1,8,0,0,0,1439660
206815,0,0,3,0,0,0,0,0,0,0,0,1,0,29,1,0,0,0,0,0,18,12,0,0,1436944
222294,0,0,1,0,0,0,0,0,0,0,2,0,0,0,0,0,1,0,0,0,0,17,0,0,1436560
186790,0,2,0,0,0,0,1,0,0,0,1,1,0,0,0,0,7,0,3,1,0,0,0,0,1432534
207978,0,0,2,0,0,0,0,0,0,0,11,0,0,0,0,0,1,0,1,0,1,6,0,0,1431373
220141,0,1,0,0,0,12,0,0,0,0,4,0,0,0,4,2,0,0,0,3,0,16,0,1,1429837
215185,0,0,2,0,0,0,2,0,0,0,0,0,0,1,4,2,2,0,2,0,0,22,0,0,1429655
198328,0,0,0,0,3,0,0,0,0,0,0,1,0,0,1,0,1,0,0,0,10,0,0,0,1428955
207360,0,0,0,0,0,9,0,0,0,0,0,1,0,0,0,0,0,0,0,0,0,0,0,9,1428074
211177,0,2,3,0,0,1,0,0,0,1,2,0,0,0,3,1,0,0,0,0,1,42,0,1,1427744
195284,0,0,0,0,0,0,0,0,0,0,0,0,0,0,2,5,6,0,3,0,1,0,0,0,1426455
214253,0,0,0,0,0,1,1,0,0,0,0,1,0,0,0,0,1,0,0,0,9,33,0,0,1426157
219977,0,8,0,0,0,0,0,0,0,0,1,0,0,0,3,1,0,0,0,0,2,25,0,0,1425646
218147,0,0,0,0,0,3,0,0,0,0,0,0,0,0,2,1,0,0,0,0,0,14,0,1,1424893
210210,0,1,2,0,0,0,0,0,0,0,9,1,0,0,0,0,2,0,0,0,7,24,0,0,1424147
184600,0,0,0,0,0,0,0,0,0,0,0,0,0,0,0,0,0,0,0,1,0,0,0,0,1423199
210932,0,0,0,0,1,0,0,0,0,3,1,0,0,0,0,0,1,0,1,0,0,3,0,0,1423099
212740,0,1,1,0,0,1,0,0,0,0,0,0,0,0,1,1,2,0,0,0,2,38,0,1,1422310
218061,0,0,0,1,0,0,0,0,0,0,0,1,0,0,2,1,1,0,0,0,3,29,0,0,1422052
214800,0,1,0,0,0,0,0,1,0,0,2,0,0,0,3,0,4,0,3,0,0,42,0,0,1421742
184132,0,0,0,0,0,0,0,0,0,0,0,1,1,0,0,0,2,0,3,1,8,0,0,0,1421542
202365,0,0,0,0,0,0,0,0,0,0,0,0,3,0,0,0,1,0,0,3,0,0,0,0,1421498
222055,0,0,0,0,0,0,0,0,0,3,23,2,0,0,1,1,2,0,2,0,18,13,0,0,1417610
198827,0,3,0,0,2,0,0,0,0,0,2,0,0,0,1,0,0,0,0,0,0,0,0,0,1417544
210732,0,1,1,0,0,1,2,0,0,0,1,1,0,1,0,0,5,0,2,0,5,27,0,0,1416809
201140,0,0,0,0,0,1,0,0,0,0,0,0,0,0,0,0,3,0,1,0,6,0,0,1,1415416
190013,0,0,0,0,0,0,3,0,0,0,0,0,0,2,1,1,0,0,0,0,0,1,0,0,1412105
187864,0,4,0,2,7,0,0,0,0,0,0,0,0,0,0,0,1,0,0,0,0,0,0,0,1410871
206051,0,2,0,0,0,0,0,0,0,1,2,3,0,0,11,7,1,0,0,0,12,0,1,0,1410716
208124,0,1,1,0,0,0,0,0,0,0,4,0,0,1,2,0,1,0,1,0,2,21,0,0,1409661
196308,0,0,0,0,0,10,0,0,0,0,0,2,0,0,0,0,0,0,0,0,7,0,0,8,1409003
214221,0,0,2,0,0,0,0,0,0,0,0,0,1,0,0,0,0,0,0,1,1,5,0,0,1408610
219985,0,0,0,0,0,0,1,0,0,1,2,0,0,0,2,3,5,0,2,0,0,11,0,0,1408560
208021,0,1,3,0,1,0,0,0,0,0,1,0,0,0,0,0,1,0,1,1,1,31,0,0,1407829
186428,0,0,0,0,0,0,1,0,0,0,3,0,0,1,0,0,0,0,0,0,0,0,0,0,1407604
193185,0,0,0,0,3,0,0,0,0,1,13,0,0,0,0,0,1,0,0,0,0,0,0,0,1407421
214324,0,2,0,0,0,1,3,0,0,0,2,0,0,4,2,1,4,0,6,0,0,46,0,0,1407230
208269,0,0,0,0,0,0,2,0,0,2,6,0,0,1,1,0,1,0,0,1,3,47,0,0,1405920
215422,0,0,0,0,0,1,1,1,0,0,0,0,0,0,1,0,2,0,0,0,4,17,0,0,1405367
217913,0,0,0,0,0,0,0,0,0,0,0,0,0,0,1,6,0,0,0,0,0,2,0,0,1404875
212156,0,3,1,0,0,0,0,0,0,0,0,0,0,0,0,0,0,0,0,0,0,25,0,0,1404228
188809,0,0,2,0,0,0,0,2,0,0,0,0,0,0,2,1,1,0,2,0,0,8,0,0,1403705
205218,0,0,0,0,0,10,0,0,0,0,1,1,0,0,0,0,1,0,0,0,1,0,0,10,1402865
185862,0,2,0,0,0,0,3,0,1,0,1,0,0,1,1,1,7,0,4,0,1,0,0,0,1402646
218001,0,0,1,0,0,0,0,0,0,0,1,0,0,0,0,0,2,0,1,0,4,4,0,0,1402221
216380,0,1,1,0,0,0,0,0,0,0,6,0,0,0,1,5,0,0,0,0,0,10,0,0,1400326
217859,0,1,1,0,0,3,0,0,0,1,0,0,0,0,3,1,0,0,0,0,1,19,0,0,1399426
201566,0,0,0,0,0,5,1,2,0,0,3,0,0,0,0,0,2,0,0,0,3,0,0,4,1399386
221122,0,0,1,0,0,0,0,0,0,0,1,0,0,1,3,11,0,0,0,0,0,5,1,0,1399039
209803,0,2,5,0,1,0,0,0,0,0,2,0,0,0,0,0,0,0,0,0,0,24,0,0,1396627
216293,0,0,2,0,0,0,0,0,0,10,2,1,0,0,0,0,0,0,0,0,11,10,0,0,1395977
202228,0,0,0,0,0,0,0,1,0,0,0,0,0,0,7,1,0,0,0,0,3,0,0,0,1393147
194774,0,0,0,0,0,0,0,1,0,0,0,0,3,0,5,4,0,0,0,3,2,0,3,0,1392852
207726,0,2,0,0,0,1,0,1,0,0,2,1,0,0,1,0,5,0,2,0,5,4,0,1,1391389
219461,0,0,0,0,0,0,0,0,0,0,1,2,0,0,0,0,1,0,3,0,2,8,0,0,1390998
217744,0,0,0,0,0,4,1,0,0,1,2,0,0,2,2,2,4,0,1,0,3,17,0,3,1389298
214070,0,0,0,0,0,5,1,0,0,0,1,0,0,1,1,0,0,0,0,0,6,6,0,1,1388560
218639,0,3,4,0,0,3,2,2,0,0,1,0,0,0,2,3,4,0,3,0,0,23,1,2,1388143
208587,0,1,2,0,0,0,0,0,0,0,0,1,0,0,2,2,0,0,0,0,1,9,0,0,1387651
205725,0,0,0,0,0,8,0,0,0,0,0,1,0,0,0,0,0,0,0,0,2,0,0,7,1386163
191309,0,0,0,0,0,0,0,0,0,0,6,1,0,0,3,2,2,0,2,0,0,0,0,0,1385796
221317,0,0,0,0,0,0,0,0,0,0,5,0,0,0,8,1,9,0,0,0,0,10,0,0,1384050
202186,0,0,0,0,0,0,10,1,0,0,0,0,0,11,3,0,0,0,0,0,0,0,0,0,1382696
210702,0,0,1,0,0,0,1,1,0,0,7,0,0,1,1,0,4,0,2,0,1,0,0,0,1379976
200112,0,0,0,0,0,0,0,0,0,0,0,0,0,0,0,0,0,0,0,0,0,0,0,0,1379383
184928,0,0,0,0,0,0,0,0,0,0,0,1,1,2,2,0,0,0,0,1,0,14,0,0,1379001
183829,0,2,0,1,0,0,0,0,0,0,1,0,1,0,0,0,1,0,1,2,0,0,0,0,1378957
196553,0,0,0,0,0,7,0,0,0,0,0,0,0,0,0,0,0,0,0,0,0,0,0,6,1378611
202591,0,1,0,0,0,0,0,0,0,0,1,0,0,0,1,0,0,0,0,0,0,9,0,0,1377956
196484,0,1,0,0,0,0,0,0,0,0,0,0,0,0,0,0,0,0,0,0,0,0,0,0,1377304
214501,0,0,0,0,0,0,0,0,0,0,2,0,0,0,0,0,2,2,3,0,0,7,0,0,1375969
218640,0,1,1,0,0,0,0,0,0,9,3,1,0,0,0,0,4,0,5,0,0,14,0,0,1374685
209666,0,0,0,0,0,8,2,0,0,0,1,0,0,3,1,0,4,0,2,0,12,12,0,6,1374424
213521,0,0,3,0,0,0,2,1,0,0,0,0,0,1,4,2,2,0,0,0,2,23,0,0,1373291
196123,0,0,0,0,0,0,0,0,0,0,1,0,0,0,0,0,0,0,0,0,1,0,0,0,1372046
204636,0,0,0,0,0,0,0,0,0,0,0,0,0,0,0,0,0,0,0,0,2,0,0,0,1371611
209311,0,0,0,0,0,0,0,0,0,0,0,1,0,0,1,0,0,0,0,0,2,18,0,0,1371543
213827,0,0,0,0,0,0,0,0,0,0,0,0,0,0,0,0,2,0,3,0,0,22,0,0,1371144
196665,0,2,0,0,0,0,0,0,0,1,2,0,0,0,0,0,4,0,4,0,0,0,0,0,1371056
218032,0,1,0,0,0,0,0,0,0,6,4,0,0,0,1,3,3,0,3,0,0,29,0,0,1370828
205556,0,0,0,0,0,0,0,0,0,0,0,0,0,0,0,0,0,0,0,6,11,0,0,0,1369830
190470,0,0,0,0,0,0,0,0,0,2,1,0,0,0,2,1,1,0,0,0,0,0,0,0,1369377
211833,0,0,0,0,0,6,1,0,0,21,6,0,0,3,1,0,11,0,1,0,3,22,0,1,1369309
209801,0,0,3,0,0,2,0,0,0,0,1,0,0,1,0,0,1,0,1,0,1,30,0,0,1367931
216135,0,0,0,0,0,0,0,0,0,0,0,0,0,0,0,0,0,0,0,0,0,0,0,0,1366524
220537,0,0,3,0,0,0,0,0,0,0,0,1,0,1,0,0,0,0,0,0,0,14,0,0,1364871
205926,0,0,0,0,0,0,0,0,0,0,0,1,0,0,1,2,3,0,4,0,0,0,5,0,1364334
217014,0,0,1,0,0,5,1,0,0,0,2,2,0,1,1,0,3,0,0,0,4,3,0,4,1364193
190358,0,1,0,0,0,0,0,0,0,0,0,0,0,0,0,0,0,0,0,1,1,1,0,0,1364107
197508,0,0,0,0,0,0,0,0,0,0,2,0,0,0,1,1,0,0,0,0,0,0,0,0,1362011
221911,0,0,6,0,0,1,1,0,0,0,0,0,0,0,1,1,1,0,0,0,0,9,0,0,1361357
216834,0,0,0,1,2,0,0,0,0,0,2,7,0,0,1,0,1,0,0,0,2,18,0,0,1361180
184909,0,0,0,0,0,1,0,0,0,0,2,0,2,0,0,0,1,0,0,3,1,0,0,1,1361079
215914,0,0,0,0,0,0,0,0,0,0,2,1,0,0,1,1,1,0,1,0,25,22,0,0,1361068
191474,0,0,0,0,0,0,0,0,0,2,3,1,0,0,0,0,0,0,0,0,8,0,0,0,1360870
210767,0,0,1,0,0,3,0,0,0,0,0,1,0,0,2,1,1,0,0,0,2,12,0,1,1360673
192188,0,5,0,9,5,0,0,0,0,0,0,0,0,0,0,0,0,0,0,0,0,0,0,0,1360021
221932,0,2,0,0,0,0,0,0,0,1,2,1,0,0,3,5,1,0,1,1,0,10,0,0,1359577
189645,0,1,0,0,2,1,0,0,0,0,0,0,0,0,1,0,1,0,0,0,0,0,0,0,1357447
188247,0,0,0,0,0,0,0,0,0,0,1,0,0,0,2,0,23,0,12,0,0,0,0,0,1356578
207328,0,0,0,2,0,0,0,0,0,0,0,0,0,0,2,2,0,0,0,0,1,0,0,0,1355215
190241,0,3,0,0,0,0,0,0,0,0,0,1,0,0,2,0,0,0,0,0,2,0,0,0,1352569
196329,0,0,0,0,0,0,0,0,0,0,0,1,0,0,0,0,3,0,1,0,0,0,0,0,1352437
210332,0,1,2,0,3,0,0,0,0,0,1,0,0,0,0,0,0,0,0,0,0,38,0,0,1352092
215005,0,0,0,0,0,0,0,0,0,1,1,1,0,0,0,0,0,0,0,0,19,13,0,0,1351638
209820,0,0,0,0,0,1,1,0,0,1,5,0,0,1,0,0,1,0,1,0,2,19,0,0,1351480
198701,0,1,0,0,1,0,0,0,0,0,1,0,0,0,0,0,5,0,0,0,0,15,0,0,1350713
190667,0,0,0,0,0,0,0,0,0,0,0,0,0,0,0,0,0,0,0,0,15,5,0,0,1350324
213511,0,0,1,0,0,0,0,0,0,0,1,1,0,0,0,0,1,0,0,0,9,66,0,0,1349225
200540,0,1,0,0,0,1,1,0,0,1,10,0,0,0,1,1,1,0,0,0,2,0,0,1,1349198
215990,0,0,0,0,0,3,0,0,0,0,4,0,0,0,3,4,2,0,5,0,0,27,2,2,1345536
213353,0,0,3,0,1,0,0,0,0,0,2,0,0,0,0,0,0,0,0,0,0,17,0,0,1345238
209552,0,0,0,0,0,0,0,0,0,0,0,1,0,0,2,1,0,0,0,1,0,28,0,0,1344471
219984,0,0,0,0,0,0,0,0,0,8,4,0,0,0,0,0,2,0,2,0,0,14,0,0,1344085
205603,0,1,0,0,2,0,0,0,0,0,0,0,0,0,0,0,11,0,6,0,0,0,0,0,1341990
184242,0,0,0,0,0,0,0,0,0,0,7,2,0,0,0,0,1,0,2,0,9,0,0,0,1341753
188644,0,2,0,0,0,0,1,0,0,0,1,0,0,0,1,0,4,0,6,0,0,6,0,0,1340946
201977,0,0,1,0,0,0,1,0,0,1,2,0,0,0,1,0,1,0,0,0,1,0,0,0,1339931
186100,0,1,0,0,0,0,0,0,0,0,1,0,0,0,2,1,1,0,0,0,7,0,0,0,1339529
190153,0,1,0,0,0,0,1,0,1,0,1,0,0,0,0,0,0,0,0,0,0,14,0,0,1338674
196175,0,2,0,0,0,0,2,1,0,3,9,0,0,2,4,3,3,0,2,0,0,0,0,0,1338278
205919,0,3,0,0,0,0,0,0,0,0,0,1,0,0,1,9,0,0,0,0,0,3,0,0,1337814
205307,0,1,0,0,0,7,1,0,0,0,0,3,0,0,0,0,1,0,1,0,8,0,0,2,1337223
212178,0,2,3,0,1,0,2,0,0,2,11,0,0,0,2,4,2,0,2,0,0,19,1,0,1337131
188401,0,0,0,0,4,0,0,0,0,0,0,0,0,0,0,0,2,0,0,0,0,0,0,0,1336842
219932,0,8,4,0,0,1,0,0,0,0,3,0,0,0,2,2,3,0,2,0,5,31,0,0,1336710
220300,0,0,0,0,0,2,0,0,0,0,0,1,1,0,1,1,0,0,0,0,0,14,0,1,1336653
192963,0,1,5,0,1,1,0,0,0,0,0,1,0,0,1,2,0,0,0,0,1,0,0,0,1336113
191069,0,2,0,0,0,0,0,0,0,0,0,0,0,1,2,1,0,0,0,0,0,0,1,0,1335393
184589,0,2,0,0,0,1,0,0,0,2,2,0,0,0,0,0,0,0,0,0,2,0,0,0,1334143
218991,0,0,1,0,0,11,0,0,0,1,0,0,0,0,0,0,0,0,0,0,2,8,0,10,1332978
197645,0,1,0,0,1,0,0,0,0,2,4,2,0,0,2,0,1,0,0,0,14,0,0,0,1332754
201451,0,0,0,0,0,0,0,0,0,0,1,0,0,0,0,0,1,0,0,0,0,0,0,0,1332274
198815,0,1,0,0,0,0,0,0,0,1,1,0,1,0,5,4,0,0,0,1,3,0,0,0,1331970
205446,0,2,0,0,0,0,0,0,0,0,0,0,0,0,0,0,2,0,0,0,0,6,0,0,1330211
196530,0,0,0,0,0,1,0,0,0,0,0,2,0,0,1,0,3,0,0,0,48,0,0,0,1329741
212442,0,2,0,0,0,1,1,0,0,0,0,0,0,1,0,0,0,0,0,0,4,19,0,0,1328170
184252,0,0,0,0,0,0,0,0,0,8,4,0,0,0,0,0,2,0,0,0,0,0,0,0,1326876
207217,0,0,0,0,0,9,0,0,0,0,1,0,0,0,1,1,0,0,0,0,0,0,0,5,1326718
223204,0,0,0,0,0,0,0,0,1,0,3,0,0,0,0,0,2,0,2,0,3,11,0,0,1326426
206039,0,0,0,0,0,0,0,0,0,1,1,0,1,0,3,1,1,0,0,0,0,0,0,0,1325414
217698,0,0,1,0,0,4,0,0,0,0,3,0,0,0,2,3,2,0,1,0,1,10,0,4,1324902
204008,0,2,0,0,0,0,0,0,0,12,2,0,1,0,1,35,2,0,0,7,7,0,29,0,1323589
208193,0,0,7,0,2,0,2,0,0,1,3,1,0,0,0,0,0,0,0,0,6,1,0,0,1322845
204160,0,0,0,0,0,0,0,0,0,0,0,0,0,0,0,0,0,0,0,0,0,0,0,0,1322109
203176,0,0,0,0,0,2,0,0,0,1,1,1,1,3,0,0,1,0,0,1,2,0,0,0,1319985
184723,0,0,0,0,0,0,0,0,0,0,0,0,0,0,0,0,2,0,1,0,0,3,0,0,1318309
204071,0,0,0,0,0,5,0,0,0,0,0,2,0,0,0,0,0,0,0,0,13,0,0,1,1318250
220333,0,4,0,0,0,0,0,0,0,12,1,1,0,0,1,3,0,0,0,0,5,10,5,0,1318021
211071,0,0,0,0,0,5,0,0,0,0,0,1,1,0,0,0,1,0,0,2,10,5,0,2,1316858
207746,0,1,0,0,0,0,0,1,0,0,1,0,0,0,2,11,5,1,2,0,1,0,0,0,1316637
191690,0,4,0,0,0,1,0,0,0,0,4,1,0,0,5,2,15,0,9,1,1,0,0,0,1316391
215473,0,1,0,0,0,0,0,0,0,0,0,0,0,0,5,3,0,0,0,0,0,7,0,0,1316199
190424,0,0,0,0,0,11,0,0,0,0,0,0,0,0,1,0,0,0,0,0,7,0,0,7,1314837
199988,0,0,0,0,0,1,0,0,0,0,1,0,0,0,0,0,0,0,0,0,4,0,0,0,1314635
184099,0,0,0,0,0,0,0,0,0,3,8,0,0,0,0,0,3,0,0,0,4,0,0,0,1313352
187456,0,2,3,0,0,0,1,0,0,0,4,0,0,0,2,1,0,0,0,0,0,9,0,0,1313122
219630,0,1,0,0,0,1,1,0,0,5,18,0,0,0,1,1,4,5,6,0,0,7,0,0,1312293
215114,0,8,1,0,0,0,0,0,0,0,7,0,0,3,2,3,1,0,0,0,0,56,0,0,1310619
208558,0,0,0,0,0,10,0,0,0,0,0,2,0,0,1,0,0,0,0,0,8,6,0,9,1308410
217013,0,0,0,0,0,6,1,0,0,0,0,1,0,1,0,0,0,0,0,0,6,1,0,6,1306203
204855,0,0,0,0,0,0,2,1,0,0,0,0,0,0,3,1,4,0,0,0,0,0,0,0,1306202
192758,0,0,0,0,1,4,0,0,0,0,0,0,0,0,0,0,0,0,0,0,0,0,0,0,1305807
212752,0,0,0,0,0,8,1,0,0,0,2,1,0,1,1,0,0,0,0,0,1,2,0,4,1304882
221782,0,0,0,0,0,6,0,0,0,0,4,0,0,0,0,0,0,0,0,1,0,12,0,5,1304704
213601,0,1,1,0,0,0,1,0,0,0,1,0,0,4,6,6,0,0,0,0,0,27,1,0,1304454
196632,0,0,0,0,0,0,0,0,0,0,0,2,0,0,3,2,0,0,0,0,10,0,0,0,1303844
186640,0,0,0,0,0,0,0,0,0,0,0,0,0,0,0,0,0,0,0,1,0,0,0,0,1303150
188792,0,0,0,0,0,1,1,0,0,0,0,0,0,0,0,0,0,0,0,0,3,0,0,0,1302835
190435,0,1,0,0,0,0,0,0,0,0,0,1,0,0,0,0,0,0,0,0,22,0,0,0,1302733
190317,0,0,0,0,1,0,0,0,0,1,0,0,1,0,2,2,0,0,0,0,0,0,0,0,1302634
183963,0,0,0,0,4,0,2,0,0,0,0,0,0,10,0,0,0,0,0,0,0,0,0,0,1299874
196504,0,0,0,0,0,0,0,0,0,5,1,1,0,0,0,0,0,0,0,0,36,0,0,0,1299234
184180,0,12,0,1,0,0,0,0,0,2,6,0,0,0,1,1,0,0,0,0,0,0,0,0,1298303
195594,0,0,0,0,0,0,0,0,0,0,0,0,0,0,2,1,1,0,1,0,1,0,0,0,1296631
202361,0,1,0,4,3,0,0,0,0,0,0,0,0,0,1,0,0,0,0,0,0,0,0,0,1296552
222376,0,3,0,0,0,0,0,0,0,0,1,0,0,0,1,2,0,0,0,0,0,24,0,0,1296532
188641,0,0,0,0,0,0,0,0,0,0,0,0,0,0,0,0,0,0,0,0,0,0,0,0,1294829
201144,0,4,0,0,0,0,0,0,0,0,9,0,0,0,0,0,7,0,5,0,0,0,0,0,1294076
200818,0,2,0,0,0,1,1,0,0,3,2,0,0,0,0,0,0,0,0,0,8,0,0,1,1292459
193050,0,1,0,0,0,0,1,0,0,2,4,0,0,0,3,3,0,0,0,0,0,0,0,0,1292379
215694,0,0,1,0,0,9,0,0,0,1,2,0,0,0,0,0,0,0,0,0,1,10,0,3,1291877
189116,0,0,0,0,0,0,0,0,0,0,2,0,0,0,3,0,5,0,1,0,0,0,0,0,1291869
189044,0,2,0,0,1,0,1,0,0,1,2,1,0,1,4,3,6,1,4,0,3,0,0,0,1289231
214906,0,0,0,0,0,0,0,0,0,0,2,0,0,0,2,29,0,0,0,0,0,4,0,0,1288542
213250,0,2,0,0,0,2,0,0,0,0,2,0,0,2,1,0,0,0,0,0,6,12,0,1,1288317
211022,0,0,0,0,0,0,0,0,0,0,1,1,0,0,1,1,2,0,2,0,0,43,0,0,1287833
216413,0,0,2,0,0,4,0,0,0,0,0,0,0,0,1,37,6,0,2,0,0,9,0,2,1287702
217029,0,1,1,0,0,0,0,0,0,0,5,0,0,0,2,3,0,0,0,0,0,13,7,0,1285386
209248,0,0,0,0,0,0,0,0,0,0,0,0,1,0,1,0,1,0,0,1,0,12,0,0,1285305
194864,0,1,0,0,0,0,0,0,0,2,10,1,0,0,2,0,6,0,7,0,9,0,0,0,1284906
211068,0,0,0,0,0,0,0,0,0,1,1,0,0,0,1,3,1,0,0,0,0,2,0,0,1283804
196129,0,2,0,0,2,0,1,0,0,0,2,1,0,1,2,0,10,0,8,0,6,0,0,0,1282001
202531,0,3,0,0,0,0,0,0,0,1,5,0,0,0,0,0,0,0,0,0,0,0,0,0,1281880
184809,0,0,0,0,0,11,0,0,0,0,0,2,0,0,0,0,0,0,0,0,12,0,0,9,1281573
194242,0,0,0,0,0,0,0,0,0,0,0,3,0,0,0,0,1,0,1,0,6,0,0,0,1279833
213257,0,0,5,0,1,0,0,0,0,0,3,0,0,0,0,0,0,0,0,0,0,63,0,0,1279285
213246,0,0,0,0,0,4,2,0,0,0,0,0,0,0,4,2,2,0,0,0,6,5,0,3,1278470
217287,0,0,0,0,0,0,2,0,0,0,7,0,0,2,0,0,5,0,5,0,0,1,0,0,1277300
214042,0,3,4,0,0,0,0,0,0,0,0,1,0,0,2,1,1,0,0,0,4,25,0,0,1276311
194966,0,0,0,0,1,1,0,1,0,0,1,1,0,0,7,19,6,0,1,0,0,0,0,0,1275169
188991,0,5,0,1,0,0,0,0,0,2,6,0,0,0,1,1,1,0,1,0,0,0,0,0,1273531
212037,0,0,0,0,0,1,0,0,0,1,5,0,0,1,6,4,0,0,0,0,0,16,1,0,1273041
188845,0,0,0,0,0,0,0,0,0,0,0,0,0,0,4,6,0,0,0,0,0,0,0,0,1273039
205646,0,0,0,0,2,3,0,0,0,2,2,1,2,0,1,0,1,0,0,4,2,0,0,0,1271655
185382,0,0,0,0,0,0,0,0,0,0,0,8,1,0,0,0,0,0,0,0,12,0,0,0,1271012
209159,0,1,4,0,0,0,0,0,0,0,1,0,0,0,1,0,0,0,0,0,0,14,0,0,1269275
203407,0,0,0,0,4,0,1,0,0,1,2,0,0,0,2,0,27,0,4,0,0,0,0,0,1267262
216731,0,1,0,0,3,0,0,0,1,0,2,0,0,0,0,0,3,0,1,0,2,23,0,0,1267079
204291,0,0,0,1,6,0,0,0,0,0,2,3,0,0,1,0,2,0,0,0,7,0,0,0,1265092
198364,0,1,0,1,14,0,1,2,0,1,2,0,0,0,0,0,3,0,1,5,0,0,0,0,1264491
201707,0,2,0,0,0,0,3,0,0,1,6,0,0,2,1,1,1,0,0,0,4,0,0,0,1263608
199231,0,0,0,0,0,0,0,0,0,1,1,0,0,0,3,10,0,0,0,0,0,0,0,0,1262374
211576,0,3,0,0,0,0,0,1,0,0,0,0,0,0,6,4,1,0,0,0,0,35,0,0,1262155
218460,0,1,0,0,0,1,0,0,0,0,1,0,0,0,3,1,2,0,0,0,0,49,0,1,1261841
210325,0,2,5,0,0,0,0,0,0,0,0,0,0,0,1,2,2,0,0,0,4,22,0,0,1260811
216733,0,0,0,0,0,2,1,1,0,0,0,1,0,2,0,0,1,0,0,0,7,3,0,0,1257195
216305,0,0,0,0,0,4,0,0,0,1,1,0,0,0,0,0,0,0,0,0,0,1,0,3,1256152
218691,0,0,0,0,0,1,0,0,0,0,0,0,0,0,0,0,2,0,0,0,0,4,0,1,1255411
198202,0,2,0,1,4,0,0,0,0,0,1,1,0,0,3,5,0,0,0,0,4,0,0,0,1253384
188574,0,0,0,0,0,0,2,0,0,0,0,0,0,2,0,0,0,0,0,0,5,0,0,0,1252918
222458,0,2,0,0,1,1,1,0,0,0,1,0,0,1,0,0,6,0,3,8,0,16,0,0,1252896
198352,0,0,0,0,0,0,0,0,0,0,0,1,0,0,1,0,2,0,1,0,16,0,0,0,1252620
185933,0,3,0,0,2,0,0,0,0,0,0,0,0,0,0,0,0,0,0,0,0,0,0,0,1252019
215626,0,1,0,0,0,0,0,0,0,0,0,0,0,0,1,0,1,0,1,0,2,7,0,0,1250893
191044,0,0,0,0,0,0,0,0,0,0,0,3,0,0,0,0,3,0,1,0,7,0,0,0,1250623
203536,0,0,0,0,0,0,0,0,0,0,0,4,0,0,3,10,0,0,0,0,10,0,1,0,1250240
205275,0,2,0,0,1,1,0,0,0,0,7,0,0,0,1,1,0,0,0,1,0,0,0,0,1249588
215230,0,1,0,0,0,1,1,0,0,30,19,1,0,0,1,0,0,0,0,0,1,14,0,0,1248942
201626,0,0,0,0,0,1,2,1,0,0,0,0,2,3,4,3,0,0,0,8,3,0,3,0,1248435
215156,0,1,3,0,0,0,0,0,0,0,0,0,1,0,5,3,0,0,0,2,1,23,0,0,1247997
189833,0,0,0,0,0,0,0,0,0,0,7,3,0,0,1,1,0,0,0,0,8,0,0,0,1247299
190433,0,0,0,0,0,1,0,0,0,0,0,1,0,0,0,0,0,0,0,0,8,0,0,1,1246896
185480,0,0,0,0,0,0,0,1,0,0,0,1,0,0,2,2,1,0,2,0,3,0,0,0,1246445
206271,0,0,0,0,0,0,0,0,0,0,0,3,0,0,0,0,2,0,3,0,5,0,0,0,1245752
199710,0,2,0,0,3,0,5,0,0,0,5,0,0,19,3,1,2,0,2,2,0,0,0,0,1244056
186881,0,0,0,0,0,7,0,0,0,0,0,1,0,0,0,0,0,0,0,0,2,0,0,1,1243133
214807,0,0,0,0,0,0,0,0,0,0,1,0,0,0,0,0,0,0,0,0,0,10,0,0,1242898
200053,0,0,0,0,0,3,0,0,0,0,0,1,2,0,0,0,0,0,0,2,14,0,0,1,1242679
219127,0,0,0,0,3,0,0,0,0,0,0,0,0,0,0,0,4,0,1,0,12,8,0,0,1242085
190242,0,0,0,0,0,2,0,0,0,0,0,1,0,0,1,1,0,0,0,0,38,0,0,2,1240655
219553,0,3,1,0,3,1,2,1,0,1,2,1,0,2,2,2,3,0,1,0,2,20,1,0,1238836
208403,0,4,4,0,0,0,0,0,0,0,0,0,0,0,0,0,0,0,0,0,0,22,0,0,1238830
209613,0,0,0,0,0,10,1,0,0,1,1,1,0,1,0,0,0,0,0,0,8,4,0,8,1238338
209597,0,2,3,0,0,0,0,0,0,0,1,0,0,0,3,0,0,0,0,0,0,30,0,0,1236450
205781,0,0,0,0,0,0,0,0,0,0,0,2,0,0,12,4,0,0,0,0,6,0,1,0,1236161
206936,0,0,0,0,0,1,0,0,0,0,0,1,1,0,2,1,4,1,3,1,17,0,0,1,1235229
213091,0,0,0,0,1,0,2,0,0,0,3,1,3,1,0,0,0,0,0,2,10,12,0,0,1235224
197990,0,3,0,0,2,0,0,0,0,0,3,1,0,0,0,0,0,0,0,0,3,10,0,0,1234998
197228,0,1,0,3,0,0,0,0,0,0,0,0,0,0,1,4,0,0,0,0,0,0,3,0,1233293
185535,0,3,0,0,0,0,0,0,0,0,0,0,0,0,1,1,2,0,1,0,0,0,0,0,1232813
185570,0,0,0,0,0,0,0,0,0,1,10,0,0,0,1,0,0,0,0,0,6,3,0,0,1231775
211452,0,0,0,0,0,3,0,0,0,0,0,0,2,0,0,0,5,0,0,2,0,14,0,0,1231542
196985,0,2,0,0,1,0,0,0,0,0,0,0,0,0,0,0,0,0,0,0,0,0,0,0,1231110
202357,0,0,0,0,0,3,0,0,0,0,2,2,0,0,0,0,2,0,1,0,26,0,0,1,1229870
210609,0,0,0,0,0,0,0,0,0,0,2,0,1,0,0,0,5,0,5,0,0,8,0,0,1229270
217078,0,0,0,0,0,2,0,0,0,0,0,2,0,0,0,0,0,0,0,0,4,2,0,0,1228919
201579,0,0,0,0,0,0,0,0,0,1,4,0,0,0,1,0,1,0,3,0,3,0,0,0,1228531
221294,0,0,0,0,0,1,0,0,0,0,0,0,0,0,2,0,1,0,0,0,3,24,0,0,1228285
214226,0,0,0,1,3,0,0,0,0,0,0,0,0,0,0,0,0,0,0,0,0,0,0,0,1227955
194567,0,0,0,0,0,11,0,0,0,0,0,2,0,0,0,0,0,0,0,0,4,0,0,8,1227534
210896,0,0,0,0,0,4,0,0,0,1,5,0,0,0,1,3,4,0,9,0,4,17,0,2,1227405
200215,0,0,0,1,0,0,0,0,0,0,0,0,0,0,0,0,1,0,1,0,0,0,0,0,1226719
218118,0,0,0,0,0,1,0,0,0,0,0,1,0,0,2,0,3,0,4,0,6,2,0,1,1226474
205828,0,0,0,0,0,0,0,1,0,0,16,0,0,0,0,2,6,0,4,0,0,0,0,0,1225995
218631,0,0,0,1,13,0,0,0,0,0,1,0,0,0,0,0,0,0,0,0,0,25,0,0,1225563
186086,0,0,0,0,0,0,0,0,0,0,0,0,0,0,0,0,0,0,0,0,0,0,0,0,1224135
221446,0,1,1,0,0,0,0,0,0,0,0,1,0,2,3,2,2,0,0,0,15,8,0,0,1224040
197994,0,0,0,0,0,0,2,3,0,1,4,0,0,1,0,0,1,0,0,0,0,0,0,0,1222829
216490,0,0,0,0,0,0,0,0,0,0,1,1,0,0,0,0,2,0,0,0,0,7,0,0,1221704
198003,0,0,0,0,0,4,0,0,0,0,0,1,0,0,0,0,0,0,0,0,5,0,0,1,1221537
202516,0,7,0,0,0,0,0,0,0,0,0,0,0,0,0,0,0,0,0,0,0,0,0,0,1221267
204075,0,0,0,0,0,0,0,0,0,0,0,1,0,0,2,5,1,0,1,0,9,0,0,0,1220915
216253,0,2,9,0,0,0,0,0,0,0,0,0,0,0,1,0,2,0,2,0,0,10,0,0,1219711
190441,0,0,0,0,0,1,0,0,0,0,0,1,0,0,1,0,0,0,0,0,8,0,0,0,1219224
209550,0,0,5,0,0,0,0,0,0,0,3,0,0,0,1,1,3,0,1,0,1,31,0,0,1219106
196037,0,0,0,0,0,0,0,0,0,0,0,0,0,0,2,4,2,0,0,0,0,0,0,0,1218857
208648,0,0,0,0,0,0,0,0,0,0,1,1,0,0,2,1,6,8,10,0,6,4,0,0,1218576
207552,0,0,0,0,0,0,0,0,0,1,12,0,0,0,1,0,19,0,20,0,0,2,0,0,1218054
213054,0,1,0,0,0,4,0,0,0,20,3,1,0,0,1,1,0,0,0,0,8,16,0,1,1217914
219551,0,0,0,0,0,1,0,0,0,0,0,1,0,0,1,0,4,0,7,0,3,11,0,1,1217726
186026,0,0,0,0,0,0,0,0,0,0,0,0,0,0,0,0,0,0,0,0,0,0,0,0,1217632
222410,0,0,0,0,0,3,0,0,0,0,0,0,0,0,1,0,0,0,0,0,2,16,0,3,1216995
206455,0,1,0,0,0,0,0,0,0,0,1,0,0,0,1,0,1,0,1,0,0,0,0,0,1216825
189200,0,0,0,0,0,0,0,0,0,0,1,1,0,0,0,0,11,13,25,0,15,0,0,0,1216722
223132,0,0,0,0,0,2,0,0,0,0,0,0,0,0,1,1,0,0,0,0,4,0,0,1,1216531
189257,0,0,0,1,0,0,1,0,0,0,0,3,2,0,0,0,0,0,0,4,10,0,0,0,1216381
214412,0,0,0,0,0,8,0,0,0,0,0,0,0,0,1,0,1,0,0,0,2,5,0,5,1216270
209949,0,0,0,0,0,0,0,0,0,0,3,0,0,0,1,2,5,2,2,0,0,29,0,0,1216230
185917,0,2,0,0,1,0,0,0,0,0,0,0,0,0,1,0,1,0,0,0,0,0,0,0,1215980
207163,0,3,2,0,3,0,0,0,0,0,0,0,0,0,0,0,0,0,0,0,0,12,0,0,1214191
209772,0,0,0,0,0,0,0,0,0,0,10,2,0,0,1,0,1,0,1,0,6,6,0,0,1213343
223005,0,1,0,0,0,0,0,0,0,0,0,1,0,0,0,0,3,0,1,1,0,21,0,0,1212276
184323,0,0,0,0,0,0,0,0,0,0,0,4,0,0,1,2,0,0,0,0,14,0,0,0,1211881
202261,0,0,0,0,2,0,0,0,0,0,2,1,0,0,1,0,0,0,0,0,0,4,0,0,1211784
196014,0,0,0,0,0,1,0,0,0,0,0,0,1,0,0,0,0,0,0,1,0,0,0,1,1209903
200649,0,1,0,0,0,0,0,0,0,0,12,0,0,0,1,2,0,0,0,0,0,0,0,0,1209576
219805,0,0,0,0,0,0,0,0,0,0,11,0,0,0,0,0,2,0,2,0,0,3,0,0,1208045
214050,0,0,1,0,0,1,0,0,0,0,1,0,0,0,0,0,0,0,0,0,0,2,0,1,1207744
219942,0,0,1,0,0,0,0,0,0,0,14,0,0,0,0,0,3,0,2,0,4,3,0,0,1207135
204539,0,0,0,0,0,0,0,0,0,9,7,0,0,0,2,1,4,0,1,0,0,0,0,0,1206858
184018,0,0,0,0,0,0,0,0,0,0,1,1,0,0,0,0,3,0,0,0,0,0,0,0,1205448
221677,0,0,0,0,0,10,1,0,0,0,0,0,0,1,0,0,0,0,0,0,3,0,0,10,1205435
214082,0,0,0,0,0,0,0,0,0,1,9,1,4,0,1,1,0,0,0,3,11,10,0,0,1205007
210068,0,3,6,0,0,5,3,0,1,0,0,0,0,3,1,0,7,0,1,0,3,15,0,0,1203516
208363,0,0,8,0,0,0,0,0,0,0,0,0,0,0,0,0,0,0,0,0,0,8,0,0,1201545
209058,0,0,1,0,0,0,0,0,0,0,0,0,0,0,0,0,3,0,3,0,0,11,0,0,1201399
209032,0,0,1,0,0,1,1,0,0,0,0,1,0,0,6,13,0,0,0,0,2,5,9,0,1200389
220610,0,0,0,0,0,0,1,0,0,0,0,0,0,0,0,0,0,0,0,0,0,7,0,0,1197298
207425,0,0,0,0,0,0,0,0,0,0,3,0,1,0,0,0,0,0,0,1,1,0,0,0,1192694
217713,0,0,2,0,0,2,2,0,0,0,5,1,0,2,1,1,2,0,0,0,3,9,0,1,1191484
219345,0,1,8,0,0,0,0,0,0,0,0,0,0,0,0,0,2,0,0,0,3,13,0,0,1190764
213710,0,0,4,0,0,0,0,0,0,0,0,0,0,0,0,0,0,0,0,0,0,6,0,0,1190294
184502,0,4,0,0,1,0,0,0,0,0,0,0,0,0,0,0,1,0,0,1,0,0,0,0,1189736
218292,0,3,3,6,0,0,0,0,0,0,0,0,0,0,1,2,0,0,0,0,3,23,0,0,1189242
206556,0,2,1,0,0,0,2,0,0,0,1,1,0,1,1,1,6,0,0,0,0,3,0,0,1188228
202685,0,0,0,0,0,0,1,0,0,0,0,0,0,0,0,0,0,0,0,0,11,0,0,0,1187943
185876,0,0,0,0,1,0,0,0,0,0,0,0,0,0,0,0,0,0,0,3,4,0,0,0,1187768
201711,0,0,0,0,0,0,0,0,0,0,0,1,0,0,0,0,1,0,1,0,4,0,0,0,1187688
218567,0,0,0,0,0,0,0,0,0,0,0,0,0,0,0,0,3,0,0,0,0,8,0,0,1187194
212385,0,0,0,0,0,0,0,0,0,2,5,0,0,1,3,3,6,0,3,0,4,18,0,0,1186262
209169,0,2,3,0,0,2,0,0,1,1,4,0,0,0,2,0,4,0,1,0,2,61,0,2,1186119
215045,0,5,1,0,0,0,0,0,0,0,0,0,0,0,1,4,4,1,3,0,0,40,0,0,1185522
204985,0,2,0,0,0,0,0,0,0,1,0,1,0,0,1,4,0,0,0,0,7,0,0,0,1185160
196378,0,0,0,0,0,13,0,0,0,0,0,1,0,0,0,0,0,0,0,0,8,0,0,10,1184715
201279,0,0,0,0,0,1,3,0,0,0,14,0,0,5,2,1,3,0,0,0,0,0,0,1,1184483
212254,0,0,0,0,0,1,1,0,0,1,1,0,0,3,0,0,0,0,0,0,3,7,1,1,1182599
223043,0,3,2,0,0,0,0,0,0,0,0,0,0,0,3,11,3,0,3,0,9,19,11,0,1181989
197135,0,0,0,0,0,0,0,0,0,4,20,0,0,2,0,0,0,0,0,0,7,0,0,0,1181371
195631,0,0,0,0,0,0,0,0,0,0,0,0,0,0,0,0,2,0,2,0,0,0,0,0,1180452
220975,0,0,1,0,0,0,0,0,0,0,0,0,0,0,0,0,0,0,0,0,0,13,0,0,1179264
202582,0,0,0,0,0,0,0,1,0,0,10,0,0,0,3,12,1,0,0,0,0,10,0,0,1178040
202702,0,0,0,0,0,1,2,0,0,0,3,1,1,2,0,0,4,0,5,1,1,0,0,0,1177949
214016,0,2,7,0,0,3,0,0,0,0,2,0,1,0,1,1,1,0,2,1,4,25,1,2,1176930
185518,0,0,0,0,0,1,0,0,0,0,0,0,5,0,1,1,4,0,2,7,0,0,3,0,1175865
191465,0,0,0,0,0,0,0,1,0,0,14,0,0,0,1,1,6,0,3,0,0,0,1,0,1175506
184167,0,1,0,0,0,0,0,0,0,0,0,0,0,1,0,0,0,0,0,0,0,0,0,0,1175251
215506,0,1,1,0,0,0,0,0,0,0,3,0,0,0,0,0,0,0,0,0,0,19,0,0,1173247
218729,0,4,3,0,0,0,0,0,0,0,7,0,0,0,0,0,2,0,0,0,0,20,0,0,1172984
216285,0,0,0,0,0,1,0,0,0,0,0,1,1,0,1,1,0,0,0,0,8,13,0,0,1172354
210663,0,0,1,0,0,5,0,0,0,0,0,0,0,0,0,0,0,0,0,0,0,11,0,3,1172345
218508,0,0,2,0,0,1,2,0,0,0,0,1,0,0,0,0,2,0,0,0,5,11,0,1,1172134
188256,0,1,0,0,0,0,0,0,0,0,1,0,0,0,3,1,4,0,3,0,0,0,0,0,1170858
191818,0,0,0,0,0,0,0,0,0,0,0,0,3,0,0,0,0,0,0,3,4,0,0,0,1170486
222912,0,0,0,0,0,2,0,0,0,0,8,0,0,0,1,0,2,0,2,0,1,10,0,2,1169438
216375,0,1,0,0,0,0,0,1,0,0,1,1,0,0,1,2,2,0,1,0,1,11,1,0,1168328
222161,0,1,1,0,0,0,0,0,0,0,8,0,0,0,1,2,5,0,4,0,0,26,0,0,1168248
203355,0,0,0,0,0,1,1,0,0,0,0,0,0,0,0,0,4,0,0,0,1,0,0,0,1168043
206943,0,0,0,0,0,0,0,0,0,0,1,0,0,0,1,0,0,0,0,0,0,0,0,0,1167306
214964,0,2,0,0,0,0,0,0,0,2,9,0,0,0,3,12,4,0,6,0,4,26,3,0,1167281
220806,0,0,0,0,1,0,0,0,0,0,0,0,0,0,0,0,2,0,2,0,0,11,0,0,1167275
192431,0,0,0,0,0,0,0,0,0,0,19,0,0,0,0,0,0,0,0,0,0,0,0,0,1166864
211088,0,0,0,0,0,1,0,0,0,0,0,0,0,0,2,1,0,0,0,0,0,23,0,0,1166475
206405,0,0,0,2,3,0,0,0,0,0,0,0,0,0,0,0,0,0,0,0,0,0,0,0,1166364
205498,0,0,0,0,0,0,0,0,0,0,0,1,2,0,2,4,0,0,0,2,4,0,0,0,1166321
210442,0,0,3,0,0,7,1,0,0,0,0,0,0,0,0,0,2,0,0,0,0,6,0,4,1165459
208089,0,2,6,0,0,1,0,2,0,0,0,0,0,0,0,0,0,0,0,0,1,18,0,1,1165293
190732,0,2,1,0,8,0,0,0,0,0,0,1,0,0,0,0,0,0,0,0,3,22,0,0,1165213
192520,0,0,0,0,0,0,0,0,0,0,0,0,0,0,0,0,0,0,0,0,0,0,0,0,1165103
210723,0,0,1,0,0,0,0,0,0,0,0,0,0,0,1,0,5,0,6,0,0,20,0,0,1165020
190236,0,0,0,0,0,5,0,0,0,0,0,0,0,0,0,0,0,0,0,0,11,0,0,0,1163427
216336,0,0,0,0,0,0,0,0,0,4,4,1,0,0,1,0,0,0,0,0,0,7,0,0,1163393
187509,0,0,0,0,0,0,0,0,0,0,0,0,0,0,0,0,0,0,0,0,0,0,0,0,1162757
219983,0,0,0,0,0,0,0,1,0,0,3,0,0,0,6,4,0,0,0,0,0,29,3,0,1161942
208209,0,0,4,0,0,2,0,0,0,1,0,0,0,0,2,1,2,0,0,0,6,2,0,2,1160587
189325,0,0,0,0,0,0,0,0,0,0,19,1,0,0,2,0,0,0,0,0,15,0,0,0,1160573
206986,0,3,0,0,0,0,0,0,0,0,2,1,0,0,0,0,0,0,0,0,0,0,0,0,1160309
202012,0,0,0,0,4,0,0,0,0,0,0,0,0,0,0,0,0,0,0,0,2,0,0,0,1158761
200633,0,0,0,0,2,2,0,0,0,0,0,1,0,0,0,0,0,0,0,0,8,0,0,2,1157953
205966,0,0,0,0,0,0,0,0,0,0,0,0,0,1,0,0,0,0,0,0,5,0,0,0,1157004
198164,0,2,0,0,0,0,1,0,0,2,7,0,0,2,0,0,5,0,2,0,0,0,0,0,1156781
196074,0,4,0,0,0,0,1,0,0,40,6,0,0,0,0,0,5,0,5,0,6,0,0,0,1156746
191155,0,0,0,0,0,0,0,0,0,2,5,0,0,0,0,0,0,0,0,0,0,0,0,0,1156068
183877,0,1,0,0,1,0,0,0,0,0,0,0,0,0,2,2,2,0,3,0,0,3,1,0,1155744
190758,0,0,0,0,3,0,0,0,0,0,0,0,0,1,0,0,0,0,0,0,0,3,0,0,1155668
209365,0,1,1,0,0,0,0,0,0,0,0,0,0,0,1,0,3,0,0,0,1,31,0,0,1155488
195348,0,0,0,0,0,7,0,0,0,0,1,2,0,0,0,0,0,0,0,0,10,0,0,6,1155046
210770,0,0,4,0,0,0,0,1,0,0,0,0,0,0,2,0,0,0,0,0,0,17,0,0,1154654
205894,0,0,0,0,1,1,1,0,0,0,1,0,0,1,0,0,2,0,2,0,0,4,0,0,1154612
190966,0,0,0,0,0,0,0,0,0,0,0,0,1,0,0,0,0,0,0,1,0,0,0,0,1154266
198158,0,1,0,0,0,0,1,0,0,0,2,0,0,1,1,1,0,0,0,0,0,0,1,0,1153920
199630,0,0,0,0,0,0,0,0,0,1,0,0,0,0,0,0,0,0,0,0,0,0,0,0,1153806
217077,0,0,7,1,0,0,0,0,0,0,0,0,0,0,0,0,0,0,0,0,0,3,0,0,1153787
211555,0,0,1,0,0,0,0,0,0,1,1,0,0,0,2,0,0,0,0,0,0,12,0,0,1153394
185984,0,1,0,0,0,0,0,0,0,1,4,0,0,0,0,0,1,0,2,0,6,0,0,0,1153046
203472,0,0,0,0,0,2,1,0,0,0,1,1,2,2,2,0,3,0,1,1,6,11,1,0,1152571
186806,0,1,0,1,0,0,0,0,0,0,0,0,0,0,0,0,1,0,1,0,0,0,0,0,1152567
195600,0,0,0,0,0,0,0,0,0,0,0,0,0,0,3,3,2,0,2,0,0,3,0,0,1152451
188545,0,0,0,0,0,0,1,0,0,0,1,0,0,0,1,0,0,0,0,0,0,0,0,0,1151641
214927,0,1,5,0,0,2,1,0,0,2,1,0,0,1,1,3,3,0,2,0,1,16,0,0,1150524
219917,0,0,1,0,0,6,0,0,0,0,1,0,0,0,0,0,0,0,0,0,1,9,0,3,1149905
204294,0,1,0,0,0,0,0,0,0,0,1,0,0,11,0,0,4,0,2,0,9,0,0,0,1149816
184509,0,0,0,0,0,9,0,0,0,0,0,0,0,0,0,0,0,0,0,0,0,0,0,6,1149332
216343,0,0,0,0,0,0,0,0,0,0,0,0,0,0,2,2,0,0,0,0,0,6,1,0,1148850
211949,0,0,1,0,0,0,0,0,0,1,2,0,0,0,0,0,0,0,0,0,0,7,0,0,1148111
186322,0,0,0,0,2,0,0,0,0,1,4,0,0,0,0,0,2,0,2,0,0,0,0,0,1148045
210126,0,0,0,0,0,0,0,0,0,0,0,0,0,0,2,31,0,0,0,0,0,9,1,0,1145673
209376,0,1,1,0,0,0,0,0,0,0,0,0,0,0,0,0,0,0,0,0,0,38,0,0,1144883
214434,0,1,1,0,1,0,0,0,0,1,0,0,0,0,1,0,1,0,0,0,2,17,0,0,1143287
220535,0,0,0,0,0,0,0,0,0,0,2,0,0,0,1,2,2,0,0,0,1,34,0,0,1142499
199944,0,0,0,0,0,0,0,0,0,0,0,0,0,0,0,0,3,0,1,0,0,0,0,0,1142089
223113,0,0,1,0,0,0,0,0,0,1,10,0,0,0,2,3,3,0,2,0,0,12,3,0,1141528
186968,0,0,0,0,2,0,0,0,0,0,2,0,1,0,0,0,1,0,1,0,0,0,0,0,1141476
194247,0,0,0,0,0,7,0,0,0,0,0,0,5,0,1,0,0,0,0,5,2,0,0,4,1141023
207856,0,2,2,0,0,2,0,0,0,0,0,0,0,0,0,0,1,0,1,2,6,23,0,0,1140585
204221,0,0,0,0,0,0,0,0,0,2,2,3,0,0,1,1,0,0,0,0,14,0,0,0,1140160
211831,0,0,0,0,0,0,0,0,0,0,0,0,0,0,4,0,1,0,0,0,0,19,0,0,1139712
216629,0,0,0,0,0,0,0,0,0,0,0,0,0,0,0,0,0,0,0,0,0,16,0,0,1139702
191373,0,3,0,0,0,1,0,0,0,0,8,1,0,0,0,0,0,0,0,0,2,0,0,1,1139169
212827,0,1,0,0,0,0,0,0,0,0,1,0,0,0,6,4,0,0,0,0,0,16,0,0,1138656
193526,0,0,0,0,0,0,0,0,0,0,0,1,0,0,0,0,0,0,0,0,3,0,0,0,1138610
197627,0,0,0,0,0,0,0,0,0,2,20,0,0,0,1,2,1,0,1,0,3,0,0,0,1138587
208090,0,0,1,0,0,3,1,0,0,0,0,1,0,1,0,0,2,0,0,1,4,16,0,1,1138237
192923,0,0,0,0,2,0,0,0,0,0,11,0,0,0,0,0,3,0,4,0,0,0,0,0,1137912
210799,0,1,4,0,0,1,0,0,0,0,0,0,0,0,0,0,1,0,2,0,0,17,0,0,1137008
185327,0,1,0,0,0,0,0,1,0,0,1,0,0,0,1,0,2,0,0,0,0,0,0,0,1136005
211327,0,0,0,0,0,0,0,0,0,0,0,0,2,0,3,13,1,0,0,2,1,3,0,0,1135947
203201,0,3,0,0,0,0,1,1,0,0,2,0,0,0,2,0,5,0,3,0,0,0,0,0,1135945
219421,0,2,0,0,4,0,0,0,0,1,1,2,0,0,2,4,0,0,0,0,8,10,2,0,1135717
188980,0,0,0,0,0,0,1,0,0,0,0,1,0,0,0,0,7,0,3,0,7,0,0,0,1135711
220893,0,2,0,0,0,0,0,0,0,0,0,0,0,0,2,1,0,0,0,0,0,12,0,0,1135584
191105,0,0,0,0,0,0,2,2,0,0,0,0,0,0,2,0,0,0,0,2,2,14,0,0,1135112
215113,0,0,0,0,0,0,0,0,0,0,6,0,0,0,0,0,0,0,0,0,0,20,0,0,1134787
189258,0,0,0,0,0,4,0,0,0,0,3,1,3,0,1,1,0,0,0,2,3,0,0,1,1134773
185411,0,0,0,0,0,0,0,0,0,0,6,0,0,1,2,0,1,0,0,0,0,0,0,0,1134499
203042,0,1,0,0,0,0,0,0,0,0,0,0,0,0,2,5,0,0,0,0,0,0,0,0,1133741
210335,0,0,2,0,0,0,0,0,0,0,1,0,0,0,1,1,6,0,5,0,0,31,0,0,1133573
215211,0,0,0,0,0,1,2,0,0,0,0,0,0,1,0,0,2,0,2,0,1,5,0,0,1133056
216163,0,2,0,0,0,0,0,0,0,0,0,0,0,0,2,1,5,0,5,0,0,16,0,0,1132337
194154,0,2,1,0,0,0,1,0,0,0,0,4,0,0,0,0,0,0,0,0,1,7,0,0,1132225
209074,0,0,0,0,0,0,0,1,0,1,5,0,0,0,3,0,1,0,2,0,0,28,0,0,1130911
219017,0,0,0,0,0,8,0,0,0,0,0,0,0,0,0,0,0,0,0,0,0,8,0,1,1130694
187437,0,0,0,0,0,10,0,0,0,0,0,1,0,0,0,0,0,0,0,0,18,0,0,8,1129981
188270,0,0,0,0,1,0,0,0,0,0,5,0,0,0,1,0,3,0,0,0,0,0,0,0,1129863
221963,0,1,0,0,0,0,0,1,0,0,4,0,0,0,1,0,1,0,0,0,4,44,0,0,1129769
197602,0,5,3,0,0,0,0,0,0,0,1,2,0,0,2,1,0,0,0,0,4,25,0,0,1128959
189437,0,0,0,0,0,0,0,0,0,0,1,1,0,0,1,2,4,0,3,0,3,0,1,0,1128332
187251,0,0,0,0,0,0,0,0,0,1,2,1,0,0,0,0,0,0,0,0,3,0,0,0,1128184
196902,0,0,0,0,25,0,0,0,0,0,1,4,0,0,1,3,1,0,1,0,3,0,0,0,1127973
214620,0,1,1,0,0,1,1,0,0,40,8,0,0,1,5,0,2,0,0,0,0,20,0,1,1126605
202471,0,1,0,0,0,0,0,0,0,0,8,1,0,0,1,0,0,0,0,0,0,0,0,0,1125931
221367,0,1,0,0,0,2,0,0,0,0,0,1,0,0,0,0,1,0,0,1,10,9,0,2,1124276
184462,0,0,0,0,0,0,0,0,0,0,4,0,0,0,0,0,1,0,0,0,0,0,0,0,1124009
205949,0,0,0,0,0,0,0,0,0,1,24,0,0,0,0,0,2,0,3,0,0,3,0,0,1123585
214270,0,0,0,0,0,4,0,0,0,1,2,2,0,0,0,0,0,0,0,0,19,2,0,0,1123007
219351,0,1,1,0,0,0,0,0,0,2,5,0,0,0,0,0,3,0,3,0,0,8,0,0,1122940
197563,0,1,0,0,0,0,2,0,0,0,0,0,0,0,0,0,0,0,0,0,0,0,0,0,1121947
186697,0,5,0,0,1,0,0,0,0,1,3,0,0,0,1,1,0,0,0,0,0,0,0,0,1121829
208792,0,0,0,0,0,0,0,0,0,1,4,1,0,0,1,1,1,0,1,3,2,12,0,0,1120963
209052,0,0,1,0,0,5,1,0,0,0,1,0,0,1,0,0,0,0,0,0,1,4,0,3,1120712
193002,0,1,0,0,0,0,0,0,0,0,2,0,0,0,0,0,2,0,1,0,0,7,0,0,1120470
208428,0,2,0,0,0,0,0,0,0,0,1,0,0,0,0,0,0,0,0,0,0,23,0,0,1119072
189757,0,0,0,0,0,9,1,2,0,0,0,1,0,0,3,0,1,0,1,0,1,0,0,4,1118514
221978,0,0,0,0,0,0,0,0,0,0,2,0,0,0,1,0,0,0,0,0,0,3,0,0,1118492
220212,0,0,0,0,0,0,0,0,0,0,2,0,0,0,2,6,1,0,0,0,0,16,1,0,1118009
194980,0,0,0,0,0,0,0,0,0,0,0,0,0,0,0,0,3,0,5,0,1,0,0,0,1117889
212560,0,0,1,0,0,0,2,0,0,0,1,0,0,5,0,0,0,0,0,0,4,48,0,0,1117542
213733,0,0,0,0,0,0,0,0,0,0,0,0,0,0,0,0,0,0,0,0,0,9,0,0,1116549
221504,0,0,0,0,0,0,1,0,0,2,2,0,0,0,0,0,3,0,1,0,0,8,0,0,1116150
223191,0,0,0,0,0,0,0,0,0,0,0,1,0,0,0,0,0,0,0,0,7,0,0,0,1115707
215820,0,0,0,0,0,0,0,0,0,0,2,0,1,0,0,0,0,0,0,0,5,40,0,0,1114852
205174,0,0,0,0,0,2,0,0,0,0,0,1,3,0,1,1,0,0,0,2,2,0,0,1,1114250
207855,0,0,3,0,0,4,0,0,0,0,1,0,0,0,2,1,1,0,1,0,0,7,0,2,1114184
208166,0,0,2,0,0,2,0,0,0,1,6,0,0,0,0,0,0,0,0,0,4,9,0,2,1113948
206036,0,0,0,0,0,2,0,0,0,0,2,2,0,0,2,1,1,0,1,1,3,0,0,0,1113506
202948,0,0,0,0,0,0,0,0,0,0,0,0,0,0,1,0,2,0,0,0,0,12,0,0,1112206
219948,0,1,0,0,0,0,0,0,0,0,0,0,0,0,0,0,0,0,0,0,0,17,0,0,1111879
216500,0,0,0,0,0,0,0,0,0,0,0,0,0,0,0,0,0,0,0,0,0,0,0,0,1111095
219934,0,1,1,0,0,0,0,0,0,0,0,0,0,0,0,0,1,0,2,0,0,2,0,0,1110689
214295,0,1,1,0,0,0,0,0,0,0,2,0,0,0,0,0,0,0,0,0,0,29,0,0,1110007
198567,0,0,0,0,1,0,0,0,0,0,0,1,0,0,0,0,0,0,0,0,13,0,0,0,1109944
213238,0,3,3,0,0,0,0,0,0,0,3,0,0,0,0,0,4,0,4,0,1,26,0,0,1107964
217188,0,5,0,0,0,0,0,0,0,0,7,0,0,0,0,0,1,0,0,0,3,28,0,0,1107950
215250,0,0,2,0,0,0,6,0,0,0,3,1,0,4,0,0,1,1,1,0,7,46,0,0,1107756
194320,0,3,0,0,1,0,0,0,0,0,1,1,0,0,1,0,0,0,0,0,8,3,0,0,1106977
189868,0,0,0,0,0,4,0,0,0,0,0,1,0,1,0,0,0,0,0,0,4,0,0,0,1106763
190145,0,0,0,0,0,0,0,0,0,0,0,3,0,0,0,0,1,0,0,0,9,0,0,0,1106459
218904,0,1,1,0,0,0,0,0,0,0,0,1,0,0,1,2,0,0,0,0,0,20,0,0,1106382
194203,0,0,0,0,0,1,1,0,0,0,0,2,0,0,2,0,0,0,0,0,8,6,0,0,1106124
214599,0,0,0,0,0,0,0,0,0,0,1,0,0,0,0,0,1,0,0,0,0,5,0,0,1105909
197380,0,2,0,0,0,0,0,0,0,0,0,0,0,0,3,5,1,0,0,0,0,0,0,0,1105795
194642,0,1,0,0,0,0,0,0,0,1,6,0,0,2,0,0,0,0,0,0,0,4,0,0,1105551
185223,0,1,0,0,5,0,0,0,0,0,0,0,1,0,2,3,1,0,2,0,0,0,0,0,1104881
185646,0,0,0,0,0,0,0,0,0,1,2,0,0,0,0,0,0,0,0,0,0,0,0,0,1104873
221285,0,0,1,0,0,0,0,0,0,3,11,1,0,0,0,0,0,0,0,0,0,14,0,0,1104607
208663,0,1,0,0,0,0,0,0,0,0,0,0,0,0,0,0,2,0,1,0,0,20,0,0,1104253
185632,0,0,0,0,0,1,0,0,0,0,0,1,0,0,1,1,0,0,0,0,1,0,0,1,1104220
196253,0,4,0,0,0,0,0,0,0,0,1,0,0,0,0,0,0,0,0,0,0,0,0,0,1103687
205368,0,1,0,0,40,0,0,0,0,0,0,3,0,0,0,0,0,0,0,0,5,0,0,0,1103017
215373,0,0,1,0,0,0,0,0,0,0,3,3,0,0,0,0,1,1,2,0,4,34,0,0,1102934
206152,0,0,0,0,0,0,0,0,0,0,0,0,0,0,0,0,1,0,0,0,15,0,0,0,1101866
200996,0,1,0,0,0,0,1,0,0,1,4,0,0,0,0,0,5,0,2,0,0,0,0,0,1101401
184389,0,1,0,0,0,0,0,0,0,1,8,0,0,0,0,0,2,0,1,0,2,0,0,0,1101379
188159,0,0,0,0,0,1,0,0,0,0,0,1,0,0,0,0,2,0,1,0,10,0,0,1,1101283
184735,0,0,0,0,0,0,0,0,0,0,0,1,2,0,0,0,1,0,0,1,13,0,0,0,1100980
194524,0,0,0,0,0,13,0,0,0,0,0,1,0,0,0,0,0,0,0,4,5,0,0,9,1100135
213883,0,2,1,0,0,0,0,0,0,1,6,0,0,0,2,1,1,1,1,0,0,29,0,0,1100132
191689,0,0,0,0,1,2,0,0,0,1,4,1,0,0,0,0,2,0,0,0,11,0,0,2,1099498
199844,0,0,0,0,0,0,0,0,0,2,1,1,0,0,2,0,2,0,1,0,9,0,0,0,1099131
189037,0,1,0,0,1,0,0,0,0,0,0,1,0,0,0,0,2,0,1,0,6,3,0,0,1097578
207712,0,1,0,0,0,0,0,1,0,0,2,0,0,0,2,0,1,0,0,0,0,0,0,0,1097154
214124,0,0,3,0,0,0,0,1,0,0,0,0,0,0,4,6,2,0,2,0,0,10,0,0,1096948
218323,0,0,0,0,0,0,0,0,0,0,0,1,0,0,0,0,0,0,0,0,1,0,0,0,1096892
188847,0,0,0,0,0,0,0,0,0,2,2,0,0,0,0,0,4,0,0,0,0,0,0,0,1096829
198641,0,2,0,0,0,0,0,0,0,0,3,2,0,0,0,0,2,0,3,0,9,0,0,0,1096569
197008,0,0,0,0,0,1,0,0,0,0,0,0,0,0,0,0,2,0,1,0,0,0,0,1,1096197
201596,0,0,0,0,0,0,0,0,0,0,0,0,0,0,0,0,0,0,0,0,1,0,0,0,1095564
206035,0,1,0,0,0,2,1,0,0,0,0,1,0,1,0,0,0,0,0,0,0,8,0,0,1095090
189880,0,0,0,0,0,1,0,0,0,0,6,0,0,0,0,0,0,0,0,0,0,0,0,0,1094230
186293,0,0,0,0,7,0,0,0,0,0,0,0,0,0,0,0,0,0,0,0,0,0,0,0,1093787
212141,0,0,0,0,0,1,0,1,0,0,0,0,0,0,1,0,0,0,0,0,0,8,0,0,1093474
192585,0,1,0,0,1,0,0,1,0,0,2,0,0,0,1,1,3,0,3,0,0,0,0,0,1093395
218197,0,0,0,0,0,0,0,0,0,0,7,0,0,0,0,0,1,0,0,0,0,11,0,0,1093091
196692,0,0,0,0,0,0,0,0,0,0,0,2,0,0,0,0,1,0,0,0,21,0,0,0,1093004
205497,0,0,0,0,0,0,0,0,0,0,0,1,0,0,0,0,0,0,0,14,2,0,0,0,1092866
189984,0,0,0,1,4,0,0,0,0,2,3,0,0,0,0,0,0,0,0,0,0,0,0,0,1092850
215803,0,1,0,0,3,0,0,0,0,0,0,0,0,0,1,1,0,0,0,2,0,14,1,0,1090283
200476,0,0,0,0,0,0,0,0,0,0,0,0,0,0,0,0,0,0,0,1,5,4,0,0,1089541
200835,0,0,0,0,0,4,0,0,0,0,0,1,1,0,0,0,0,0,0,2,9,0,0,1,1088713
201428,0,0,0,0,0,0,2,0,0,0,0,0,0,0,0,0,0,0,0,0,0,0,0,0,1088491
201571,0,0,0,0,0,10,0,0,0,0,0,0,0,0,1,0,1,0,1,0,4,0,0,1,1088001
216470,0,1,0,0,0,0,2,0,0,2,0,1,0,3,1,0,0,0,0,0,11,9,0,0,1087345
216121,0,1,1,0,0,0,0,0,0,1,3,0,0,0,0,0,0,0,0,0,0,5,0,0,1086851
217286,0,0,0,0,2,0,0,0,0,0,3,0,0,0,0,0,0,0,0,0,0,17,0,0,1086472
219818,0,0,0,0,0,0,0,1,0,1,1,0,1,0,2,0,0,0,0,0,5,7,0,0,1085825
209822,0,0,0,0,0,0,1,0,0,0,0,1,0,0,1,0,0,0,0,0,0,12,0,0,1085310
202871,0,1,0,0,0,0,1,0,0,0,1,0,0,0,1,0,3,0,0,0,2,0,0,0,1084441
196555,0,0,0,0,0,22,0,0,0,0,0,2,0,0,0,0,0,0,0,0,7,0,0,8,1084333
197566,0,0,0,0,0,7,0,0,0,0,0,1,0,0,1,0,0,0,0,0,1,0,0,3,1084249
211740,0,2,1,0,0,0,0,0,0,1,3,0,1,0,0,0,0,0,0,3,3,8,0,0,1083855
185990,0,0,0,0,0,0,0,1,0,0,0,0,0,1,1,0,0,0,0,0,0,0,0,0,1083697
215233,0,2,0,0,0,0,0,0,0,0,0,0,0,0,1,0,0,0,0,0,3,14,0,0,1083565
217526,0,0,12,0,0,1,0,0,2,0,4,0,0,0,0,0,5,1,3,0,1,10,0,1,1083424
206201,0,0,0,0,0,0,0,0,0,1,2,1,0,0,1,0,2,0,1,0,0,11,0,0,1082399
205155,0,0,0,0,0,10,0,0,0,0,0,0,0,0,0,0,0,0,0,0,0,0,0,10,1082203
219287,0,0,0,0,0,0,0,0,0,1,3,1,0,0,0,0,5,0,1,0,8,11,0,0,1082022
190243,0,0,0,0,0,0,0,0,0,0,0,0,0,0,0,0,0,0,0,0,0,0,0,0,1081476
206878,0,1,0,0,0,0,0,0,0,0,0,2,0,0,1,0,0,0,0,0,16,0,0,0,1081167
185766,0,0,0,0,0,0,0,0,0,0,0,0,7,1,0,0,2,0,1,6,2,0,0,0,1080365
216558,0,0,0,0,0,0,0,0,0,2,3,1,0,0,0,0,0,0,0,0,7,3,0,0,1080080
213343,0,0,0,0,0,6,2,0,0,0,0,0,0,3,0,0,1,0,0,0,0,11,0,1,1079894
199202,0,0,0,0,0,0,0,1,0,0,2,1,0,0,2,0,1,0,1,0,2,1,1,0,1079754
199346,0,0,0,0,0,0,0,0,0,1,4,0,0,0,1,1,4,0,1,0,0,0,3,0,1079596
198243,0,0,0,0,0,8,0,0,0,0,5,1,0,0,1,0,1,0,0,0,4,0,0,1,1079178
215753,0,0,1,0,0,0,0,0,0,0,4,0,0,0,1,1,1,0,2,0,0,6,0,0,1078858
187855,0,0,0,0,0,0,0,0,0,0,0,0,0,0,0,0,0,0,0,0,0,0,0,0,1077932
193351,0,0,0,0,1,5,1,0,0,0,0,1,0,0,1,1,2,0,1,0,1,0,0,1,1077584
211049,0,0,0,0,0,0,0,0,0,0,0,0,0,0,1,0,2,0,2,0,0,31,0,0,1076055
212084,0,0,0,0,0,4,0,0,0,2,6,0,0,0,1,0,3,0,2,0,0,19,0,4,1075664
217438,0,0,0,0,1,0,0,0,0,2,2,0,0,0,1,2,4,0,1,0,14,9,0,0,1075217
196525,0,0,0,0,0,0,0,0,0,0,0,2,1,0,0,0,0,0,0,0,21,0,0,0,1075091
207067,0,0,0,0,0,0,0,0,0,1,5,0,0,0,1,0,2,0,0,0,2,0,0,0,1074410
210121,0,0,1,0,0,1,0,0,0,0,4,0,0,0,1,1,4,0,1,0,0,11,0,1,1074066
200451,0,0,0,0,0,0,0,0,0,0,0,2,0,0,3,2,2,0,1,1,4,0,0,0,1072960
183814,0,0,3,0,0,0,4,0,0,0,1,0,0,1,0,0,2,0,0,0,0,0,0,0,1072684
198414,0,0,0,0,2,1,0,0,0,0,0,1,0,0,0,0,1,0,0,0,14,0,0,1,1070731
217030,0,0,0,0,0,0,0,0,0,1,9,0,0,0,1,0,3,0,2,0,0,16,0,0,1070699
206186,0,0,0,0,0,0,0,0,0,0,4,1,0,0,1,1,5,1,2,0,1,11,0,0,1070534
188285,0,1,0,0,4,0,0,0,0,2,5,0,0,0,0,0,0,0,0,9,0,0,0,0,1070532
222739,0,0,0,0,0,0,0,0,0,0,0,0,0,0,0,0,0,0,0,1,0,1,0,0,1070522
222167,0,1,0,0,0,1,0,0,0,2,2,0,0,0,0,0,0,0,0,0,4,21,0,1,1069718
213777,0,0,0,0,0,0,0,0,0,0,0,0,0,0,0,0,0,0,0,0,0,0,0,0,1069405
213424,0,0,0,0,0,0,0,0,0,0,0,0,0,0,3,2,0,0,0,0,0,8,0,0,1069333
221175,0,0,0,0,0,8,0,0,0,0,0,0,0,0,0,0,0,0,0,0,0,3,0,8,1069044
219922,0,0,2,0,0,1,0,0,0,0,0,1,0,0,2,1,3,0,2,0,5,0,0,1,1068663
205745,0,0,0,0,0,11,0,0,0,0,0,0,0,2,0,0,0,0,0,0,5,0,0,10,1067903
205428,0,0,0,0,0,0,0,0,0,0,0,0,0,0,2,0,0,0,0,0,0,0,0,0,1066798
207831,0,0,0,0,0,6,0,0,2,0,0,1,0,1,0,0,0,0,0,0,2,9,0,4,1066578
187152,0,0,0,0,0,0,0,0,0,0,0,0,0,0,2,1,2,0,0,0,5,0,0,0,1066560
214852,0,0,0,0,0,0,0,0,0,0,0,0,0,0,4,5,8,0,2,0,1,23,0,0,1066283
200928,0,5,0,0,1,0,0,0,0,0,0,0,0,0,0,0,0,0,0,0,3,0,0,0,1065978
202024,0,0,0,0,0,0,0,0,0,0,0,0,0,0,0,0,0,0,0,0,0,0,0,0,1065861
218662,0,0,1,0,0,0,0,0,0,1,1,0,0,0,0,0,0,0,0,0,0,19,0,0,1065503
211330,0,0,0,0,0,0,0,0,0,1,0,0,0,0,0,0,0,0,0,0,6,0,0,0,1065247
207613,0,0,0,0,0,0,0,0,0,0,0,0,0,0,1,1,0,0,0,0,0,6,0,0,1064245
220279,0,0,0,0,0,0,0,0,0,0,0,2,0,0,2,0,1,0,1,0,3,13,0,0,1063869
191776,0,2,0,0,0,1,2,0,0,0,1,0,1,1,0,0,1,0,0,0,0,4,0,0,1063208
184669,0,2,0,0,0,0,0,0,0,0,2,0,0,0,0,0,0,0,0,0,0,0,0,0,1062872
208519,0,1,4,0,0,1,0,0,0,0,0,3,0,0,0,0,0,0,0,0,13,10,0,0,1062848
211234,0,0,2,0,0,4,0,0,0,0,0,1,0,0,0,0,1,0,0,0,0,7,0,0,1062767
194224,0,0,0,0,0,0,0,0,0,0,4,0,4,5,0,0,1,0,0,4,11,0,0,0,1062532
190379,0,0,0,0,0,3,0,1,0,1,3,1,0,0,2,1,2,0,0,0,3,0,0,1,1062463
205016,0,0,0,0,0,6,2,0,0,0,0,2,0,3,0,0,0,0,0,0,7,0,0,2,1061364
208702,0,0,0,0,0,0,1,0,0,0,0,1,0,0,5,6,0,0,0,0,2,4,0,0,1060084
199159,0,0,0,0,0,0,0,0,0,0,0,0,0,0,0,0,0,0,0,0,0,0,0,0,1059655
206907,0,0,0,0,0,0,0,0,0,1,2,0,0,0,1,1,1,0,2,0,6,0,0,0,1059432
207356,0,1,0,0,0,0,0,0,0,0,5,0,0,0,1,0,2,1,5,0,0,0,0,0,1059212
218264,0,1,1,0,0,1,0,0,0,0,0,0,0,0,0,0,3,0,1,0,0,16,0,1,1058896
207472,0,0,0,0,0,0,1,2,0,0,2,0,0,1,0,0,7,0,1,0,0,0,0,0,1058863
184137,0,0,0,0,0,0,0,0,0,0,0,0,1,0,0,0,0,0,0,1,11,0,0,0,1058695
219171,0,1,1,0,0,0,0,0,0,0,3,0,0,0,1,2,5,0,1,0,0,51,0,0,1057864
214912,0,0,1,0,1,0,0,0,0,0,1,0,0,0,0,0,0,0,0,0,0,8,0,0,1057651
210986,0,0,0,0,0,0,0,0,0,0,4,0,0,0,2,2,0,0,0,0,0,19,0,0,1057557
218349,0,0,0,0,0,1,0,0,0,25,1,0,0,0,0,0,2,0,2,0,0,12,0,0,1056387
211987,0,0,0,0,0,0,1,0,0,0,0,2,0,0,0,0,1,0,0,0,6,0,0,0,1055765
199643,0,0,0,0,1,0,0,0,0,4,2,3,0,0,1,2,0,0,0,0,13,0,0,0,1054786
201605,0,0,0,0,0,2,0,0,0,0,2,1,0,0,2,2,0,0,0,0,4,0,0,0,1054480
204527,0,4,0,0,0,0,0,0,0,0,0,0,0,0,1,3,2,1,1,0,0,0,1,0,1054286
204927,0,0,0,0,0,0,2,0,0,0,7,1,0,0,0,0,0,0,0,0,4,5,0,0,1053340
207878,0,2,0,0,0,0,0,0,0,0,3,0,0,0,0,0,6,0,3,0,0,22,0,0,1053050
192198,0,1,0,0,0,0,0,0,0,0,4,1,0,0,0,0,2,0,2,0,18,0,0,0,1052968
202441,0,0,0,0,0,1,0,0,0,0,0,1,0,0,0,0,0,0,0,0,6,1,0,1,1052705
218684,0,0,0,0,0,0,0,0,0,0,3,0,0,0,2,5,1,0,0,0,0,7,0,0,1052446
195031,0,0,0,0,0,1,0,0,0,2,1,0,0,0,1,1,0,0,0,0,0,0,0,0,1051953
217803,0,0,0,0,0,4,0,0,0,0,0,1,1,0,0,0,0,0,0,1,6,4,0,3,1051580
200399,0,0,0,0,0,0,0,0,0,0,0,2,0,0,0,0,0,0,0,0,9,9,0,0,1050912
214611,0,0,1,2,0,0,0,0,0,0,1,1,0,0,0,0,0,0,0,0,0,8,0,0,1050722
202956,0,0,0,0,0,0,2,0,0,1,4,2,0,0,1,6,0,0,0,0,1,0,1,0,1049380
220659,0,0,0,0,0,1,0,0,0,0,0,0,0,0,3,3,0,0,0,0,0,9,0,0,1049306
209923,0,0,5,0,0,0,0,0,0,0,0,1,0,0,0,0,0,0,0,0,3,7,0,0,1048172
219752,0,0,0,0,0,0,0,0,0,9,7,0,0,0,0,0,0,0,0,0,4,0,0,0,1047714
200111,0,0,0,0,0,0,0,0,0,0,0,0,0,0,3,10,0,0,0,0,0,0,0,0,1047287
189137,0,0,0,0,1,0,0,0,0,0,0,0,0,0,0,0,1,0,1,0,2,0,0,0,1046520
213496,0,0,0,0,0,0,0,0,0,0,0,0,0,0,0,0,0,0,0,0,0,0,0,0,1046336
206637,0,0,0,0,0,1,0,0,0,0,0,1,0,0,0,0,0,0,0,0,8,0,0,0,1046222
201755,0,0,0,0,0,3,0,0,0,0,0,1,0,3,2,2,0,0,0,1,6,0,0,2,1045118
201932,0,0,0,0,0,4,0,0,0,0,0,2,0,0,0,0,4,0,0,0,4,0,0,2,1043053
213847,0,1,0,0,0,0,2,0,0,0,0,0,0,0,0,0,6,1,2,0,0,20,0,0,1042817
209304,0,2,0,0,0,0,0,0,0,1,5,0,0,0,1,0,1,0,0,0,6,18,0,0,1042799
203587,0,1,0,0,1,0,0,0,0,0,0,3,0,0,0,0,0,0,0,0,11,0,0,0,1042574
205822,0,0,0,0,0,0,0,1,0,0,2,0,0,0,2,1,2,1,1,0,0,0,2,0,1042557
207875,0,0,0,0,0,0,0,0,0,0,0,1,0,0,2,1,0,0,0,0,3,9,0,0,1042478
184534,0,0,0,0,1,0,0,0,0,1,4,0,0,0,0,0,0,0,0,0,0,0,0,0,1042433
194425,0,2,0,0,0,0,0,0,0,1,2,0,0,0,1,0,1,0,0,0,7,0,0,0,1041526
218896,0,0,1,0,0,1,0,0,0,1,2,0,0,0,1,1,0,0,0,0,2,13,0,1,1041455
203513,0,0,0,0,0,0,0,0,0,0,0,0,0,0,0,0,0,0,0,0,0,0,0,0,1040971
185729,0,2,0,0,0,1,1,0,0,2,18,0,0,0,1,0,0,0,0,0,0,0,0,0,1036823
213757,0,1,0,0,0,0,0,0,0,0,2,0,0,0,0,0,1,0,2,0,0,26,0,0,1036100
219582,0,0,3,0,0,0,1,0,0,0,9,0,0,1,0,0,0,0,0,0,0,12,0,0,1035550
205354,0,0,0,0,0,4,0,0,0,0,0,1,0,0,0,0,0,0,0,0,4,0,0,2,1034995
217914,0,0,0,0,0,0,0,0,0,1,5,0,0,0,1,0,4,0,3,0,1,21,0,0,1034897
214300,0,0,0,0,0,0,0,1,0,0,1,1,0,0,2,1,1,0,0,0,0,20,0,0,1034338
219532,0,0,0,0,0,0,0,0,0,1,3,0,0,0,1,1,2,0,2,0,1,15,0,0,1034019
215911,0,1,7,4,4,0,1,0,0,0,0,0,0,0,0,0,0,0,0,0,0,24,0,0,1031626
220103,0,0,0,0,0,6,0,0,0,0,0,1,0,0,1,0,0,0,0,0,1,3,0,1,1031405
218296,0,0,1,0,0,0,0,0,0,0,0,0,0,0,3,5,0,0,0,0,0,0,1,0,1030691
185319,0,0,0,0,0,0,0,0,0,0,4,0,0,0,0,0,0,0,0,0,0,0,0,0,1029235
207931,0,1,4,0,0,0,1,0,0,0,0,0,0,2,2,0,0,0,0,0,0,28,0,0,1028776
189272,0,0,0,0,0,0,0,0,0,0,1,0,0,0,1,5,0,0,0,0,0,0,0,0,1028331
211152,0,1,1,0,0,0,0,0,0,0,0,0,0,0,0,0,2,0,1,0,6,9,0,0,1028010
214630,0,0,0,0,0,0,0,0,0,0,0,0,0,0,5,3,0,0,0,0,0,7,0,0,1027763
196849,0,0,0,0,0,0,0,1,0,0,0,0,0,0,0,0,5,0,0,0,0,0,0,0,1027478
198222,0,0,0,0,1,0,0,0,0,0,2,3,0,0,0,0,1,1,1,0,44,0,0,0,1026754
190271,0,1,0,0,0,0,0,0,0,0,2,0,0,0,0,0,4,0,2,0,1,0,0,0,1026599
219910,0,0,0,0,0,0,0,0,0,0,0,0,0,0,3,0,5,0,8,0,0,3,0,0,1026305
192379,0,0,0,0,0,0,0,1,0,1,2,0,0,1,2,0,4,0,2,0,0,0,0,0,1026112
197809,0,0,0,0,0,0,0,0,0,1,2,0,0,0,1,1,0,0,0,0,0,0,0,0,1024514
191860,0,0,0,0,2,0,0,0,0,1,2,0,0,0,0,0,1,0,2,0,0,0,0,0,1024162
212110,0,0,6,0,0,0,0,1,0,0,2,0,0,0,1,0,1,0,1,0,0,11,0,0,1023630
213135,0,0,0,0,0,0,0,0,0,0,0,1,0,0,2,1,3,0,0,0,3,2,0,0,1023469
210916,0,0,0,0,0,11,0,0,0,0,0,2,0,0,0,0,0,0,0,0,1,0,0,10,1022903
221907,0,1,2,0,0,0,0,0,0,0,3,0,0,0,0,0,0,0,0,0,0,14,0,0,1022148
189386,0,1,0,0,22,0,0,0,0,2,3,0,0,0,0,0,0,0,0,0,0,0,0,0,1021834
185278,0,0,0,0,0,0,0,0,0,0,2,0,0,0,0,0,0,0,0,0,0,0,0,0,1021541
205509,0,0,0,0,0,0,0,0,0,0,0,0,0,0,0,0,1,0,1,0,0,0,0,0,1020452
195934,0,0,0,0,1,0,0,0,0,0,0,1,0,0,0,0,2,0,0,0,1,0,0,0,1019584
204037,0,0,0,0,0,2,6,0,0,3,4,2,0,7,1,0,0,0,0,0,3,0,0,0,1019490
201337,0,1,0,0,0,0,0,0,0,1,1,1,0,0,2,1,2,0,3,0,12,0,1,0,1019055
199310,0,0,0,0,0,5,0,0,0,1,2,1,0,0,1,1,1,0,0,0,1,0,0,1,1018637
185715,0,0,0,0,0,0,0,0,0,0,0,0,3,0,2,1,1,0,0,7,0,0,0,0,1017664
220288,0,0,0,0,0,0,0,0,0,1,1,1,0,0,0,0,0,0,0,0,0,8,0,0,1017582
212136,0,1,0,0,0,1,1,0,0,0,0,0,0,0,1,0,0,0,0,0,10,6,0,0,1017257
186070,0,0,0,0,0,0,0,0,0,0,0,1,2,0,0,0,0,0,0,0,27,0,0,0,1017084
197330,0,1,0,0,0,0,0,0,0,2,2,0,3,0,1,1,1,0,0,4,7,0,0,0,1016971
212600,0,2,1,0,1,0,1,0,0,0,1,0,0,0,1,0,2,0,1,0,0,27,0,0,1016780
216639,0,0,0,0,0,1,1,1,0,0,5,0,0,1,4,1,0,0,0,0,0,13,0,0,1016489
214642,0,0,0,0,0,0,1,0,0,1,18,0,0,0,2,0,0,0,0,0,0,10,0,0,1016118
217517,0,0,1,0,2,2,2,0,0,1,2,0,0,2,2,2,3,0,2,3,1,15,0,1,1015497
203131,0,3,0,0,0,0,0,0,0,0,0,1,0,2,0,0,6,1,9,0,0,0,0,0,1015109
207540,0,0,0,0,0,0,0,0,0,0,0,1,0,0,0,0,0,0,0,0,0,0,0,0,1014597
196552,0,0,0,0,0,0,0,0,0,0,0,2,0,0,0,0,0,0,0,0,38,0,0,0,1014474
193184,0,0,0,1,5,0,0,0,0,0,0,2,0,0,0,0,0,0,0,0,7,0,0,0,1014201
195262,0,0,0,0,0,0,0,0,0,1,0,0,0,0,0,0,0,0,0,0,0,0,0,0,1014172
209189,0,0,0,0,0,0,0,0,0,0,0,0,0,0,0,0,0,0,0,0,3,9,0,0,1013291
216323,0,2,0,0,0,0,0,0,0,0,1,0,0,1,1,0,3,0,1,0,0,34,0,0,1012392
206336,0,0,0,0,0,0,0,0,0,0,0,0,0,0,3,1,0,0,0,5,5,0,0,0,1012316
216895,0,2,0,0,0,0,0,0,0,0,3,0,0,0,1,1,0,0,0,0,0,18,0,0,1010834
215777,0,0,2,0,0,0,1,0,0,0,0,0,0,0,0,0,0,0,0,0,0,8,0,0,1010818
221096,0,0,0,0,0,0,0,0,0,4,6,1,0,0,1,0,1,0,1,0,7,5,0,0,1010761
205511,0,0,0,0,0,2,2,0,0,1,4,1,0,2,0,0,0,0,0,0,6,0,0,0,1010142
214015,0,0,0,0,0,1,1,0,0,0,0,1,0,1,0,0,0,0,0,0,12,4,0,1,1010078
204143,0,1,0,0,0,0,0,0,0,0,6,0,0,1,3,0,1,0,0,0,0,0,0,0,1009682
188346,0,2,0,0,0,0,0,0,0,0,1,0,0,0,0,0,0,0,0,0,0,0,0,0,1009232
221922,0,0,0,0,0,0,0,0,0,0,0,0,0,0,0,0,0,0,0,0,0,8,0,0,1008233
204165,0,0,0,0,1,0,0,0,0,0,0,1,0,0,0,0,0,0,0,0,2,0,0,0,1008029
212872,0,0,3,3,0,0,0,0,0,0,0,0,0,0,0,0,3,0,1,0,1,19,0,0,1007882
195678,0,0,0,0,0,0,0,0,0,0,0,1,0,0,0,0,0,0,0,0,2,0,0,0,1007830
190436,0,0,0,0,0,1,0,0,0,0,0,1,0,0,0,0,0,0,0,0,10,0,0,0,1007432
187022,0,1,0,0,0,0,0,0,0,1,2,1,0,0,0,0,5,1,2,0,4,0,0,0,1007236
201404,0,0,0,0,0,0,0,0,0,0,5,0,0,0,2,2,3,0,3,0,0,0,0,0,1005980
201319,0,0,0,0,0,0,0,1,0,0,0,0,0,0,2,11,0,0,0,1,0,0,1,0,1005905
209035,0,0,0,0,0,2,0,0,0,0,0,1,2,0,0,0,3,0,1,2,0,19,0,0,1004967
208368,0,0,0,0,2,0,0,0,0,1,5,0,0,0,0,0,2,0,0,0,0,13,0,0,1004941
200225,0,2,0,0,2,0,0,0,0,0,0,0,0,0,0,0,3,0,2,0,0,0,0,0,1004840
215052,0,1,0,0,0,0,0,0,0,49,5,0,0,0,1,1,0,0,0,0,0,12,1,0,1004700
193245,0,0,0,0,0,0,0,0,0,0,0,1,0,0,1,0,0,0,0,0,0,0,0,0,1004672
220607,0,0,0,0,0,0,0,0,0,0,0,1,0,0,0,0,0,0,0,0,11,0,3,0,1003611
215693,0,0,0,0,0,0,0,0,0,1,6,1,0,0,1,1,0,0,0,0,2,11,0,0,1003538
202332,0,0,0,0,0,0,0,0,0,0,0,0,0,0,0,0,0,0,0,0,0,0,0,0,1003492
213902,0,1,1,1,0,0,0,0,0,0,0,0,0,0,1,1,0,0,0,0,0,6,0,0,1003319
215926,0,0,0,0,0,0,0,0,0,0,0,0,0,1,0,0,0,0,0,0,0,7,0,0,1002732
188738,0,0,0,0,0,0,0,0,0,1,3,1,1,0,0,0,0,0,0,0,8,0,0,0,1002684
209246,0,0,0,0,0,0,0,0,0,0,0,2,0,1,0,0,0,0,0,0,19,1,0,0,1002629
196214,0,2,0,0,0,0,0,0,0,0,1,0,0,0,1,5,0,0,0,0,0,0,0,0,1002598
204627,0,0,0,0,0,7,0,0,0,0,0,1,0,0,0,0,0,0,0,0,9,0,0,2,1002597
208666,0,1,7,0,0,0,0,0,0,0,0,0,0,0,2,2,1,0,1,0,1,18,3,0,1002292
203783,0,0,0,0,0,0,0,0,0,0,14,1,0,0,0,0,3,0,2,0,5,0,0,0,1002285
217070,0,0,0,0,0,0,0,0,0,0,0,0,0,0,0,0,1,0,1,0,0,5,0,0,1001126
194865,0,0,0,0,0,0,0,0,0,0,0,0,0,0,0,0,0,0,0,32,1,0,0,0,1000912
199268,0,0,0,0,0,1,0,0,0,0,0,1,0,0,0,0,0,0,0,0,15,0,0,1,1000682
190426,0,0,0,0,1,4,0,0,0,0,0,3,0,0,0,0,0,0,0,0,22,0,0,0,1000500
218509,0,3,0,1,2,0,0,0,0,0,4,0,0,0,0,0,0,0,0,0,0,33,0,0,999949
216775,0,2,0,0,0,0,0,0,0,0,1,0,0,0,1,0,2,0,0,0,0,15,0,0,999739
186755,0,1,0,0,0,0,2,0,0,0,6,2,0,1,1,2,0,0,0,0,4,0,0,0,998785
199180,0,0,0,0,0,0,0,0,0,1,2,0,0,0,2,1,0,0,0,0,0,0,0,0,998401
209157,0,0,0,0,0,0,0,0,0,0,0,0,0,0,0,0,0,0,0,0,0,9,0,0,997957
201306,0,0,0,0,0,0,2,0,0,0,3,0,0,3,1,1,0,0,0,0,0,0,0,0,997179
188226,0,0,0,0,1,1,0,0,0,0,0,1,0,0,1,1,0,0,0,0,3,0,1,0,996970
211028,0,1,0,0,0,0,0,0,0,0,2,0,0,0,0,0,1,0,0,0,2,26,0,0,996198
193866,0,0,0,0,0,0,0,0,0,0,1,0,0,0,3,0,1,0,1,0,0,0,0,0,994416
209303,0,1,3,0,0,0,0,1,0,0,4,0,0,0,1,2,4,0,6,0,0,8,0,0,994164
203104,0,1,0,0,0,1,0,0,0,0,9,0,0,0,3,2,8,0,9,0,1,0,0,0,994110
193592,0,0,0,0,0,0,0,0,0,0,2,0,0,0,3,2,5,0,2,0,0,0,0,0,993606
210511,0,0,0,0,0,0,1,0,0,77,3,1,0,0,0,0,0,0,0,0,10,0,0,0,993026
193995,0,0,0,0,0,0,0,0,0,0,3,4,0,0,1,0,5,0,1,0,5,0,0,0,992908
211033,0,4,4,0,0,0,0,0,0,0,0,1,0,0,0,0,0,0,0,0,1,18,0,0,992383
207394,0,2,0,0,0,0,0,0,0,0,0,1,0,0,0,0,0,0,0,0,3,11,0,0,991885
217952,0,0,1,0,0,1,0,0,0,0,0,2,0,0,1,1,0,0,0,0,14,12,0,1,991631
191049,0,0,0,0,0,0,0,2,0,1,13,0,0,0,3,1,6,0,0,0,0,0,0,0,991210
200247,0,0,0,0,0,0,0,0,0,1,0,0,0,0,1,0,1,0,1,0,0,0,0,0,990435
203798,0,0,0,0,0,0,0,0,1,0,1,0,0,0,0,0,0,0,0,0,0,0,0,0,988740
211757,0,0,2,0,0,3,3,0,0,0,4,0,0,4,0,0,0,0,0,0,2,25,0,1,988159
197161,0,0,0,0,1,0,3,0,0,2,2,8,1,3,1,0,0,0,0,1,19,0,0,0,986979
213470,0,0,1,0,0,0,0,0,0,2,10,0,0,0,1,1,4,0,6,0,1,21,0,0,986768
202860,0,1,1,0,0,0,0,0,0,0,0,0,0,0,5,2,1,0,0,0,0,0,0,0,986237
207818,0,0,0,0,0,3,0,0,0,0,0,1,0,0,1,0,0,0,0,0,3,7,0,1,986081
201938,0,0,0,0,0,0,0,1,0,0,0,0,0,0,2,1,2,0,0,0,0,0,0,0,986031
200460,0,3,0,0,0,1,4,0,0,0,6,1,0,3,2,1,1,0,1,0,8,0,0,1,985350
197232,0,0,0,0,0,0,0,0,0,0,0,0,0,0,0,0,0,0,0,0,3,0,0,0,984969
187138,0,2,0,0,0,0,0,0,0,0,0,0,0,0,2,12,3,0,1,0,0,0,0,0,984875
212307,0,1,0,0,0,0,0,0,0,0,0,0,0,0,2,2,1,0,0,0,0,12,0,0,984409
192942,0,0,0,0,0,0,0,0,0,43,35,2,0,0,0,0,3,0,3,0,4,0,0,0,982887
185937,0,0,0,0,0,1,0,0,0,0,0,0,0,0,1,0,0,0,0,0,0,0,0,0,981923
208225,0,1,0,0,0,0,0,0,0,0,0,0,0,2,0,0,3,0,2,0,0,42,0,0,980712
196544,0,0,0,0,5,0,0,0,0,1,2,1,0,0,0,0,1,0,2,0,16,0,0,0,980553
205475,0,0,0,0,0,1,4,1,0,0,0,0,0,0,1,1,2,0,2,0,0,0,1,0,980492
203306,0,0,0,0,0,0,1,0,0,0,3,0,0,0,3,0,1,0,0,0,0,2,0,0,980335
185840,0,1,0,0,0,0,0,0,0,0,0,0,0,0,1,1,4,0,0,0,0,0,0,0,979918
215965,0,1,0,0,0,0,0,0,0,0,0,0,0,0,0,0,0,0,0,0,0,2,0,0,979907
205516,0,0,0,0,0,0,0,0,0,0,0,1,0,0,1,0,0,0,0,0,6,0,0,0,979861
193742,0,0,0,0,0,0,0,0,0,4,7,1,0,0,1,3,2,0,1,0,14,0,0,0,977794
199821,0,1,0,0,0,0,0,0,0,2,12,0,0,0,1,0,1,0,1,0,0,3,0,0,977337
199319,0,0,0,0,0,0,0,0,0,0,0,1,0,0,0,0,0,0,0,0,8,0,0,0,976410
206173,0,0,0,0,1,0,0,0,0,0,0,1,0,0,0,0,0,0,0,6,15,0,0,0,976371
214397,0,0,9,1,2,0,0,0,0,0,0,0,0,0,0,0,0,0,0,0,0,16,0,0,975665
219664,0,0,0,0,0,0,0,0,0,0,0,1,0,0,0,0,0,0,0,0,0,26,0,0,975651
199900,0,7,0,0,0,0,0,0,0,0,0,0,0,0,0,0,2,0,1,0,0,0,0,0,975493
203083,0,0,0,0,2,0,0,0,0,0,0,0,0,0,0,0,2,0,1,0,1,0,0,0,975026
221513,0,0,0,0,3,0,0,0,0,1,4,1,0,0,4,1,3,0,4,0,0,14,0,0,974679
187051,0,3,0,0,2,0,0,0,0,0,5,0,0,0,0,0,0,0,0,0,0,0,0,0,973730
185775,0,0,0,0,0,0,0,0,0,0,0,0,0,0,0,0,0,0,0,0,2,0,0,0,973467
204168,0,2,0,0,0,0,0,0,0,0,0,1,0,0,1,1,1,0,0,0,25,15,0,0,972977
209529,0,0,0,0,0,0,0,0,0,0,0,1,5,0,0,0,0,0,0,6,6,3,0,0,972650
184160,0,0,0,0,0,0,0,0,0,0,0,1,0,0,1,1,0,0,0,0,0,0,7,0,972452
215841,0,0,0,0,0,0,0,0,0,0,1,0,0,0,1,1,2,0,5,0,6,9,0,0,971512
217243,0,0,0,0,0,0,0,0,0,0,0,12,1,0,1,1,0,0,0,0,2,6,0,0,971099
196924,0,0,0,0,0,2,2,0,0,0,0,1,2,2,0,0,0,0,0,3,3,0,0,1,970833
190738,0,1,0,0,0,0,0,0,0,1,9,0,0,0,1,1,3,0,4,0,5,0,0,0,970226
196331,0,1,0,0,4,0,0,0,0,0,3,0,0,2,0,0,0,0,0,0,0,12,0,0,969992
190769,0,0,0,0,0,0,0,0,0,0,1,0,4,0,0,0,0,0,0,5,1,0,0,0,969921
202797,0,0,1,0,1,0,0,0,0,0,1,0,0,0,0,0,2,0,0,0,0,0,0,0,969879
191688,0,0,0,0,0,4,1,0,0,1,1,0,0,0,0,0,2,0,1,0,2,0,0,3,969851
187556,0,1,0,0,0,0,0,0,0,0,0,0,0,0,0,0,0,0,0,0,16,0,0,0,969711
202168,0,0,0,0,0,0,0,0,0,0,2,2,1,0,3,1,0,0,0,0,3,0,0,0,968795
218484,0,0,2,0,0,0,0,0,0,0,0,0,0,0,0,0,1,0,0,0,0,3,0,0,968664
214947,0,0,2,0,0,3,0,0,0,0,0,0,0,0,1,0,1,0,0,0,1,3,0,3,968308
193958,0,0,0,0,0,0,1,0,0,0,0,1,0,1,0,0,0,0,0,0,8,0,0,0,968292
185047,0,1,0,0,0,0,0,0,0,0,1,1,0,0,0,0,0,0,0,0,0,0,0,0,967564
223095,0,0,0,0,0,0,0,0,0,0,1,0,1,0,0,0,2,0,6,0,0,12,0,0,967304
203171,0,1,0,0,0,0,0,0,0,0,2,0,0,0,0,0,6,0,0,0,0,0,0,0,967061
208135,0,1,1,0,0,0,0,0,0,0,5,1,0,0,0,0,0,0,0,1,0,12,0,0,967006
213184,0,2,0,0,20,0,0,0,0,0,3,0,0,1,0,0,1,0,1,0,0,27,0,0,966967
222098,0,0,0,0,0,3,0,0,0,0,0,0,0,0,0,2,0,0,0,0,2,4,2,3,965937
186211,0,0,0,0,0,0,0,0,0,0,0,0,0,0,0,0,0,0,0,0,0,0,0,0,965764
193504,0,2,0,0,0,0,0,0,0,1,6,0,0,0,1,0,0,0,0,0,0,0,0,0,965641
203588,0,0,0,0,0,0,0,0,0,0,0,0,0,2,0,0,0,0,0,0,0,0,0,0,963991
199105,0,0,0,0,0,0,0,0,0,1,3,0,0,0,0,0,2,0,2,0,0,0,0,0,963543
196593,0,0,0,0,0,1,0,0,0,0,0,8,0,3,0,0,3,0,0,0,8,0,0,0,963338
217415,0,3,1,0,0,1,0,0,0,0,0,0,0,0,1,0,1,0,0,0,3,13,0,0,963198
213442,0,0,0,0,0,0,0,0,0,0,7,0,0,0,1,0,0,0,0,0,0,6,0,0,962600
211347,0,0,9,0,0,0,1,0,0,0,0,0,0,0,0,0,1,0,0,0,1,5,0,0,962436
215352,0,0,3,4,0,0,0,0,0,0,2,0,0,0,0,0,0,0,0,0,0,13,0,0,962354
206985,0,0,0,0,0,4,0,0,0,0,0,1,0,0,0,0,0,0,0,0,9,0,0,2,962292
218051,0,0,0,0,0,7,4,0,0,0,0,0,0,4,1,0,1,0,1,0,3,3,0,7,961963
200477,0,0,0,0,0,0,0,0,0,0,0,1,0,0,0,0,0,0,0,0,9,0,0,0,961804
199619,0,1,0,0,0,0,0,0,0,0,1,1,0,0,1,1,1,0,0,0,16,0,0,0,961320
208343,0,1,0,0,0,0,0,0,0,0,1,0,0,0,2,1,0,0,0,0,0,4,0,0,960146
209920,0,4,2,0,0,0,0,0,0,0,1,0,1,0,1,1,0,0,0,1,0,14,0,0,960037
220932,0,0,1,0,0,0,0,0,0,0,1,0,0,0,2,1,0,0,0,0,3,33,0,0,959876
205973,0,5,0,0,0,0,2,0,0,0,1,2,0,0,1,0,4,0,0,0,3,0,0,0,959779
196887,0,1,0,1,0,0,0,0,0,0,0,0,0,0,0,0,0,0,0,0,0,0,0,0,959264
202216,0,1,0,0,0,3,0,1,0,0,3,1,0,0,2,2,0,0,0,0,1,0,0,0,959088
208001,0,0,1,0,0,0,0,0,0,0,0,1,0,0,2,1,2,0,2,0,2,11,0,0,958796
216557,0,5,1,0,0,0,1,1,0,0,4,0,0,2,1,4,0,0,0,0,0,27,0,0,958122
212779,0,0,0,0,1,0,0,0,0,4,3,0,0,0,0,0,1,0,0,0,0,12,0,0,957927
193935,0,0,0,0,0,0,0,1,0,0,1,1,0,0,2,2,1,0,0,0,0,0,0,0,957762
202205,0,0,0,1,3,0,0,0,0,0,0,1,0,0,0,0,0,0,0,0,0,0,0,0,957677
211518,0,0,0,0,0,14,2,0,0,0,0,1,1,2,0,0,0,0,0,0,15,1,0,13,957522
190378,0,0,0,0,0,0,0,0,0,0,0,0,5,0,2,2,0,0,0,5,0,0,0,0,956916
221771,0,1,8,1,0,0,0,0,0,0,0,0,0,0,0,0,0,0,0,0,0,12,0,0,956658
195092,0,0,0,0,0,0,0,0,0,1,1,1,0,0,0,0,2,0,0,0,7,0,0,0,956541
212466,0,0,2,0,0,0,0,0,0,0,0,0,0,0,0,0,0,0,0,1,0,10,0,0,956536
202611,0,0,0,0,0,0,0,0,0,0,1,0,0,0,0,0,1,0,0,0,0,0,0,0,955730
201941,0,0,0,1,0,0,0,0,0,0,0,0,0,0,0,0,0,0,0,0,0,0,0,0,954581
218024,0,0,0,0,0,0,0,0,0,0,0,0,0,0,1,1,3,0,1,9,0,1,0,0,954373
184001,0,0,0,0,0,0,0,0,0,0,24,0,0,0,0,0,2,0,8,0,0,0,0,0,953601
213651,0,2,1,0,0,0,0,0,0,0,0,1,0,0,1,1,1,0,1,0,0,15,0,0,953026
200337,0,1,0,0,1,0,0,0,0,0,0,1,0,0,0,0,1,0,0,0,9,0,0,0,952473
207256,0,0,0,0,0,0,1,0,0,0,3,0,0,0,0,0,1,0,0,0,0,6,0,0,952402
210001,0,1,2,0,0,0,0,0,0,0,1,0,0,1,3,1,1,0,0,0,5,20,0,0,952231
204197,0,0,0,0,0,1,0,0,0,0,0,1,0,0,0,0,0,0,0,0,3,0,0,0,951867
208771,0,0,0,0,1,0,0,0,0,0,0,0,0,0,1,1,1,0,1,0,2,32,0,0,951861
220057,0,0,2,0,0,2,1,0,0,0,0,0,0,0,1,1,0,0,0,0,0,9,0,2,951843
211319,0,1,0,0,0,0,0,0,0,1,1,0,0,0,0,0,0,0,0,0,1,3,0,0,951348
210636,0,0,1,0,0,0,0,0,0,0,3,0,0,0,0,0,0,0,0,0,0,14,0,0,951246
210961,0,1,4,2,0,0,0,0,0,0,4,0,0,0,1,0,0,0,0,0,0,32,0,0,950976
200145,0,0,0,0,0,2,0,0,0,0,0,1,0,0,0,0,1,0,0,0,2,0,0,1,950798
187249,0,3,0,0,0,0,0,0,0,3,11,0,0,0,1,0,6,0,7,0,0,0,0,0,949792
210209,0,0,0,0,0,0,0,0,0,0,0,0,0,0,1,1,1,0,0,0,0,6,0,0,949078
212368,0,0,0,0,0,1,0,0,0,0,1,0,0,0,1,1,0,0,0,0,1,9,0,1,949049
217088,0,0,3,0,0,0,0,0,0,0,0,0,0,0,2,1,3,0,3,0,0,37,0,0,947630
210328,0,0,0,0,0,0,0,1,0,0,0,0,0,0,5,3,1,0,1,0,0,6,3,0,947282
208577,0,3,0,0,0,0,1,0,0,0,0,0,0,0,0,0,0,0,0,0,1,29,0,0,946411
197874,0,1,0,0,0,0,0,0,0,0,1,0,1,0,0,0,0,0,0,0,26,0,0,0,946185
188995,0,2,0,0,0,2,0,1,0,0,3,1,0,0,2,5,0,0,0,0,1,0,0,0,945790
208063,0,0,3,0,0,1,0,0,0,3,1,0,0,1,2,0,5,0,2,0,3,11,0,1,945671
208780,0,0,1,0,0,1,0,0,0,0,0,1,0,0,1,0,0,0,0,0,3,21,0,1,945333
201223,0,0,0,0,0,0,0,1,0,0,0,1,0,0,2,2,0,0,0,0,0,0,0,0,945309
222319,0,0,0,0,0,0,0,1,0,0,0,0,0,0,5,5,5,5,7,0,0,16,0,0,945230
220600,0,0,4,0,0,4,0,0,0,0,0,0,0,0,0,0,2,0,1,0,0,14,0,2,945070
184576,0,0,0,0,0,1,0,0,0,1,2,0,0,0,0,0,5,0,2,0,1,0,0,0,944367
218277,0,0,2,5,0,0,0,0,0,0,0,0,0,0,1,1,0,0,0,0,0,6,0,0,943923
190953,0,0,0,0,4,2,0,0,0,0,0,1,0,0,0,0,0,0,0,0,1,0,0,0,943170
197939,0,0,0,0,0,0,0,0,0,1,2,0,0,0,1,3,0,0,0,0,0,0,0,0,943033
213857,0,3,0,1,4,0,0,0,0,0,3,0,0,0,1,2,0,0,0,1,3,13,0,0,942921
222901,0,3,0,0,0,0,0,0,0,0,5,0,0,0,0,0,1,0,1,0,0,23,0,0,942794
185963,0,0,0,0,1,0,0,0,0,1,0,1,0,0,0,0,0,0,0,0,5,0,0,0,942664
186146,0,1,0,0,0,0,3,0,0,0,1,1,2,2,1,0,5,0,5,0,9,6,0,0,942616
191539,0,0,0,0,0,0,0,0,0,1,4,0,0,0,0,0,0,0,0,0,0,0,0,0,941711
216718,0,0,0,0,0,1,0,0,0,0,4,1,0,1,1,1,0,0,0,0,0,2,0,0,940529
212055,0,0,2,0,0,1,0,0,0,0,1,1,0,0,3,1,0,0,0,0,3,5,0,1,940408
184760,0,2,0,0,2,1,2,0,0,1,1,1,0,3,2,0,3,0,1,0,0,0,0,0,940075
206734,0,0,0,0,2,0,0,0,0,0,0,0,0,1,2,1,2,0,2,0,0,0,0,0,939643
220720,0,1,0,0,0,0,0,0,0,0,0,0,0,0,0,0,2,0,1,0,0,35,0,0,939329
201366,0,0,0,0,0,1,1,0,0,0,3,1,0,0,0,0,1,0,6,0,5,0,0,1,938852
196464,0,0,0,0,0,11,0,0,0,0,0,1,0,0,0,0,0,0,0,0,8,0,0,10,938797
211278,0,1,0,0,0,1,0,0,0,0,0,0,0,0,2,1,0,0,0,0,0,43,1,0,938224
212868,0,0,0,0,1,0,0,0,0,0,1,0,2,0,1,0,17,0,1,1,7,32,0,0,937799
219388,0,0,0,0,0,0,0,0,0,0,0,0,0,0,1,0,0,0,0,0,0,16,0,0,937463
209158,0,0,0,0,0,4,2,0,0,0,0,2,0,1,0,0,0,0,0,0,14,5,0,0,936870
208488,0,0,2,0,0,1,0,0,0,0,1,1,0,0,0,0,0,0,0,0,8,0,0,0,936525
188426,0,0,0,0,0,3,0,0,0,0,0,0,0,0,0,0,0,0,0,0,0,0,0,2,936459
208185,0,0,1,0,0,0,1,0,0,0,0,0,0,6,2,2,1,0,1,0,0,16,0,0,936264
187431,0,0,0,0,0,0,0,0,0,0,0,0,0,0,0,0,0,0,0,0,0,0,0,0,936167
199097,0,0,0,0,0,0,0,0,0,2,4,0,0,0,3,2,1,0,0,0,0,0,0,0,936086
208224,0,2,0,0,0,0,0,1,0,0,0,1,0,0,3,1,0,0,0,0,3,26,0,0,935316
189046,0,4,0,0,1,0,0,0,0,1,3,0,0,0,0,0,1,0,1,0,0,0,0,0,935220
193719,0,0,0,0,0,0,0,0,0,0,0,0,0,0,2,9,0,0,0,0,0,0,0,0,935108
197771,0,0,0,0,0,0,0,0,0,0,0,1,0,0,1,1,3,0,3,1,3,0,0,0,934961
218353,0,1,1,0,0,0,0,0,0,3,7,0,1,0,1,0,1,0,1,0,0,13,0,0,934822
206145,0,2,0,0,1,0,0,0,0,0,0,0,0,0,0,0,0,0,0,0,0,0,0,0,934311
193125,0,0,0,0,0,0,0,0,0,0,0,1,1,0,0,0,0,0,0,0,19,0,0,0,934142
212107,0,4,1,0,0,0,0,0,0,0,0,0,0,0,1,3,1,0,0,0,0,25,0,0,934013
208527,0,0,0,0,0,0,0,0,0,1,2,0,0,0,3,3,1,1,1,0,0,2,0,0,933632
216201,0,1,0,0,0,0,0,0,0,1,7,0,0,0,2,4,0,0,0,0,0,12,0,0,933601
212056,0,1,0,0,0,2,0,0,0,0,2,0,0,0,1,1,3,0,4,1,0,17,0,1,932720
222046,0,0,1,0,0,0,0,0,0,0,1,0,0,0,1,1,0,0,0,0,0,9,1,0,932653
189029,0,0,0,0,0,0,0,0,0,9,4,1,0,0,0,0,1,0,1,0,5,0,0,0,932372
204540,0,1,0,0,0,0,0,0,0,0,1,0,0,0,2,0,0,0,0,0,0,0,0,0,932233
217695,0,0,0,0,0,0,0,0,0,0,0,0,0,0,0,0,0,0,0,1,0,0,0,0,931497
213845,0,1,2,0,0,0,0,0,0,0,0,3,0,0,0,0,0,0,0,0,19,3,0,0,931133
215526,0,0,1,0,0,0,0,0,0,1,11,0,0,0,0,0,4,0,3,0,4,28,0,0,931021
203885,0,0,0,0,0,0,0,0,0,0,5,0,0,0,0,0,0,0,0,0,0,0,0,0,930907
219617,0,1,0,0,0,0,0,0,0,0,0,0,0,0,2,1,5,0,0,0,0,15,0,0,930211
217761,0,0,0,0,0,0,0,0,0,0,0,0,0,0,0,0,2,0,0,0,0,4,0,0,930049
210798,0,0,0,0,0,4,0,0,0,0,0,0,0,0,0,0,0,0,0,0,1,0,0,3,930034
218057,0,1,0,0,0,0,0,0,0,0,9,1,0,0,2,2,3,0,2,0,0,18,0,0,929699
211263,0,0,0,0,1,0,0,0,0,0,0,1,0,0,2,6,0,0,0,0,1,26,0,0,929021
184610,0,0,0,0,0,0,0,0,0,0,2,0,0,1,0,0,0,0,0,0,0,0,0,0,928782
213818,0,0,0,0,0,2,0,0,0,0,0,1,0,0,0,0,0,0,0,0,0,17,0,0,927606
214084,0,0,0,0,0,0,0,0,0,0,0,0,0,0,3,9,0,0,0,0,0,13,0,0,927231
219255,0,1,0,0,0,3,0,0,0,0,0,1,1,0,0,0,2,0,1,1,18,5,0,2,926867
204210,0,0,0,0,0,7,0,0,0,0,0,1,2,0,0,0,0,0,0,2,5,7,0,3,926836
212240,0,2,1,0,0,0,0,0,0,0,0,0,0,0,0,0,7,2,5,0,1,28,0,0,926426
212909,0,0,0,0,2,0,0,0,0,0,0,0,0,0,0,0,0,0,0,0,0,4,0,0,925861
212229,0,0,0,0,0,1,1,0,0,0,0,1,0,1,2,0,0,0,0,0,4,15,0,0,925418
212820,0,0,0,0,0,0,0,0,0,0,0,3,4,0,1,1,1,0,0,3,8,11,0,0,925121
206900,0,2,0,0,10,0,0,0,0,0,3,0,0,0,0,0,0,0,0,0,0,0,0,0,924702
190448,0,0,0,0,0,0,0,0,0,0,0,1,0,0,0,0,0,0,0,0,10,0,0,0,924518
184159,0,1,0,0,0,0,0,0,0,0,0,1,0,0,1,1,3,0,2,0,0,5,0,0,924125
192022,0,0,0,0,0,1,1,0,0,1,2,0,0,2,3,3,3,0,2,0,0,0,0,0,923713
217824,0,0,0,0,0,0,0,0,0,0,0,0,0,0,0,0,0,0,0,0,0,26,0,0,923578
207958,0,1,0,0,0,0,0,0,0,0,1,0,0,0,0,0,4,0,1,0,5,27,0,0,923568
197333,0,0,0,0,2,0,0,0,0,0,0,1,0,0,0,0,0,0,0,0,5,0,0,0,923456
187581,0,0,0,0,0,10,0,0,0,0,0,1,1,0,0,0,0,0,0,0,12,0,0,10,923195
214207,0,0,1,0,0,0,3,1,0,0,1,2,0,3,0,0,4,0,0,0,19,6,0,0,923012
222062,0,1,2,0,0,0,0,0,0,0,1,0,0,0,3,3,0,0,0,0,0,13,0,0,922263
205815,0,0,0,0,0,9,0,0,0,0,0,0,0,0,0,0,0,0,0,0,1,0,0,3,921596
214643,0,0,0,0,0,0,0,0,0,0,0,0,0,0,0,0,1,0,2,0,1,3,0,0,920906
219282,0,0,0,0,0,0,0,0,0,0,0,0,0,0,0,0,0,0,0,0,0,18,0,0,920673
200269,0,0,0,0,0,0,0,0,0,0,37,0,0,0,0,0,0,0,0,0,0,0,0,0,920395
190777,0,0,0,0,0,0,0,0,0,0,0,0,1,0,0,0,0,0,0,4,0,0,0,0,920374
217016,0,0,0,0,0,0,0,0,0,0,0,3,0,0,0,0,0,0,0,1,11,0,0,0,919971
201561,0,0,0,0,0,0,0,0,0,0,10,0,0,0,3,1,1,0,0,0,0,0,0,0,919715
202354,0,0,0,0,0,5,0,0,0,2,1,3,0,0,0,0,0,0,0,0,3,0,0,0,919330
211309,0,1,1,0,0,0,0,0,0,0,0,1,0,0,1,0,1,0,0,0,3,14,0,0,919146
218418,0,0,0,0,0,2,0,0,0,0,0,0,0,0,0,0,0,0,0,0,5,7,0,1,918668
202729,0,0,0,0,0,0,0,0,0,3,3,1,0,0,0,0,0,0,0,0,4,0,0,0,918269
216431,0,0,0,0,0,0,0,0,0,0,15,0,0,0,0,0,5,0,3,0,1,12,0,0,918032
213617,0,0,0,0,0,0,0,0,0,0,22,0,0,0,2,2,0,0,0,0,1,20,0,0,917586
200609,0,0,0,0,0,7,0,0,0,0,1,0,0,0,0,0,0,0,0,0,2,0,0,2,917526
185581,0,1,0,0,1,0,0,0,0,2,2,1,0,0,0,0,3,0,2,0,5,0,0,0,917460
212198,0,2,0,0,0,0,0,0,0,0,0,0,0,0,0,0,0,0,0,0,0,3,0,0,916970
210035,0,0,0,0,0,0,0,0,0,1,8,0,0,0,1,0,1,2,1,0,0,15,0,0,916959
210382,0,0,0,0,0,0,1,0,0,0,0,0,0,1,0,0,1,0,0,0,0,16,0,0,916192
207580,0,3,0,0,0,0,0,0,0,0,0,0,0,0,0,0,4,0,4,0,0,4,0,0,915661
215028,0,0,0,0,0,1,0,1,0,0,0,0,0,0,1,0,0,0,0,0,0,9,0,0,915576
198882,0,4,0,0,0,0,0,0,0,0,4,0,0,0,1,1,4,0,5,0,0,0,0,0,915217
201521,0,0,0,0,0,0,0,0,0,1,3,0,0,0,0,0,1,0,0,0,6,0,0,0,914957
208646,0,0,0,0,0,1,1,0,0,0,0,2,0,0,2,2,3,0,3,0,3,11,0,0,914752
218170,0,0,2,0,0,7,0,0,0,1,1,0,0,0,0,0,1,0,1,0,0,7,0,1,914606
209489,0,0,2,0,2,0,0,0,0,0,1,0,0,0,0,0,0,0,0,0,0,21,0,0,914276
212474,0,0,2,0,0,0,1,3,0,0,2,0,0,0,1,0,1,0,1,0,4,11,0,0,914086
207685,0,0,0,0,0,10,0,0,0,0,0,3,1,0,0,0,0,0,0,1,7,0,0,10,913851
211436,0,4,0,0,0,2,0,0,0,0,0,0,0,0,0,0,3,0,5,0,0,13,0,1,913823
205886,0,0,0,0,0,0,0,0,0,0,2,0,0,0,3,2,0,0,0,0,0,0,0,0,913801
186893,0,6,0,0,0,0,0,0,0,0,1,0,0,0,0,0,0,0,0,0,0,3,0,0,912935
186308,0,3,0,0,0,0,0,0,0,0,0,0,0,0,0,0,1,0,1,0,0,0,0,0,912368
190031,0,0,0,0,0,0,0,0,0,0,0,1,0,0,0,0,0,0,0,0,7,0,0,0,911751
222495,0,1,2,0,1,0,0,0,0,0,0,0,0,0,3,3,0,0,0,0,0,16,0,0,911654
200626,0,0,0,0,0,2,1,0,0,1,5,1,0,1,0,0,0,0,0,0,2,0,0,1,911572
208783,0,1,2,0,0,0,1,0,0,0,0,1,0,2,0,0,0,0,0,0,2,29,0,0,911463
219931,0,0,0,0,0,0,0,0,0,0,0,0,0,0,1,2,0,0,0,0,0,12,7,0,910971
217300,0,0,0,0,0,0,0,0,0,0,0,0,0,0,0,0,1,0,1,0,0,6,0,0,910375
188626,0,0,0,0,0,0,1,0,0,0,0,1,0,1,0,0,1,0,0,0,4,0,0,0,910109
184406,0,0,0,0,0,0,0,0,0,0,0,0,0,0,2,5,0,0,0,0,0,0,0,0,909883
210960,0,0,0,0,0,0,0,0,0,0,1,0,0,0,0,0,1,0,0,0,0,3,0,0,909793
190631,0,0,0,0,0,0,0,0,0,0,0,0,1,0,0,0,0,0,0,0,1,0,0,0,909488
198797,0,0,0,0,0,0,0,1,0,0,0,0,1,0,1,0,4,0,2,0,2,0,0,0,909010
200708,0,0,0,0,0,0,0,0,0,2,4,1,0,3,1,0,2,1,3,0,4,0,0,0,908987
208145,0,2,0,0,0,0,0,0,0,0,2,0,0,0,1,1,3,0,1,0,6,23,0,0,908567
209932,0,0,0,0,0,0,0,0,0,0,0,0,0,0,2,4,0,0,0,0,0,10,0,0,908201
206925,0,1,0,0,2,0,0,0,0,2,2,7,0,0,0,0,1,0,1,0,7,0,0,0,907778
217740,0,0,1,0,0,3,1,0,0,0,0,1,0,2,0,0,0,0,0,0,8,4,0,2,906430
214763,0,0,1,0,0,0,0,0,0,0,1,0,0,0,2,10,2,0,1,0,0,18,0,0,905610
221554,0,0,0,0,0,0,0,0,0,0,0,0,0,0,1,0,0,0,0,0,0,6,0,0,904983
198399,0,1,0,0,0,0,0,0,0,0,0,2,1,0,0,0,0,0,0,1,7,0,0,0,904445
210316,0,0,1,0,0,0,0,0,0,0,1,0,0,0,1,0,1,0,0,0,0,13,0,0,904009
217560,0,0,0,0,0,0,0,0,0,0,0,0,0,0,2,3,1,0,1,0,0,8,0,0,903843
218174,0,1,3,0,1,0,0,0,0,0,0,0,0,0,0,0,0,0,0,0,0,52,0,0,903736
210837,0,2,0,0,0,5,1,0,0,0,1,0,1,1,3,2,2,0,0,0,2,4,0,2,903567
219231,0,0,1,0,0,0,1,0,0,0,0,0,0,0,3,3,1,0,1,0,0,12,0,0,903340
215744,0,0,0,0,0,1,1,0,0,0,0,0,0,1,0,0,0,0,0,0,0,16,0,0,902855
222888,0,1,1,0,0,4,0,0,0,0,0,0,0,0,2,2,0,0,0,0,1,12,0,2,902613
218798,0,2,1,0,0,0,0,0,0,0,1,1,0,0,1,0,5,0,1,0,0,30,0,0,902216
200194,0,0,0,0,0,0,0,0,0,0,0,0,0,0,0,0,0,0,0,0,0,0,0,0,901912
201143,0,0,0,0,0,0,2,0,0,0,0,0,0,0,0,0,0,0,0,0,0,0,0,0,901726
217875,0,0,0,0,0,0,0,0,0,0,9,0,0,0,1,0,2,0,3,0,0,8,0,0,901327
212506,0,0,0,0,0,0,0,0,0,0,0,0,0,0,0,0,2,0,0,0,0,3,0,0,901314
193403,0,0,0,0,0,0,0,0,0,1,4,0,0,0,2,1,4,0,2,0,0,0,0,0,900856
220341,0,0,0,0,0,0,0,0,0,0,0,1,0,0,0,0,0,0,0,0,9,6,0,0,900795
186188,0,0,0,0,0,0,1,0,0,3,4,0,0,2,4,5,1,0,0,0,0,0,0,0,900632
193943,0,0,0,0,0,0,0,0,0,3,1,0,1,0,0,0,3,0,3,1,1,0,0,0,900576
202466,0,0,0,0,0,0,0,0,0,0,0,0,0,0,0,0,0,0,0,0,5,0,0,0,900275
202028,0,1,0,0,0,0,0,0,0,0,0,1,0,0,0,0,0,0,0,0,3,0,0,0,899109
221868,0,0,0,0,0,0,0,0,0,0,1,0,0,0,0,0,1,0,0,0,0,5,0,0,898690
214806,0,0,0,0,0,0,0,0,0,0,0,0,0,0,0,0,1,0,2,0,0,13,0,0,898624
211035,0,2,0,0,0,2,2,0,0,4,3,1,0,2,1,0,1,0,0,0,5,22,0,0,898414
210354,0,0,0,0,0,0,0,0,0,0,0,0,0,2,1,1,2,1,4,0,2,9,0,0,898377
215864,0,0,0,0,0,0,0,0,0,0,0,0,0,0,4,3,0,0,0,0,0,4,0,0,898360
204327,0,0,0,0,2,0,0,0,0,0,0,3,0,0,0,0,0,0,0,0,7,1,0,0,898217
205841,0,0,0,0,0,0,0,0,0,0,0,0,0,0,0,0,2,0,2,3,0,0,0,0,898095
191516,0,3,0,0,0,1,1,0,0,0,0,0,0,1,4,1,0,0,0,0,0,0,0,0,897479
219361,0,1,1,0,0,0,0,0,0,0,1,1,1,0,1,1,0,0,0,0,2,12,0,0,897415
195264,0,0,0,0,0,0,0,0,0,0,0,3,0,0,0,0,0,0,0,0,18,0,0,0,897110
188487,0,0,0,0,0,0,0,0,0,1,1,0,0,0,4,2,0,0,0,0,0,1,0,0,897104
184571,0,0,0,0,0,0,0,0,0,0,0,0,0,0,0,0,0,0,0,0,0,0,0,0,897037
214410,0,0,4,0,1,0,0,0,0,0,0,0,0,0,0,0,0,0,0,0,0,17,0,0,895611
207111,0,0,0,0,0,13,0,0,0,0,0,0,1,0,0,0,0,0,0,1,4,0,0,13,895546
196650,0,3,0,0,0,0,0,0,0,0,0,0,0,0,0,0,2,0,0,0,1,0,0,0,895460
204010,0,0,0,0,0,0,1,0,0,0,1,1,0,0,1,0,1,0,1,0,8,0,0,0,894102
204972,0,0,0,0,0,0,0,0,0,0,0,0,1,0,0,0,0,0,0,2,14,0,0,0,893698
186963,0,0,0,0,0,0,0,1,0,2,3,0,0,0,0,0,0,0,0,0,1,0,0,0,893287
207574,0,0,1,0,0,0,0,0,0,0,0,0,0,0,0,0,0,0,0,0,3,16,0,0,893206
200820,0,0,0,0,0,0,0,0,0,6,3,1,0,0,0,0,0,0,0,0,9,0,0,0,892732
199997,0,0,0,0,0,0,0,0,0,0,1,0,0,0,0,1,1,0,0,0,2,0,0,0,892491
203857,0,2,0,0,4,0,1,0,0,0,0,0,0,1,0,0,0,0,0,0,0,0,0,0,892123
195527,0,0,0,0,1,1,2,0,0,4,4,1,0,0,0,0,12,0,0,0,6,0,0,0,892083
216114,0,0,0,0,0,0,0,0,0,0,6,0,0,0,4,6,0,0,0,0,0,13,0,0,891457
189896,0,1,0,0,0,0,0,0,0,2,10,1,1,0,1,0,3,0,2,0,9,0,0,0,891306
220991,0,0,0,0,0,0,0,0,0,0,6,0,0,0,1,0,4,0,4,0,0,9,0,0,890914
201218,0,0,0,0,2,0,0,0,0,0,0,2,0,0,0,0,0,0,0,0,3,1,0,0,889720
218795,0,8,2,0,7,1,0,0,0,7,3,0,0,0,0,0,3,0,2,0,1,43,0,0,888073
188248,0,1,0,0,0,0,0,1,0,0,1,0,0,1,2,3,5,0,5,0,0,0,0,0,887751
198586,0,0,0,0,0,0,0,0,0,1,1,0,0,0,0,0,0,0,0,0,0,0,0,0,887575
208775,0,2,0,0,0,0,0,0,0,1,3,0,0,0,1,1,0,0,0,0,0,23,0,0,886895
222552,0,0,6,0,0,0,0,0,0,2,6,0,0,0,0,0,0,0,0,0,0,2,0,0,886252
187465,0,0,0,0,0,1,0,0,0,0,0,0,0,0,1,1,2,0,1,0,1,0,0,1,885923
196412,0,0,0,0,0,0,0,1,0,0,0,0,0,0,8,4,0,0,0,0,0,0,0,0,885699
219045,0,0,0,0,0,4,0,0,0,0,1,0,0,0,1,0,0,0,0,0,0,3,0,3,885612
219923,0,0,0,0,0,0,0,0,0,0,2,1,0,0,0,0,2,0,2,0,7,10,0,0,885594
206577,0,0,0,0,0,0,0,0,0,0,0,1,0,0,7,4,0,0,0,0,2,0,1,0,885472
206883,0,0,0,0,0,0,1,0,0,0,1,0,0,1,1,1,0,0,0,0,2,5,0,0,884989
195737,0,0,0,0,0,0,0,0,0,0,1,1,0,0,1,0,4,0,4,0,10,0,0,0,884925
199201,0,0,0,0,0,0,0,0,0,0,0,0,0,0,0,0,0,0,0,0,0,0,0,0,884839
213619,0,3,1,0,0,1,0,0,0,0,0,0,0,0,0,0,2,4,1,0,0,27,0,0,884686
198005,0,1,0,0,1,0,0,1,0,0,1,0,0,0,2,0,0,0,0,0,12,0,0,0,884659
186548,0,0,0,0,0,0,0,0,0,29,39,0,0,0,1,0,0,0,0,0,0,0,0,0,884607
214118,0,5,1,0,0,0,0,0,0,0,0,0,0,0,0,0,1,0,1,0,4,32,0,0,884562
205863,0,0,0,0,0,0,0,0,0,0,0,0,0,0,0,0,0,0,0,0,0,0,0,0,884322
209183,0,0,0,0,0,0,0,0,0,0,1,0,0,0,0,0,0,0,0,0,0,17,0,0,884178
221336,0,0,0,0,0,0,0,0,0,0,1,1,0,0,0,0,1,0,0,0,15,2,0,0,884044
194958,0,0,0,0,0,0,0,1,0,0,0,1,0,0,1,0,1,0,0,0,0,0,0,0,883982
211783,0,0,2,0,0,0,0,1,0,0,0,0,0,0,2,0,0,0,0,0,0,0,3,0,883915
219376,0,1,0,0,0,0,0,0,0,1,3,0,0,0,0,0,0,0,0,0,0,8,0,0,883687
219593,0,0,0,0,0,1,1,0,0,3,1,0,0,0,1,0,1,0,0,0,0,10,0,1,883343
207547,0,0,0,0,0,0,0,0,0,0,2,1,0,0,0,0,1,0,0,1,4,0,0,0,883210
216496,0,0,2,0,0,0,0,0,0,0,1,0,0,0,1,1,8,0,0,0,0,8,0,0,882702
209207,0,1,2,0,0,1,0,0,0,0,1,1,2,0,1,0,4,0,2,0,8,5,0,1,882549
187102,0,0,0,0,5,0,0,0,0,0,0,0,0,0,0,0,1,0,0,0,0,0,0,0,882500
201072,0,0,0,0,0,0,0,0,0,0,14,1,0,0,0,0,0,0,0,0,4,0,0,0,882357
211953,0,0,0,0,0,0,0,1,0,0,1,0,0,0,5,4,0,0,0,1,1,9,0,0,881800
185202,0,0,0,0,0,1,0,0,0,0,0,0,0,1,4,3,0,0,0,0,0,0,0,0,881498
209447,0,1,0,0,0,0,0,0,0,0,2,2,0,0,0,0,1,3,1,0,4,27,0,0,880686
196235,0,1,0,0,0,0,0,0,0,1,1,1,0,0,0,0,0,0,0,0,0,0,0,0,880058
212866,0,1,0,1,2,0,0,0,0,0,6,0,0,0,0,0,0,0,0,0,1,21,0,0,879412
189355,0,0,0,0,1,0,0,0,0,0,1,0,0,2,2,0,0,0,0,0,3,0,0,0,879136
218033,0,1,1,0,0,0,0,0,0,0,0,1,0,0,0,0,0,0,0,0,8,2,0,0,878478
184905,0,1,0,0,0,0,1,0,0,1,3,0,0,0,0,0,1,0,2,0,0,1,0,0,878361
220849,0,0,1,0,0,0,0,0,0,2,3,1,0,0,1,1,0,0,0,0,0,13,0,0,877963
206942,0,0,0,0,0,0,0,0,0,0,0,1,0,0,0,0,0,0,0,0,4,0,0,0,876897
210975,0,0,0,0,0,0,0,0,0,0,0,0,0,0,0,0,0,0,0,0,6,5,0,0,876692
194790,0,0,0,0,1,0,0,1,0,2,6,0,0,0,2,0,1,0,0,0,0,0,0,0,876506
219822,0,0,0,0,0,0,0,0,0,0,3,0,0,0,1,1,11,0,1,0,0,14,0,0,876274
184488,0,0,0,0,0,0,0,0,0,0,4,0,0,0,0,0,1,0,0,0,0,0,0,0,875945
198205,0,0,0,0,0,0,0,0,0,1,6,0,0,0,1,1,2,0,2,0,1,0,0,0,875742
220768,0,4,1,0,0,0,1,0,0,0,1,0,0,1,1,3,1,0,1,0,0,27,0,0,875717
196413,0,1,0,0,0,1,0,0,0,1,3,0,0,0,1,0,1,0,1,0,0,0,0,0,875086
191979,0,1,0,0,0,0,1,0,0,0,0,0,0,0,1,0,1,0,2,0,0,0,0,0,874829
218745,0,0,0,0,0,0,0,0,0,0,0,1,0,0,2,4,3,0,3,0,2,13,0,0,874799
208674,0,2,0,0,0,0,0,0,0,0,0,0,0,0,0,0,4,0,3,0,1,29,0,0,874650
186983,0,2,0,0,0,0,0,0,0,0,0,0,0,0,0,0,0,0,0,0,1,0,0,0,874607
212075,0,3,0,0,1,0,0,0,0,0,0,0,0,0,0,0,1,0,0,0,0,23,0,0,874273
202762,0,0,0,0,0,0,0,0,0,0,0,1,0,0,0,0,0,0,0,0,0,0,0,0,873594
208993,0,4,1,0,0,0,1,1,0,0,1,0,0,0,0,0,1,1,1,0,1,19,0,0,873361
215029,0,0,0,0,0,0,0,0,0,1,5,0,0,0,0,0,0,0,0,0,0,4,0,0,872709
206427,0,2,0,0,0,0,0,0,0,0,0,0,0,0,1,0,2,0,2,0,1,0,0,0,872301
209783,0,0,5,0,0,0,0,0,0,0,0,0,0,0,0,0,0,0,0,0,0,8,0,0,871970
196783,0,0,0,0,6,0,0,0,0,0,2,1,0,0,0,0,0,0,0,0,5,0,0,0,871229
210623,0,0,2,0,0,3,0,0,0,0,0,0,0,0,0,0,0,0,0,0,0,6,0,3,870758
198077,0,0,0,0,0,0,0,0,0,0,5,0,0,0,1,2,1,0,0,0,2,0,0,0,870050
219037,0,0,0,0,0,1,1,0,0,0,0,0,0,3,2,1,0,0,0,0,0,29,0,1,869854
220731,0,3,1,0,0,0,0,0,0,0,0,1,0,0,0,0,8,0,2,0,0,44,0,0,869345
212845,0,0,0,0,0,1,0,0,0,0,0,1,1,0,0,0,0,0,0,0,13,0,0,0,868346
199947,0,0,0,0,0,0,0,0,0,0,0,4,0,0,2,0,0,0,0,0,15,0,0,0,867398
208098,0,0,0,0,0,10,0,0,0,0,0,2,1,0,0,0,0,0,0,0,7,0,0,10,866400
218430,0,0,5,0,0,1,0,0,0,0,0,1,0,0,0,0,4,1,4,0,7,4,0,1,865972
205205,0,0,0,3,0,0,0,0,0,0,4,0,0,0,0,0,0,0,0,0,2,0,0,0,865823
193374,0,0,0,0,0,0,0,0,0,0,6,0,0,0,0,0,1,0,0,0,0,0,0,0,865410
222999,0,1,0,0,0,0,0,0,0,0,0,0,0,0,4,9,0,0,0,0,0,7,0,0,865353
212942,0,0,2,0,0,0,0,0,0,0,1,1,0,0,0,0,3,0,1,0,0,12,0,0,864214
203635,0,0,0,0,3,7,0,0,0,0,1,1,0,0,0,0,1,0,1,0,0,0,0,1,863847
205067,0,0,0,0,0,0,0,0,0,1,4,0,0,0,0,0,0,0,0,0,0,0,0,0,863754
185427,0,1,0,0,3,0,0,0,0,0,1,0,0,0,0,0,1,0,0,0,0,0,0,0,863681
190325,0,0,0,0,0,0,0,0,0,1,2,0,0,0,3,4,3,0,5,0,0,0,0,0,863465
219270,0,1,0,0,0,0,0,0,0,0,3,0,0,0,0,0,7,0,2,0,0,26,0,0,862981
194388,0,0,0,0,0,0,0,0,0,0,0,1,0,0,0,0,0,0,0,0,2,0,0,0,862782
213747,0,0,1,0,0,0,0,2,0,0,4,0,0,0,0,0,0,0,0,0,3,10,0,0,861424
189053,0,0,0,0,0,0,0,1,0,0,0,0,0,0,1,2,0,0,0,0,0,0,1,0,860973
220246,0,0,0,0,0,1,2,0,0,0,1,0,0,3,0,0,0,0,0,0,0,29,0,1,860651
198776,0,1,0,0,0,0,0,0,0,0,0,0,0,0,0,0,4,0,0,0,0,0,0,0,859919
214673,0,0,0,0,0,0,0,0,0,0,0,0,0,0,0,0,0,0,0,0,0,7,0,0,859815
196124,0,0,0,0,0,0,0,0,0,2,3,1,0,0,0,0,0,0,0,0,13,2,0,0,859738
191345,0,0,0,0,0,0,0,0,0,0,0,0,0,0,1,2,0,0,0,4,0,0,0,0,859518
206061,0,0,0,0,0,0,0,2,0,0,0,0,0,0,1,2,1,0,2,0,0,0,0,0,859357
213302,0,0,0,0,0,0,0,0,1,0,0,0,0,0,0,0,0,0,0,0,0,10,0,0,859268
221112,0,0,0,0,0,0,0,0,0,0,0,0,0,0,0,0,1,0,3,0,3,3,0,0,858521
218413,0,1,0,0,0,0,0,0,0,0,0,0,0,0,1,0,0,0,0,0,0,9,0,0,858202
206897,0,0,0,0,0,0,0,0,0,6,6,5,0,0,1,1,0,0,0,0,6,4,0,0,858148
189864,0,0,0,0,0,1,1,0,0,0,0,8,0,1,0,0,0,0,0,0,26,0,0,1,857773
192289,0,1,0,0,0,0,0,0,0,0,4,1,0,0,1,0,1,0,2,0,5,6,0,0,856338
207791,0,0,0,0,0,12,0,0,0,0,0,0,0,0,0,0,0,0,0,0,4,0,0,12,856289
206407,0,0,0,0,0,0,0,0,0,0,0,1,0,0,2,0,1,0,1,0,6,3,0,0,856201
219329,0,1,2,0,0,0,0,0,0,0,3,0,0,0,0,0,0,0,0,0,1,7,0,0,855101
217079,0,1,1,0,0,0,0,0,1,0,1,0,0,0,0,0,2,0,0,0,3,14,0,0,854641
212893,0,0,0,0,0,0,0,0,0,0,0,0,0,0,2,1,1,0,1,0,0,5,0,0,854304
207826,0,1,2,0,0,2,0,1,0,0,2,1,0,0,1,1,1,0,1,0,6,11,0,2,854221
220500,0,0,0,0,0,0,0,0,0,0,1,1,0,0,1,0,0,0,0,0,0,19,0,0,853110
189649,0,0,0,0,0,0,0,0,0,0,4,0,0,0,0,0,1,0,0,0,8,0,0,0,852899
184779,0,1,0,0,0,0,0,0,0,0,0,0,0,0,1,0,1,0,0,0,0,0,0,0,852177
190033,0,0,0,0,0,0,0,0,0,1,7,2,0,1,1,0,0,0,0,0,7,10,0,0,852090
206285,0,0,0,0,0,0,0,0,0,0,1,2,0,0,0,0,1,0,1,0,6,0,0,0,851954
211258,0,1,0,0,0,0,0,0,0,0,0,1,0,0,1,1,4,0,1,0,4,20,0,0,851919
217409,0,0,0,0,0,0,0,0,0,0,1,2,0,0,0,0,0,0,0,0,4,0,0,0,850740
209315,0,0,1,0,0,0,0,0,0,0,0,0,0,0,1,0,1,0,0,0,0,26,0,0,850606
214536,0,0,0,0,0,0,0,0,0,0,0,1,0,0,0,0,1,0,2,0,20,10,0,0,850561
200229,0,0,0,0,0,0,0,0,0,0,6,1,0,0,2,0,5,0,1,0,2,0,0,0,850098
201110,0,1,0,0,0,0,1,0,0,0,0,2,0,1,2,1,1,0,1,0,5,0,0,0,850051
207234,0,1,0,0,0,0,0,0,0,0,0,0,0,0,2,2,1,0,0,0,0,0,1,0,849964
184263,0,0,0,0,0,0,0,0,0,0,0,0,4,0,0,0,0,0,0,15,1,0,0,0,849535
210478,0,0,1,0,0,0,0,0,0,0,1,0,0,0,0,0,2,0,2,0,0,12,0,0,849216
204998,0,0,0,0,0,0,0,0,0,0,1,0,0,0,0,0,2,0,1,0,0,0,0,0,848987
207208,0,0,0,2,0,1,1,0,0,0,0,2,0,0,0,0,0,0,0,0,4,0,0,0,848821
199573,0,1,0,0,0,0,0,0,0,1,1,0,0,0,0,0,1,0,1,0,0,0,0,0,848777
209007,0,0,3,0,9,0,0,0,0,0,0,0,0,0,0,0,0,0,0,0,0,4,0,0,848745
183842,0,1,0,0,0,0,1,0,0,2,4,0,0,0,0,0,0,0,0,0,0,0,0,0,848679
183834,0,0,0,0,0,1,0,0,0,2,4,0,0,0,2,1,1,0,0,1,0,0,0,0,848611
209019,0,0,1,0,0,0,0,0,0,0,2,0,0,0,1,0,3,0,0,0,3,17,0,0,848423
221452,0,0,4,0,40,0,0,0,0,0,1,0,0,0,3,1,0,0,0,0,0,14,0,0,848134
196447,0,0,0,0,0,0,0,0,0,0,0,0,0,0,0,0,0,0,0,0,0,0,0,0,847487
209024,0,0,0,0,0,1,0,0,0,0,11,1,0,0,1,0,2,1,3,0,1,8,0,1,847196
214628,0,1,0,0,0,0,0,0,0,0,0,0,0,0,0,0,0,0,0,0,0,0,0,0,847137
199869,0,0,0,0,0,0,0,0,0,0,3,0,0,0,3,1,0,0,0,0,7,0,0,0,846231
217568,0,0,1,0,0,1,0,0,0,0,0,0,0,0,1,1,3,0,0,0,1,0,0,1,845612
214821,0,0,1,0,0,3,0,0,0,0,0,0,0,0,0,0,0,0,0,0,1,3,0,3,845426
221869,0,0,0,0,0,0,0,0,0,0,0,0,0,0,0,0,0,0,0,0,0,0,0,0,844905
215425,0,1,2,0,2,0,1,0,0,0,2,0,0,1,2,1,2,0,4,0,0,15,0,0,844807
216248,0,0,1,0,0,0,1,0,0,0,0,0,0,1,2,0,1,0,0,1,3,8,0,0,844083
202725,0,2,0,0,1,0,0,0,0,0,0,0,0,0,1,0,2,0,3,0,0,0,0,0,843730
212687,0,0,0,0,0,0,0,0,0,0,1,0,0,0,1,1,2,0,4,0,0,8,0,0,843447
200432,0,0,0,0,0,0,0,0,0,1,6,2,0,0,0,0,0,0,0,0,3,0,0,0,843023
217540,0,0,0,0,0,0,0,0,0,0,1,0,0,0,3,1,0,0,0,0,0,27,0,0,842839
196731,0,1,0,0,0,0,1,0,0,1,3,0,0,0,1,0,4,0,1,0,0,0,0,0,842750
213600,0,0,0,0,0,0,0,0,0,0,0,0,0,0,1,0,0,0,0,0,0,22,0,0,842264
185365,0,0,0,0,0,0,0,0,0,0,0,1,0,0,0,0,2,0,2,0,0,0,0,0,842048
185685,0,1,0,0,0,0,0,0,0,0,0,0,0,0,0,0,1,0,1,0,4,0,0,0,841958
186695,0,0,0,0,0,0,0,0,0,0,0,2,0,0,0,0,0,0,0,0,3,0,0,0,841485
184206,0,0,0,0,1,0,1,0,0,0,0,0,0,0,1,1,0,0,0,0,0,0,0,0,841189
206624,0,0,0,0,0,0,0,0,0,0,0,0,0,0,0,0,0,0,0,0,0,3,0,0,840787
209477,0,0,1,0,0,5,0,0,0,0,0,0,0,0,0,0,0,0,0,0,1,2,0,3,839916
215601,0,0,0,0,0,0,0,0,0,0,0,0,0,1,2,8,0,0,0,0,0,0,0,0,839706
188463,0,0,0,0,0,0,0,2,0,0,0,0,0,0,2,10,2,0,1,0,0,0,0,0,839337
195727,0,0,0,0,0,5,0,0,0,0,0,1,0,0,1,0,0,0,0,0,2,0,0,2,839316
194553,0,0,0,0,0,0,0,0,0,0,0,1,0,0,0,0,0,0,0,0,32,0,0,0,839272
220633,0,0,1,0,0,3,0,0,0,0,2,0,0,0,2,1,0,0,0,0,1,4,0,1,838962
220184,0,0,0,0,0,0,0,0,0,0,0,0,0,0,0,0,0,0,0,0,0,36,0,0,838384
190492,0,0,0,0,8,0,0,0,0,0,0,0,0,0,0,0,0,0,0,0,0,0,0,0,838378
222059,0,0,0,0,0,0,0,0,0,1,1,1,0,0,0,0,0,0,0,0,11,3,0,0,838329
190774,0,0,0,0,0,1,0,0,0,0,0,0,0,0,0,0,0,0,0,0,0,0,0,1,837720
204894,0,0,0,0,0,0,0,0,0,0,0,1,0,0,1,0,0,0,0,0,10,0,0,0,837556
215709,0,0,1,0,0,0,0,0,0,0,2,0,0,0,1,1,4,0,1,0,0,6,0,0,837011
191711,0,1,0,0,1,0,0,0,0,0,1,1,0,0,3,0,0,0,0,0,3,0,0,0,836892
214709,0,0,0,0,0,0,0,0,0,0,4,3,0,0,0,0,0,0,0,0,6,18,0,0,836507
186240,0,0,0,0,0,0,0,0,0,0,0,0,1,0,1,0,0,0,0,1,0,0,0,0,836046
197992,0,1,0,0,1,0,0,1,0,0,0,0,0,0,0,0,1,0,1,0,0,0,0,0,835765
194020,0,0,0,0,1,0,0,0,0,0,0,1,0,0,0,0,0,0,0,0,0,0,0,0,835730
209005,0,0,2,0,0,0,0,0,0,0,1,0,0,0,0,0,0,0,0,0,0,44,0,0,835603
222331,0,2,0,0,0,1,0,0,0,0,5,0,0,1,3,3,5,1,2,0,0,21,0,0,834780
189516,0,3,0,0,0,2,0,0,0,1,1,1,0,0,0,0,2,0,2,0,5,0,0,0,834735
194419,0,0,0,0,0,1,3,0,0,0,1,1,0,3,0,0,0,0,0,0,2,0,0,0,833844
203850,0,0,0,0,0,0,0,1,0,1,1,0,0,0,1,4,0,0,0,0,1,0,1,0,833462
211224,0,0,0,0,0,0,0,0,0,1,1,0,0,0,0,0,3,0,0,0,0,13,0,0,833314
213070,0,0,0,0,0,0,0,0,0,0,0,0,0,0,3,3,0,0,0,0,0,1,0,0,833098
212449,0,0,0,0,0,0,0,0,1,2,2,1,0,0,0,0,0,0,0,0,9,2,0,0,832994
203594,0,0,0,0,0,1,0,0,0,0,1,1,0,0,0,0,0,0,0,0,8,0,0,1,832844
196882,0,0,0,0,0,0,0,0,0,0,2,2,0,0,1,0,4,0,2,0,15,0,0,0,832535
205904,0,0,0,0,0,0,0,0,0,1,0,1,0,0,0,0,2,0,1,0,0,5,0,0,832407
208423,0,0,0,0,0,0,0,0,0,0,0,0,0,0,0,0,0,0,0,0,0,30,0,0,832242
216467,0,1,0,0,0,0,0,0,0,0,0,0,0,0,0,0,0,0,0,0,0,19,0,0,832073
215513,0,0,0,0,0,0,0,0,0,1,2,0,0,0,0,0,1,0,0,0,0,12,0,0,831699
214767,0,0,0,0,0,1,4,0,0,0,3,0,0,4,1,0,0,0,0,0,0,3,0,0,831655
214954,0,3,0,0,0,0,2,0,0,0,1,0,0,2,0,0,12,0,0,0,4,18,0,0,831376
221303,0,3,0,0,0,0,0,0,0,0,0,0,0,0,0,0,1,0,0,0,5,24,0,0,831341
213066,0,0,0,0,0,0,0,0,0,0,0,0,0,0,0,0,0,0,0,0,0,0,0,0,831162
186834,0,0,0,0,0,0,0,0,0,0,0,0,0,0,1,2,1,0,1,0,0,0,0,0,831119
188510,0,0,0,0,0,4,0,0,0,0,0,0,2,0,1,0,0,0,0,2,0,0,0,3,831068
217210,0,0,0,0,0,1,0,0,0,0,2,0,0,0,0,0,1,0,0,0,0,8,0,0,831068
205648,0,0,0,0,0,0,0,0,0,0,3,1,0,0,1,0,0,0,0,0,0,0,0,0,830266
221708,0,0,0,0,0,0,0,0,0,1,7,1,0,0,1,1,1,0,1,0,0,16,0,0,829602
213659,0,3,0,0,0,0,0,1,0,0,0,0,0,0,0,0,4,0,3,0,0,19,0,0,828809
221377,0,0,0,0,0,0,0,0,0,0,1,0,0,0,1,0,1,0,0,0,5,5,0,0,828773
191131,0,0,0,0,0,0,0,0,0,0,1,0,0,0,3,0,6,0,7,0,0,0,0,0,828773
204962,0,2,0,0,0,3,0,0,0,0,0,3,0,0,0,0,0,0,0,0,6,0,0,2,828676
217731,0,0,0,0,0,0,0,0,0,0,2,0,0,0,1,0,0,0,0,0,0,18,0,0,828004
191067,0,0,0,0,0,0,0,0,0,0,0,1,0,0,1,8,0,0,0,0,4,0,0,0,827858
215984,0,0,4,0,0,0,0,0,0,0,0,0,0,0,0,0,4,0,1,0,5,14,0,0,827729
202170,0,0,0,0,0,3,1,0,0,0,4,0,0,0,0,0,1,0,0,0,5,0,0,1,827645
216113,0,0,0,0,0,0,0,0,0,73,15,0,0,0,0,0,3,0,5,0,0,16,0,0,827566
201550,0,2,0,0,0,1,0,0,0,0,1,1,0,0,1,0,1,0,1,0,9,9,0,1,827506
193114,0,1,0,0,0,0,0,0,0,1,6,0,0,0,0,0,2,0,1,0,0,0,0,0,827209
212507,0,0,4,2,0,0,0,0,0,0,0,0,0,0,0,0,0,0,0,0,0,14,0,0,826831
204691,0,0,0,0,0,2,0,0,0,0,0,1,0,0,0,0,0,0,0,0,7,0,0,0,826810
193564,0,0,0,0,0,0,0,0,0,0,1,0,0,0,1,0,0,0,0,0,0,0,0,0,826755
190108,0,1,0,0,0,2,0,0,0,1,7,0,0,0,1,0,4,0,2,0,0,0,0,0,826610
214779,0,0,1,0,0,1,0,0,0,0,0,0,0,0,1,0,0,0,0,0,0,16,0,1,826543
203109,0,0,0,0,0,0,0,0,0,1,7,0,0,0,2,1,1,0,1,0,0,0,0,0,826000
217187,0,0,0,0,0,0,0,0,0,0,0,0,0,0,3,1,0,0,0,0,0,4,0,0,825999
222660,0,0,0,0,0,9,0,0,0,0,1,0,1,0,0,0,0,0,0,1,0,1,0,4,825624
196162,0,0,0,0,0,0,0,0,0,0,0,0,1,0,0,0,0,0,0,0,0,0,0,0,825575
207927,0,1,0,0,0,0,0,0,0,0,0,0,0,0,0,0,0,0,0,0,0,8,0,0,825496
186228,0,0,0,0,0,0,0,0,0,0,0,0,1,0,0,0,0,0,0,1,2,0,0,0,825452
198330,0,3,0,0,0,0,0,0,0,0,0,0,0,0,0,0,6,0,3,0,0,0,0,0,824775
195501,0,2,0,0,0,0,0,0,0,1,1,0,0,0,2,2,1,0,1,0,0,9,0,0,824514
221426,0,0,0,0,0,0,1,0,0,1,4,0,0,1,0,0,3,0,0,0,0,13,0,0,824270
221062,0,0,0,0,0,0,0,0,0,2,2,1,0,0,0,0,0,0,0,0,1,3,0,0,824109
191033,0,1,0,0,0,0,0,0,0,0,0,0,0,0,0,0,0,0,0,0,0,0,0,0,824105
218205,0,1,1,0,0,0,0,0,0,0,0,1,0,0,2,3,0,0,0,0,3,7,3,0,823814
187007,0,0,0,0,0,3,0,0,0,0,1,1,0,0,0,0,0,0,0,0,17,0,0,0,823654
191599,0,0,0,0,0,0,0,0,0,0,0,0,0,0,0,3,0,0,0,0,0,3,0,0,823353
206194,0,0,0,0,0,1,0,0,0,0,0,4,0,0,0,0,0,0,0,0,12,0,0,1,823094
217730,0,0,1,0,0,0,0,1,0,0,6,0,0,0,1,1,0,0,0,0,4,17,0,0,823014
202197,0,0,0,0,0,1,0,0,0,0,2,0,0,0,0,0,0,0,0,0,7,0,0,1,822955
189698,0,1,0,0,0,0,0,0,0,0,2,1,0,0,0,0,4,0,3,0,3,0,0,0,822700
190674,0,0,0,0,0,0,0,0,0,0,0,0,0,0,0,0,0,0,0,0,0,0,0,0,822386
200283,0,0,0,3,0,9,0,0,0,0,0,0,0,0,0,0,0,0,0,0,0,0,0,2,822144
196136,0,0,0,0,0,1,0,0,0,0,0,1,0,0,1,0,0,0,0,0,12,0,0,1,822071
206192,0,5,0,0,1,1,0,0,0,1,2,1,0,0,0,0,1,0,0,0,5,0,0,1,822026
208902,0,0,0,0,0,10,0,0,0,0,0,2,1,0,0,0,0,0,0,1,3,0,0,10,821921
212298,0,4,8,0,0,0,0,0,0,1,10,0,1,0,1,0,3,0,0,1,0,27,0,0,821681
207426,0,1,0,0,0,2,1,0,0,0,0,0,0,3,1,0,0,0,0,0,0,13,0,1,820613
217933,0,1,0,0,0,1,1,0,0,0,0,0,0,1,0,0,0,0,0,0,0,21,0,0,820314
200813,0,0,0,0,0,0,0,0,0,0,0,0,0,0,2,2,0,0,0,0,0,0,0,0,820110
187069,0,10,0,0,0,0,0,0,0,1,2,0,0,0,0,0,0,0,0,0,0,0,0,0,819202
196547,0,0,0,0,0,0,0,0,0,0,0,0,0,0,0,0,0,0,0,0,0,0,0,0,819109
208367,0,0,0,0,0,2,0,0,0,0,0,1,0,0,0,0,0,0,0,0,3,13,0,1,818164
200068,0,1,0,0,0,0,0,0,0,0,4,1,0,0,1,1,2,0,0,0,2,0,0,0,817409
211997,0,0,0,0,0,0,0,0,0,0,0,2,0,0,0,0,0,0,0,0,24,6,0,0,817398
194602,0,0,0,0,0,0,0,0,0,0,0,0,0,0,0,0,0,0,0,0,0,2,0,0,817395
186090,0,0,0,0,0,0,0,0,0,0,0,0,0,0,0,0,0,0,0,0,0,0,0,0,817357
204093,0,0,0,0,0,0,3,0,0,0,3,0,0,5,2,3,0,0,0,0,0,0,0,0,817146
199968,0,1,0,0,10,0,0,0,0,0,5,0,0,0,1,0,1,0,1,0,0,0,0,0,816851
222736,0,0,0,0,0,11,0,0,0,0,0,0,0,0,0,0,1,0,0,0,1,9,0,1,816733
214436,0,1,0,0,0,0,0,0,0,0,0,0,0,0,1,0,0,0,0,0,0,19,0,0,816693
187960,0,1,0,0,0,0,0,0,0,1,4,0,0,0,0,0,1,0,0,0,0,22,0,0,816484
191614,0,0,0,0,0,1,0,0,0,0,7,0,0,0,0,0,0,0,0,0,0,0,0,1,815700
220857,0,3,0,0,0,1,0,0,0,1,1,0,0,0,1,0,0,0,0,0,2,21,0,0,815619
190290,0,2,0,0,0,0,0,0,0,0,1,0,0,0,1,0,1,0,1,0,0,0,0,0,815377
205749,0,0,0,0,0,0,0,0,0,0,1,0,0,0,0,0,0,0,0,0,0,0,0,0,814785
200684,0,0,0,1,0,0,0,0,0,7,1,0,0,0,0,0,2,0,1,0,2,0,0,0,814404
199933,0,0,0,0,0,0,1,0,0,0,0,0,1,0,1,0,0,0,0,0,0,0,0,0,814286
209111,0,0,1,0,0,0,0,0,0,0,0,1,0,0,2,1,0,0,0,0,2,8,0,0,814284
206127,0,0,0,0,0,0,0,0,0,0,0,0,0,0,1,0,0,0,0,0,0,0,0,0,813414
208011,0,0,1,0,0,1,0,0,0,0,0,1,0,0,0,0,1,0,1,0,11,23,0,1,813405
206788,0,1,0,1,0,1,0,0,0,0,0,1,0,0,0,0,1,0,1,0,6,0,0,0,813370
210531,0,0,0,0,0,0,0,0,0,0,0,2,0,0,1,0,4,0,2,0,4,3,0,0,812499
189152,0,2,0,0,0,0,1,0,0,0,4,1,0,1,0,0,0,0,0,0,5,0,0,0,812029
192334,0,0,0,0,0,0,0,0,0,0,0,0,0,0,1,0,0,0,0,0,0,0,0,0,810895
218011,0,0,0,0,0,0,0,0,0,1,10,1,0,0,0,0,6,0,1,0,0,25,0,0,810584
186612,0,0,0,0,0,2,1,1,0,0,2,1,0,1,1,0,0,0,0,0,2,0,0,0,810555
187993,0,0,0,0,1,0,0,0,0,0,0,0,1,0,2,1,0,0,0,1,3,0,0,0,810400
218646,0,0,2,3,4,0,0,0,1,0,0,0,0,0,0,0,0,0,0,0,0,4,0,0,810364
186247,0,0,0,0,0,0,0,0,0,0,4,0,0,0,2,2,5,0,6,0,0,0,0,0,809876
213381,0,0,2,0,0,0,0,0,0,0,3,0,0,0,2,3,7,0,1,0,0,29,0,0,809354
200736,0,0,0,0,0,0,1,0,0,2,10,0,0,2,2,0,1,0,3,0,0,0,0,0,809293
197145,0,3,0,1,0,0,0,0,0,0,0,0,0,0,0,0,0,0,0,1,0,0,0,0,809287
208267,0,0,2,0,0,0,0,0,0,0,0,0,0,0,0,0,0,0,0,0,0,13,0,0,809055
196774,0,3,0,0,0,0,0,0,0,0,2,0,0,0,0,0,1,0,1,0,0,0,0,0,808905
196951,0,0,0,0,0,0,0,0,0,0,0,2,0,0,2,2,2,0,4,0,4,0,0,0,808903
201884,0,0,0,0,1,0,0,0,0,0,4,0,0,0,3,0,1,0,0,0,0,0,0,0,808788
203182,0,0,0,0,0,0,0,0,0,0,0,0,0,0,0,0,0,0,0,0,0,0,0,0,808236
184695,0,0,0,0,0,2,1,0,0,0,0,0,1,1,1,1,0,0,0,0,0,0,0,2,808114
214411,0,2,3,0,0,0,0,0,0,0,1,0,0,0,1,1,0,0,0,0,0,27,0,0,807885
200260,0,0,0,0,0,0,0,0,0,0,0,0,0,0,0,0,0,0,0,0,0,0,0,0,807718
192404,0,0,0,0,0,0,1,0,0,0,4,0,0,0,1,4,4,0,6,0,0,0,0,0,807206
199533,0,0,0,0,0,0,0,0,0,1,3,1,0,0,0,0,3,0,1,0,6,0,0,0,806907
190420,0,0,0,0,0,0,0,0,0,0,0,1,0,0,0,0,1,0,0,0,1,0,0,0,806590
210644,0,0,0,0,0,0,0,0,0,0,3,1,1,0,3,4,3,0,3,0,0,6,0,0,806163
217971,0,0,0,0,0,0,0,0,0,0,0,0,0,0,0,0,2,0,1,0,0,6,0,0,805943
216981,0,0,0,0,0,2,0,0,0,0,0,6,0,0,0,0,0,0,0,0,23,0,0,0,805699
198115,0,0,0,0,0,1,0,0,0,0,0,1,0,0,0,0,0,0,0,0,0,0,0,1,805576
220316,0,0,0,0,0,1,0,0,0,0,0,1,0,0,0,0,0,0,0,0,8,6,0,1,805149
218881,0,0,0,0,0,0,0,0,0,0,0,0,0,0,2,2,0,0,0,0,0,2,0,0,805032
219992,0,0,0,0,0,1,0,0,0,0,2,1,0,0,7,3,0,0,0,0,3,8,0,1,804026
198125,0,0,0,0,0,0,0,0,0,0,1,0,0,0,1,1,1,0,0,0,3,0,0,0,803660
207809,0,3,5,0,0,0,4,0,0,1,4,0,0,2,0,0,2,0,2,0,0,19,0,0,803638
208794,0,0,0,0,0,1,1,0,0,0,0,0,0,2,0,0,3,0,3,0,0,3,0,0,803633
217410,0,0,3,0,0,0,0,0,0,0,0,0,0,0,0,0,0,0,0,0,0,9,0,0,803609
218279,0,4,0,1,0,0,0,0,0,0,0,0,0,0,1,0,0,0,0,0,2,25,0,0,803214
213976,0,4,1,0,0,0,0,0,0,0,0,0,0,0,1,0,0,0,0,0,0,41,0,0,803130
220790,0,2,0,0,0,0,0,0,0,4,5,0,0,0,0,0,3,0,1,0,8,8,0,0,803076
187546,0,0,0,0,0,1,0,1,0,0,1,0,0,0,3,2,2,0,2,0,0,0,0,0,802572
191102,0,0,0,0,0,0,0,0,0,0,0,0,0,0,0,0,0,0,0,0,2,0,0,0,802384
216270,0,0,0,2,0,0,0,0,0,0,0,0,0,0,1,3,0,0,0,0,0,11,0,0,802147
184896,0,0,0,0,0,0,0,0,0,0,0,1,0,0,0,0,0,0,0,0,0,0,0,0,801804
220629,0,0,0,0,0,0,0,0,0,0,0,0,0,0,2,0,2,0,2,0,0,15,0,0,801729
194198,0,0,0,0,0,1,1,0,0,0,2,0,0,0,0,0,1,0,1,0,9,0,0,1,801489
189740,0,2,0,1,0,0,0,0,0,0,1,0,0,0,0,0,2,0,0,0,0,0,0,0,800602
213941,0,0,0,0,0,0,0,1,0,0,1,0,0,0,3,0,1,0,1,0,0,24,0,0,800400
190968,0,0,0,0,0,0,4,0,0,0,2,0,0,0,0,0,2,0,2,0,0,0,0,0,800376
214968,0,0,0,0,0,0,0,0,0,0,1,0,0,0,0,0,0,0,0,0,0,16,0,0,800140
209214,0,0,0,0,0,0,0,0,0,0,0,0,0,0,0,0,0,0,0,0,0,0,0,0,799506
203240,0,0,0,0,0,0,0,0,0,0,0,0,0,0,0,0,0,0,0,0,0,3,0,0,798994
200830,0,0,0,0,0,1,0,0,0,0,0,5,0,1,1,0,0,0,0,1,19,0,0,0,798576
190311,0,0,0,0,0,0,0,0,0,0,0,0,0,0,0,0,0,0,0,0,0,0,0,0,798534
196565,0,0,0,0,0,0,0,0,0,0,4,10,0,0,0,0,0,0,0,0,24,3,0,0,797676
193598,0,0,0,0,0,0,0,0,0,0,0,0,0,0,1,0,2,0,2,1,0,0,0,0,797421
200401,0,1,0,0,0,0,0,0,0,1,1,0,0,0,0,0,1,0,1,0,0,5,0,0,797392
209360,0,0,2,0,0,1,1,0,0,0,0,0,0,0,0,0,0,0,0,0,0,8,0,0,796475
207839,0,0,0,0,0,3,0,0,0,0,0,1,0,0,0,0,0,0,0,0,1,3,0,3,796291
205967,0,0,1,0,2,0,0,0,0,0,1,0,0,1,0,0,0,0,0,0,0,0,0,0,796137
200920,0,0,0,0,0,0,0,0,0,0,0,0,1,0,0,0,0,0,0,6,0,0,0,0,795947
195227,0,0,0,0,0,0,0,0,0,0,0,0,0,0,0,0,0,0,0,0,0,0,0,0,795726
200958,0,0,0,0,0,0,0,0,0,0,0,0,0,0,0,0,0,0,0,0,3,0,0,0,794406
215846,0,0,0,0,0,0,0,0,0,0,0,0,0,0,1,0,0,0,0,0,0,10,0,0,794221
216741,0,0,1,0,0,0,0,0,0,0,0,0,0,0,0,0,0,0,0,0,5,1,0,0,794166
202617,0,1,0,0,0,0,0,0,0,0,2,0,0,0,0,0,0,0,0,0,0,0,0,0,794164
207200,0,0,0,0,0,1,0,0,0,0,0,0,2,0,0,0,0,0,0,0,3,0,0,0,793557
216177,0,2,1,0,0,0,0,0,0,0,0,0,0,0,2,0,0,0,0,0,3,9,0,0,793322
201046,0,1,0,0,0,0,0,0,0,0,1,0,0,0,0,0,3,0,0,0,0,0,0,0,792185
208074,0,0,0,0,0,0,0,0,0,0,0,0,0,0,0,0,1,0,0,0,0,7,0,0,792108
217877,0,0,1,0,0,0,0,0,0,0,0,0,0,0,1,2,3,0,3,0,3,9,0,0,792010
187915,0,0,0,0,0,0,0,0,0,0,0,0,0,1,0,0,0,0,0,0,6,0,0,0,791752
214710,0,0,0,0,0,1,0,0,0,0,0,0,0,0,0,0,0,0,0,0,0,4,0,1,791669
187991,0,0,0,0,0,0,0,0,0,0,0,1,0,0,0,0,0,0,0,0,10,0,0,0,791391
207358,0,1,4,0,0,1,2,0,0,0,0,0,2,0,1,0,1,0,1,3,5,12,0,0,791204
191346,0,0,0,0,0,0,0,0,0,2,2,0,0,16,1,0,1,0,0,0,0,0,0,0,791001
208212,0,0,3,0,0,1,0,0,0,0,1,1,0,0,0,0,1,0,1,0,3,11,0,0,790383
199829,0,0,0,0,0,0,0,0,0,0,0,0,0,0,0,0,0,0,0,0,0,0,0,0,790215
210073,0,0,0,0,0,0,0,0,0,0,0,0,0,0,0,0,0,0,0,0,0,10,0,0,790093
223214,0,0,0,0,2,0,0,0,0,0,0,0,1,0,0,0,0,0,0,0,0,10,0,0,790045
203291,0,0,0,0,0,0,0,0,0,0,0,0,0,0,0,0,0,0,0,0,0,13,0,0,789774
199247,0,0,0,0,0,0,0,0,0,0,0,5,0,0,0,0,0,0,0,0,14,0,0,0,789304
194609,0,0,0,0,0,0,0,0,0,0,0,0,0,0,0,0,0,0,0,0,3,0,0,0,788886
214351,0,0,0,0,0,0,0,0,0,0,0,0,0,0,0,0,0,0,0,0,0,0,0,0,788651
222813,0,1,0,0,0,0,0,0,0,1,2,0,0,0,0,0,2,0,2,0,0,12,0,0,788445
190771,0,0,0,0,0,0,0,0,0,0,0,0,12,0,0,0,0,0,0,12,0,0,0,0,788235
217591,0,1,0,0,0,0,0,0,0,0,0,0,0,0,0,0,0,0,0,0,2,8,0,0,788027
214101,0,0,0,0,0,1,0,0,0,0,0,1,1,0,0,0,0,0,0,1,8,0,0,0,787924
212316,0,0,0,0,0,0,0,0,0,0,0,0,0,0,0,0,0,0,0,0,2,4,0,0,787885
218013,0,1,0,0,0,0,1,0,0,1,3,0,0,1,3,0,4,1,4,0,0,14,0,0,787850
219236,0,1,0,0,0,0,1,0,0,0,0,0,1,0,2,1,0,0,0,1,0,7,0,0,787826
200156,0,0,0,0,0,0,0,0,0,0,0,0,0,0,2,2,0,0,0,0,0,0,0,0,787825
184609,0,0,0,0,0,0,0,0,0,1,2,0,0,0,1,1,2,0,1,0,0,3,0,0,787394
209093,0,3,1,0,10,0,0,0,0,0,3,0,0,0,0,0,0,0,0,0,0,36,0,0,787109
212194,0,0,0,0,0,2,0,0,0,0,3,0,0,0,0,0,8,0,1,0,0,24,0,1,786930
184256,0,2,0,1,4,0,1,0,0,0,0,0,0,2,1,0,0,0,0,0,0,0,0,0,786761
191396,0,0,0,0,0,0,0,0,0,0,0,3,0,0,0,0,0,0,0,0,14,0,0,0,786530
183937,0,0,0,0,0,0,0,0,0,0,1,0,1,0,0,0,0,0,0,1,0,0,0,0,786437
211213,0,0,0,0,0,3,1,0,0,0,0,1,0,0,1,0,0,0,0,0,4,9,0,1,786368
203102,0,3,0,0,0,0,0,0,0,2,3,1,0,0,2,1,5,0,1,0,2,0,0,0,786236
185700,0,0,0,0,0,0,0,0,0,0,0,0,0,0,0,0,0,0,0,0,7,0,0,0,785746
189893,0,0,0,0,0,0,0,0,0,0,0,0,1,0,0,0,0,0,0,1,0,0,0,0,785684
207886,0,0,0,0,0,0,0,0,0,0,0,0,0,0,0,0,0,0,0,0,0,7,0,0,785563
213835,0,1,0,0,0,0,0,0,0,0,0,0,0,0,0,0,0,0,0,0,0,19,0,0,785244
215821,0,1,0,0,0,0,0,0,0,1,5,7,0,0,0,0,0,0,0,0,9,11,0,0,785094
202738,0,0,0,0,0,0,0,0,0,0,1,0,0,0,1,1,0,0,0,0,8,0,0,0,784745
216723,0,0,0,0,0,6,0,0,0,0,0,0,0,0,1,0,1,0,0,0,0,1,0,0,784342
214719,0,0,0,0,0,0,1,0,0,0,0,2,0,0,1,3,2,0,1,0,0,14,0,0,784153
216550,0,0,1,0,0,0,0,0,0,0,0,0,1,0,0,0,0,0,0,0,0,8,0,0,783858
222482,0,0,0,0,0,2,0,0,0,0,0,4,0,0,1,0,0,0,0,0,2,0,0,2,783668
190111,0,0,0,0,0,0,0,1,0,0,0,0,0,0,4,5,0,0,0,0,0,0,0,0,783487
222407,0,0,0,0,0,0,0,0,0,1,0,0,0,0,0,0,0,0,0,0,0,7,0,0,783479
215838,0,1,0,0,0,0,0,0,0,0,0,3,0,0,2,1,0,0,0,0,2,7,5,0,783197
221934,0,0,0,0,0,0,1,1,0,0,0,0,0,0,2,1,5,0,4,0,4,11,0,0,783161
208188,0,0,1,0,0,2,0,0,0,0,2,0,0,0,1,0,0,0,0,0,1,28,0,0,783045
211930,0,1,0,0,0,0,0,0,0,2,5,0,0,0,2,0,0,0,0,0,0,13,0,0,783012
197336,0,0,0,0,0,0,0,0,0,0,5,0,0,0,1,0,0,0,0,0,0,5,0,0,782893
198501,0,0,0,0,0,0,0,0,0,0,0,1,0,0,1,1,2,0,0,0,3,0,0,0,782670
198911,0,0,0,0,0,0,0,0,0,0,0,0,0,0,0,0,0,0,0,0,3,0,0,0,782166
205988,0,4,0,0,0,0,0,0,0,0,0,1,0,0,0,0,1,0,0,0,3,0,0,0,782061
218311,0,0,1,0,0,0,0,0,0,0,2,0,0,0,2,3,1,0,1,0,0,0,0,0,781888
188818,0,1,0,0,2,0,0,0,0,0,0,0,0,0,0,0,0,0,0,0,0,0,0,0,781667
185995,0,0,0,0,0,2,0,0,0,0,2,3,0,0,1,0,0,0,0,0,14,0,0,1,781633
198004,0,0,0,0,2,0,0,0,0,0,0,0,1,0,0,0,0,0,0,1,8,0,0,0,781556
202954,0,0,0,0,0,0,0,0,0,0,0,9,0,0,0,0,0,0,0,1,60,0,0,0,781362
204231,0,0,0,0,0,0,0,0,0,0,0,0,0,0,2,2,0,0,0,0,0,0,0,0,781264
222357,0,0,2,0,0,1,0,0,0,0,0,1,0,0,1,0,3,0,3,0,1,9,0,1,781002
215276,0,0,0,0,0,0,0,0,0,0,0,0,0,0,0,0,0,0,0,0,0,7,0,0,780687
210895,0,1,1,0,0,0,0,0,0,0,2,1,0,0,1,1,4,0,3,0,3,6,0,0,780670
213040,0,0,1,0,0,1,0,0,0,0,0,0,0,0,1,7,0,0,0,0,1,7,1,1,779966
217584,0,1,0,0,0,0,0,0,0,0,0,0,0,0,1,1,0,0,0,0,0,10,0,0,779916
205965,0,2,0,0,0,0,0,0,0,0,1,0,0,0,1,1,1,0,0,0,0,0,0,0,779812
218771,0,0,2,0,0,2,0,0,0,0,0,0,0,0,1,0,0,0,0,0,0,0,0,0,779771
187239,0,0,0,0,0,6,0,0,0,0,0,0,0,0,0,0,0,0,0,0,0,0,0,3,779567
203251,0,0,0,0,0,0,0,0,0,0,9,0,0,0,1,2,0,0,0,0,3,0,0,0,779116
217943,0,5,2,0,0,0,0,0,0,1,1,0,0,0,0,0,4,0,1,0,2,24,0,0,778742
214439,0,0,0,3,3,0,0,0,0,2,1,0,0,0,0,0,0,0,0,0,0,6,0,0,778702
189142,0,0,0,0,0,0,0,0,0,0,0,0,0,0,0,0,0,0,0,0,0,0,0,0,778700
201073,0,0,0,0,0,1,0,1,0,0,0,2,0,0,0,0,0,0,0,0,11,0,0,1,778395
212003,0,0,1,0,0,0,0,0,0,0,0,1,0,0,2,0,0,0,0,0,4,10,0,0,778280
205530,0,0,0,0,0,0,0,0,0,1,7,1,0,0,0,0,1,0,2,0,4,0,0,0,778095
194000,0,0,0,0,0,0,0,0,0,0,0,0,0,0,0,0,0,0,0,0,0,0,0,0,778056
203617,0,1,0,0,0,0,0,0,0,0,3,0,0,0,0,0,0,0,0,0,2,0,0,0,777879
213447,0,0,1,0,0,3,0,0,0,0,0,0,0,0,1,0,1,0,0,0,12,9,0,3,777249
186347,0,0,0,0,0,1,0,0,0,1,2,0,0,0,2,1,2,0,2,0,0,0,1,0,776645
211980,0,0,0,0,0,0,0,0,0,0,2,0,0,0,0,0,3,0,0,0,0,6,0,0,776613
194209,0,0,0,0,0,0,0,0,0,0,0,2,0,0,0,0,0,0,0,0,8,0,0,0,776204
189216,0,0,0,0,0,0,0,1,0,0,0,0,0,0,3,2,0,0,0,0,4,0,0,0,776091
215490,0,0,0,2,0,0,0,0,0,0,0,0,0,0,0,0,0,0,0,0,0,14,0,0,775983
187744,0,0,0,0,0,0,0,0,0,0,0,0,0,0,0,0,0,0,0,0,0,0,0,0,775878
197954,0,0,0,0,0,2,0,0,0,0,0,2,0,0,0,0,0,0,0,0,7,0,0,0,775490
201322,0,0,0,0,0,0,0,0,0,14,7,1,0,0,2,0,0,0,0,0,1,0,0,0,775136
186191,0,1,0,0,0,0,0,0,0,0,0,0,0,0,3,0,0,0,0,0,1,0,0,0,775050
187046,0,0,0,0,0,0,0,0,0,1,0,0,0,0,1,2,0,0,0,0,1,0,0,0,774937
212876,0,0,0,0,0,0,1,0,0,0,1,0,0,1,0,0,0,0,0,0,2,15,0,0,774876
200402,0,1,0,0,1,0,0,0,0,0,0,0,0,0,0,0,4,0,1,0,1,0,0,0,774865
220356,0,1,1,0,0,0,0,0,0,0,2,0,0,0,2,5,2,0,0,0,3,15,0,0,774787
213898,0,0,1,0,0,0,0,0,0,0,2,0,1,0,0,0,5,0,0,0,0,13,0,0,774730
186498,0,0,0,0,0,0,0,0,0,0,1,0,0,0,2,1,2,0,0,0,5,0,0,0,774606
219087,0,2,0,0,0,0,0,0,0,0,0,0,0,0,3,1,0,0,0,1,0,3,0,0,774451
217702,0,0,0,0,0,0,0,0,0,0,0,0,0,0,0,0,0,0,0,0,2,8,0,0,774325
191335,0,1,0,0,1,0,0,0,0,1,5,0,0,0,1,1,0,0,0,0,0,0,0,0,773955
189393,0,2,0,0,5,0,1,0,0,1,1,0,0,0,1,1,0,0,0,0,0,3,0,0,773753
197950,0,0,0,0,0,0,0,0,0,0,0,0,0,0,1,0,0,0,0,0,0,0,0,0,772718
209443,0,0,0,1,0,0,1,0,0,0,0,0,0,0,0,0,0,0,0,0,1,6,0,0,772158
208889,0,0,3,0,0,0,0,0,0,1,1,0,1,0,0,0,2,0,2,2,6,11,0,0,772133
216755,0,0,0,0,0,0,1,0,0,0,0,0,0,1,0,0,4,6,1,0,0,3,0,0,772114
203024,0,0,0,0,0,0,0,0,0,0,0,0,0,0,0,0,0,0,0,0,0,0,0,0,771954
209196,0,0,4,0,0,1,0,0,0,0,0,0,0,0,0,0,0,0,0,0,2,22,0,0,771918
198569,0,1,0,0,0,0,0,0,0,0,1,0,0,0,1,1,0,0,0,0,0,0,0,0,771663
199621,0,0,0,0,0,1,0,0,0,0,0,0,0,0,0,0,0,0,0,0,0,0,0,0,771253
208012,0,0,0,0,0,0,0,0,0,0,0,0,0,0,0,0,0,0,0,0,0,0,0,0,770814
208200,0,2,2,0,0,0,0,0,0,0,0,0,0,0,1,1,1,0,0,0,0,25,0,0,770718
200606,0,0,0,0,0,0,0,0,0,1,11,0,0,0,1,0,0,0,0,0,1,0,0,0,770530
210730,0,0,0,0,1,0,0,0,0,0,1,0,0,0,0,0,1,0,1,0,0,7,0,0,770158
189344,0,0,0,0,0,0,0,0,0,0,1,0,0,0,0,0,2,0,3,0,1,0,0,0,770046
220148,0,0,2,0,0,0,0,0,0,0,0,0,0,0,0,0,0,0,0,0,7,13,0,0,769981
209596,0,0,0,0,0,0,0,0,0,0,4,0,0,0,2,0,5,0,4,0,0,10,0,0,769854
216260,0,2,0,0,0,0,0,0,0,0,0,1,0,0,1,1,1,0,1,0,6,17,1,0,769852
207188,0,0,0,0,0,0,0,0,0,0,1,1,0,0,0,0,1,0,1,0,0,11,0,0,769425
207293,0,0,0,0,0,0,0,0,0,0,1,0,0,1,0,0,0,0,0,2,4,0,0,0,768570
187997,0,0,0,0,0,0,0,0,0,0,1,5,0,0,0,0,0,0,0,0,8,0,0,0,768303
216938,0,0,2,0,2,2,0,0,0,0,2,1,0,0,1,1,2,0,1,0,2,0,0,0,768209
196125,0,0,0,0,0,0,0,0,0,0,0,2,0,0,0,0,0,0,0,0,13,0,0,0,768036
202180,0,0,0,0,0,0,0,0,0,5,21,0,0,0,0,0,0,0,0,0,0,0,0,0,767877
221389,0,0,1,0,0,1,0,0,0,0,0,1,0,0,0,0,1,0,0,0,6,4,0,1,767730
201648,0,2,1,0,0,0,0,0,0,0,0,0,0,0,0,0,0,0,0,1,0,9,0,0,767425
209440,0,0,0,0,0,10,0,0,0,0,0,2,1,0,0,0,0,0,0,1,5,0,0,10,767328
220072,0,1,1,0,0,0,0,0,0,0,0,0,0,1,1,0,1,0,0,1,0,5,0,0,767223
193120,0,0,0,0,0,0,0,0,0,0,0,4,0,0,0,0,0,0,0,0,17,0,0,0,767082
191538,0,0,0,0,0,0,1,0,0,2,9,0,0,0,0,0,0,0,0,0,0,2,0,0,767010
213016,0,0,1,0,0,0,0,0,0,0,0,0,0,2,0,0,7,14,8,0,2,6,0,0,766987
211543,0,0,0,0,0,0,0,0,0,1,2,1,0,0,1,1,1,0,0,0,0,15,0,0,766911
192034,0,0,0,0,1,0,0,0,0,0,0,0,0,0,1,0,4,0,0,0,0,0,0,0,766716
219524,0,0,0,0,0,0,0,0,0,0,0,0,0,0,0,0,2,0,0,0,0,8,0,0,766692
205390,0,2,0,0,3,0,0,1,0,0,1,0,0,0,0,0,3,0,0,0,0,7,0,0,766575
210170,0,0,0,0,0,0,2,0,0,0,0,0,0,4,0,0,0,0,0,0,0,7,0,0,766471
212282,0,0,0,0,0,0,0,1,0,0,2,0,0,0,5,0,1,0,0,0,0,6,3,0,766412
199990,0,2,0,0,1,0,0,0,0,1,13,0,0,1,1,0,3,0,2,0,2,0,0,0,766288
217799,0,2,0,0,0,0,1,0,0,0,0,0,0,2,2,3,2,0,2,0,0,10,0,0,766019
214054,0,1,0,0,0,0,0,0,0,0,8,0,0,0,0,0,0,0,0,0,0,19,0,0,765920
215426,0,0,0,0,0,0,0,0,0,0,2,1,0,0,0,0,0,0,0,0,8,4,0,0,765865
219081,0,0,0,0,0,0,0,1,0,0,3,0,0,0,3,2,0,0,0,0,0,8,0,0,765788
183870,0,0,0,0,0,0,0,0,0,0,0,0,3,0,0,0,0,0,0,3,0,0,0,0,765393
190947,0,0,0,0,0,1,1,0,0,1,2,1,1,0,1,0,3,0,0,0,15,0,0,0,765032
186484,0,0,0,0,0,0,0,0,0,0,0,1,0,0,0,0,1,0,2,0,4,0,0,0,764970
201576,0,0,0,0,0,1,0,0,0,0,1,1,0,0,0,0,0,0,0,0,11,2,0,1,764742
217136,0,1,0,0,0,0,0,0,0,0,0,2,0,0,0,0,0,0,0,14,7,2,0,0,764704
186722,0,0,0,0,0,0,0,1,0,0,0,0,0,0,2,1,1,0,0,0,0,0,0,0,764575
214303,0,3,0,0,0,0,0,0,0,1,4,0,0,0,0,0,1,0,0,2,0,9,0,0,764184
211799,0,0,1,0,0,0,0,0,0,0,0,0,1,0,1,0,0,0,0,9,0,3,0,0,764105
191876,0,0,0,0,0,0,0,0,0,0,0,1,0,0,0,0,0,0,0,0,3,0,0,0,763699
221250,0,0,0,0,0,0,0,0,0,1,9,0,0,0,0,0,0,0,0,0,0,6,0,0,763204
210151,0,0,0,0,0,2,2,0,0,1,1,1,0,2,0,0,2,0,1,0,0,20,0,1,763070
203673,0,1,0,0,0,0,0,0,0,0,0,3,0,0,2,3,0,0,0,0,11,0,4,0,762654
219169,0,4,3,0,0,1,0,0,0,0,0,0,0,0,0,0,2,0,0,0,0,37,0,1,762504
189143,0,0,0,0,0,0,0,0,0,0,18,0,0,0,1,0,0,0,0,0,0,0,0,0,762330
187452,0,2,0,0,0,0,0,0,0,0,0,0,0,0,4,1,1,0,1,6,0,0,0,0,762199
197851,0,0,0,0,0,0,0,0,0,0,0,0,0,0,6,3,0,0,0,0,0,0,0,0,762101
197758,0,0,0,0,0,0,0,0,0,0,0,1,0,0,0,0,0,0,0,0,2,0,0,0,761811
208619,0,0,0,0,0,0,0,0,0,3,43,0,0,0,2,2,1,0,1,0,0,10,0,0,761764
213192,0,0,0,0,0,0,0,0,0,0,0,1,0,0,3,2,1,0,1,0,1,9,0,0,761760
220880,0,0,0,0,0,0,0,0,0,0,0,0,0,0,4,4,0,0,0,0,0,13,0,0,761726
204423,0,0,0,0,0,0,2,0,0,0,0,0,0,0,0,0,6,0,2,0,0,3,0,0,761264
197227,0,1,0,0,0,0,0,0,0,1,9,0,0,0,0,0,2,0,3,0,0,0,0,0,761149
204041,0,0,0,0,0,4,0,0,0,0,0,1,0,0,0,0,0,0,0,0,6,2,0,4,761046
198257,0,0,0,0,0,0,0,0,0,7,7,1,0,0,0,0,0,0,0,0,3,0,0,0,760983
206138,0,0,0,0,0,0,0,0,0,0,0,0,0,0,0,0,0,0,0,1,5,0,0,0,760883
186306,0,0,0,0,0,0,0,0,0,1,1,0,0,0,0,0,0,0,0,0,0,0,0,0,760874
200628,0,1,0,0,0,0,0,0,0,0,0,0,0,0,1,0,3,0,0,0,0,0,0,0,760412
201629,0,1,0,0,0,0,0,1,0,0,0,0,0,0,2,0,0,0,0,0,0,6,0,0,760386
219604,0,0,0,0,0,0,0,0,0,0,0,0,0,0,0,0,0,0,0,0,0,16,0,0,760256
212761,0,1,0,0,3,0,0,0,0,0,3,0,0,0,0,0,2,0,2,0,0,22,0,0,759526
213161,0,0,0,0,0,0,0,0,0,0,0,0,0,0,0,0,0,0,0,0,0,5,0,0,759305
193695,0,0,0,0,0,0,0,0,0,0,0,0,0,0,5,0,0,0,0,0,0,3,0,0,759267
211203,0,0,0,0,0,2,0,1,0,0,0,0,0,0,2,1,0,0,0,0,0,9,0,1,759206
198879,0,0,0,0,0,0,0,0,0,0,0,0,0,0,0,0,1,0,0,0,0,0,0,0,758875
187469,0,0,0,0,0,0,0,0,0,0,0,0,0,0,0,0,0,0,0,0,0,0,0,0,758689
187104,0,0,0,0,0,1,0,0,0,0,0,1,0,0,0,0,0,0,0,0,6,0,0,0,758420
198896,0,0,0,0,0,0,0,0,0,0,5,0,0,0,2,0,0,0,0,0,5,0,0,0,758332
212901,0,1,1,1,1,0,0,0,0,0,0,0,0,0,0,0,0,0,0,0,0,16,0,0,757133
198091,0,0,0,0,0,3,0,0,0,0,0,4,1,0,0,0,0,0,0,0,13,0,0,1,757065
207475,0,0,2,0,1,0,0,0,0,0,0,0,0,0,0,0,0,0,0,0,0,8,0,0,756857
204899,0,0,0,0,0,0,2,0,0,0,2,1,0,1,0,0,1,0,0,0,2,0,0,0,756518
207667,0,2,0,0,5,0,0,0,0,0,0,0,0,0,1,1,0,0,0,0,0,0,0,0,756219
222806,0,0,0,0,0,0,0,0,0,0,0,0,0,0,1,1,3,0,1,0,2,40,0,0,756124
199851,0,0,0,0,0,1,0,0,0,0,0,0,0,0,0,0,0,0,0,0,1,0,0,0,755997
211773,0,0,0,0,0,0,0,0,0,0,0,0,0,0,0,0,1,0,1,0,0,23,0,0,755828
197103,0,0,0,0,0,0,0,0,0,0,0,0,0,0,0,0,0,0,0,0,0,0,0,0,755798
196482,0,1,0,0,0,0,0,0,0,0,0,1,0,0,0,0,0,0,0,0,11,0,0,0,755721
200935,0,0,0,0,0,0,0,0,0,0,0,0,0,0,1,2,2,0,1,0,0,0,1,0,755705
188013,0,2,0,0,0,0,0,0,0,0,0,0,0,0,1,0,3,0,2,0,0,2,0,0,755589
190848,0,0,0,0,0,0,0,0,0,0,2,0,0,0,0,0,3,0,3,0,0,0,0,0,755455
220138,0,0,0,0,0,0,0,0,0,1,2,1,0,0,0,0,0,0,0,0,7,2,0,0,755382
189650,0,0,0,0,2,0,0,0,0,0,0,0,0,0,1,0,0,0,0,0,0,0,0,0,755294
187121,0,0,0,0,0,1,0,0,0,0,0,1,0,0,2,2,1,0,0,0,5,0,0,1,755104
216677,0,1,0,0,0,0,0,0,0,0,9,0,0,0,1,0,5,0,5,0,1,30,0,0,754886
210613,0,1,4,0,0,0,0,0,0,0,0,2,0,0,0,0,1,0,0,0,10,1,0,0,754651
210952,0,0,0,0,0,0,0,0,0,0,0,0,0,0,2,0,0,0,0,0,0,4,0,0,754348
220360,0,0,0,0,0,0,0,0,0,0,3,0,0,0,0,0,1,0,0,0,2,15,0,0,754293
208528,0,0,0,0,0,10,0,0,0,0,0,0,1,0,0,0,0,0,0,1,0,0,0,10,753883
214518,0,1,0,0,0,0,0,0,0,0,0,0,0,0,0,0,1,0,4,6,8,10,0,0,753731
208243,0,0,1,0,0,1,0,0,0,0,2,1,0,0,0,0,2,0,4,0,1,4,0,1,753508
208848,0,1,0,0,0,0,0,0,0,0,0,0,0,0,0,0,0,0,0,0,0,21,0,0,753338
220743,0,1,0,0,0,0,0,0,0,1,0,0,0,0,0,0,1,0,0,0,0,8,0,0,753264
205465,0,1,0,0,0,0,0,0,0,0,1,0,0,0,1,2,0,0,0,0,0,6,1,0,753109
205621,0,0,0,0,0,1,0,0,0,0,0,1,0,0,0,0,0,0,0,0,1,0,0,1,752831
211993,0,0,0,0,0,0,0,0,0,0,1,2,0,0,1,0,3,0,2,0,14,1,0,0,752803
210584,0,0,1,0,0,0,0,2,0,0,0,0,0,2,0,0,1,0,1,0,2,2,0,0,752533
214047,0,0,1,0,0,0,0,0,0,0,1,0,0,0,0,0,0,0,0,0,0,6,0,0,752334
186995,0,3,0,0,0,1,0,0,0,0,0,1,0,0,0,0,0,0,0,6,4,0,0,0,751809
185926,0,0,0,0,0,0,0,0,0,2,15,1,0,0,0,0,0,0,0,0,13,0,0,0,751466
202560,0,0,0,0,0,0,0,0,0,0,0,0,0,0,0,0,0,0,0,0,0,0,0,0,751421
211682,0,0,0,0,0,0,0,0,0,0,0,0,0,0,0,0,0,0,0,0,0,3,0,0,751336
222082,0,0,1,0,0,2,0,0,0,0,2,0,0,0,0,0,0,0,0,0,0,7,0,2,751209
201141,0,0,0,0,0,0,0,0,0,0,8,1,0,0,0,0,0,0,0,0,3,3,0,0,751153
186274,0,1,0,0,0,0,0,0,0,0,2,1,0,0,0,0,0,0,0,0,0,0,0,0,750746
187773,0,0,0,0,0,0,0,1,1,0,1,0,0,0,2,1,1,0,0,0,0,0,0,0,750660
214680,0,0,0,0,0,0,0,0,0,0,0,1,2,0,0,0,0,0,0,0,0,10,0,0,750241
198025,0,0,1,0,0,0,0,0,0,0,2,1,0,0,0,0,0,0,0,1,2,4,0,0,749790
212009,0,0,7,0,0,0,0,0,0,0,0,0,0,0,3,0,0,0,0,0,1,17,0,0,749666
198759,0,0,0,0,0,0,0,0,0,0,1,0,0,0,1,0,4,0,4,0,0,0,0,0,749449
185874,0,0,0,0,0,0,0,0,0,0,1,0,0,0,0,0,0,0,0,0,0,0,0,0,749411
204528,0,0,0,0,0,0,0,0,0,0,0,1,2,0,0,0,0,0,0,3,4,0,0,0,749174
186972,0,0,0,0,0,0,0,0,0,4,1,1,0,0,0,0,2,0,1,0,5,0,0,0,749095
201151,0,0,0,0,0,0,0,0,0,0,0,1,1,0,0,0,0,0,0,1,0,0,0,0,748962
199208,0,0,0,0,0,0,0,0,0,0,0,0,0,0,0,0,0,0,0,0,8,0,0,0,748668
206187,0,0,0,0,0,0,0,0,0,0,0,0,0,0,1,0,0,0,0,0,0,0,0,0,748278
211852,0,0,0,0,0,0,0,0,0,0,0,1,0,0,0,0,1,0,1,0,0,14,0,0,748117
187822,0,0,0,0,0,0,0,0,0,0,1,1,0,0,1,0,0,0,0,0,0,0,0,0,747898
208482,0,0,0,0,0,0,0,0,0,0,1,1,0,0,0,0,3,1,1,0,0,10,0,0,747751
211229,0,1,3,0,0,0,0,0,0,0,0,0,0,0,2,1,0,0,0,0,1,19,0,0,747706
193053,0,0,0,0,0,0,0,0,0,0,0,0,0,0,0,0,2,0,2,0,0,0,0,0,747520
210299,0,0,10,0,0,0,0,0,0,0,0,0,0,0,2,1,0,0,0,0,0,21,0,0,747501
201873,0,0,0,0,0,0,0,0,0,0,0,0,0,0,1,1,1,0,0,0,0,0,0,0,747469
201219,0,0,0,0,0,0,0,0,0,0,2,2,0,0,0,0,0,0,0,2,7,2,0,0,747186
209123,0,0,0,0,0,0,0,0,0,0,0,0,0,0,2,2,0,0,0,0,0,8,0,0,747162
207965,0,1,2,0,0,0,0,0,0,0,0,0,0,0,1,0,0,0,0,0,12,27,0,0,747040
189877,0,0,0,0,0,0,0,0,0,4,4,1,0,0,0,0,0,0,0,0,5,0,0,0,746859
214774,0,0,2,0,0,0,6,0,0,0,1,1,0,0,2,0,1,0,1,0,0,6,0,0,746584
210313,0,0,0,0,0,6,0,0,0,0,0,0,0,0,0,0,0,0,0,0,0,1,0,2,746458
209176,0,0,2,0,0,1,0,0,0,0,0,1,0,0,0,0,1,0,0,0,9,7,0,1,746060
212438,0,0,0,0,0,0,0,0,0,0,0,1,0,0,0,0,1,0,0,0,10,2,0,0,746016
188671,0,0,0,0,0,0,0,0,0,3,3,0,0,0,0,0,16,0,1,0,0,0,0,0,745234
203967,0,0,0,0,0,1,0,0,0,0,0,1,0,0,0,0,0,0,0,0,6,0,0,1,745224
208230,0,0,0,0,0,0,0,0,0,1,2,0,0,0,0,0,5,0,1,0,0,11,0,0,745206
199235,0,0,0,0,0,0,0,0,0,0,2,0,0,0,1,0,0,0,0,0,1,0,0,0,744959
219341,0,0,0,0,5,0,0,0,0,0,1,0,0,0,2,0,0,0,0,0,2,8,0,0,744797
208797,0,2,0,0,0,0,0,0,0,0,0,0,0,1,0,0,6,0,5,0,0,35,0,0,744392
223177,0,0,0,0,0,0,0,0,0,0,0,0,0,0,0,0,1,0,2,0,0,10,0,0,743889
203305,0,0,0,0,0,1,0,0,0,0,0,0,0,0,1,0,0,0,0,0,0,0,0,1,743320
211824,0,1,0,0,5,1,1,0,0,0,0,1,0,1,1,1,1,0,0,0,0,18,0,0,742772
212008,0,0,0,0,0,4,0,0,0,0,3,0,0,0,1,0,0,0,0,0,0,13,0,0,742536
214676,0,1,1,0,0,0,0,0,0,0,4,0,0,0,2,2,0,0,0,0,0,23,0,0,742020
184388,0,1,0,0,0,0,0,0,0,0,0,1,0,0,6,5,0,0,0,0,1,0,0,0,741841
202943,0,0,0,0,0,1,3,0,0,0,0,1,0,0,0,0,1,0,0,0,7,3,0,1,741611
186918,0,2,0,0,1,0,0,0,0,0,0,0,0,0,0,0,2,0,1,0,0,0,0,0,741288
208753,0,1,0,0,0,0,0,0,0,0,0,0,0,0,1,1,0,0,0,0,1,10,0,0,741097
206204,0,0,0,0,0,0,1,0,0,0,1,0,0,0,0,0,0,0,0,0,0,0,0,0,740955
201913,0,0,0,0,0,0,1,0,0,0,0,2,0,2,0,0,0,0,0,0,4,8,0,0,740949
211043,0,1,1,0,0,0,0,0,0,0,1,1,0,0,0,0,0,0,0,0,3,22,0,0,740472
211713,0,1,3,0,10,0,0,0,0,0,1,0,0,3,2,1,4,0,1,0,2,23,0,0,739895
220769,0,0,0,0,0,0,0,1,0,0,5,1,1,0,1,0,0,0,0,1,2,12,0,0,739565
202590,0,0,0,0,0,0,0,0,0,0,1,1,0,0,2,2,1,0,0,0,0,0,0,0,739435
204800,0,0,0,0,0,0,0,0,0,0,1,0,0,0,1,0,1,0,1,0,0,0,0,0,739374
193465,0,0,0,0,0,0,0,1,0,0,0,0,1,0,1,1,1,0,1,1,0,0,0,0,738744
207211,0,1,0,0,0,0,0,0,0,2,6,6,0,0,1,1,0,0,0,0,1,1,0,0,738648
190386,0,0,0,0,0,0,0,0,0,11,1,0,0,0,0,0,2,0,1,0,0,0,0,0,738615
192311,0,3,0,0,0,0,0,0,0,0,0,0,0,0,0,0,0,0,0,0,0,0,0,0,738470
213279,0,0,0,0,0,0,0,0,0,1,6,0,0,0,1,0,0,0,0,0,0,14,0,0,738434
185135,0,0,0,0,0,0,0,0,0,1,5,0,0,0,0,0,0,0,0,0,0,0,0,0,737730
193121,0,0,0,0,0,0,0,0,0,0,2,0,1,0,3,2,0,0,0,0,2,0,0,0,737040
197475,0,0,0,0,0,0,0,0,0,0,0,0,0,0,0,0,0,0,0,0,0,0,0,0,736834
186341,0,0,0,0,0,0,0,0,0,0,1,0,0,0,3,1,0,0,0,0,0,0,0,0,736748
222012,0,0,2,0,0,0,1,1,0,1,0,0,0,2,2,3,3,0,0,0,0,18,0,0,736696
209194,0,0,1,0,0,0,0,0,0,0,0,0,0,0,1,0,5,1,8,0,0,32,0,0,736506
214556,0,3,0,0,0,0,0,0,0,0,1,0,0,0,2,0,0,0,0,1,0,17,0,0,736416
196227,0,0,0,0,0,0,0,0,0,0,0,0,0,0,2,1,0,0,0,0,0,0,0,0,736301
201471,0,1,0,0,0,0,0,0,0,0,4,0,0,0,1,1,0,0,0,0,0,0,0,0,736141
211609,0,0,0,0,0,0,0,0,0,0,0,7,0,0,0,0,0,0,0,0,3,0,0,0,736049
186491,0,1,0,0,0,1,0,0,0,0,0,1,0,0,2,1,0,0,0,0,2,0,0,0,735728
207386,0,1,0,0,0,1,2,0,0,1,1,0,0,0,0,0,0,0,0,0,0,0,0,0,734347
217042,0,0,0,0,0,0,0,0,0,0,0,0,0,0,2,1,0,0,0,0,0,9,0,0,734119
191221,0,0,0,0,1,2,0,0,0,0,0,2,0,0,1,1,3,0,1,0,3,0,0,0,734041
194785,0,3,0,6,1,0,0,0,0,0,0,0,0,0,0,0,0,0,0,0,0,0,0,0,734011
185897,0,0,0,0,1,0,0,0,0,0,1,0,0,0,0,0,0,0,0,0,0,0,0,0,734001
210306,0,0,0,0,0,0,1,0,0,0,0,4,0,0,0,0,0,0,0,0,3,15,0,0,733783
206390,0,1,0,0,0,0,0,0,0,0,0,3,0,0,0,0,0,0,0,0,13,0,0,0,733723
207672,0,1,0,0,0,0,0,0,0,0,0,1,0,0,0,0,1,0,0,0,0,5,0,0,733525
213583,0,0,0,0,0,3,0,0,0,0,0,1,0,0,1,1,1,0,1,0,3,8,0,1,733522
197746,0,0,0,0,0,0,0,0,0,0,0,0,0,0,0,0,0,0,0,1,0,0,0,0,733425
200443,0,0,0,0,0,0,0,0,0,0,0,5,0,0,0,0,0,0,0,0,29,0,0,0,733201
212926,0,0,0,0,0,0,0,0,0,0,0,1,0,0,1,2,0,0,0,0,0,15,0,0,733090
209369,0,0,1,0,0,1,1,0,0,0,0,0,0,0,0,0,3,0,3,0,0,12,0,0,733008
218999,0,0,0,0,0,0,0,0,0,0,1,0,0,0,1,1,0,0,0,0,0,12,1,0,732654
213034,0,0,0,0,0,1,0,0,0,0,0,0,0,0,4,1,0,0,0,0,0,7,0,0,732533
221184,0,0,2,0,0,0,1,0,0,0,0,0,0,1,1,1,0,0,0,0,0,18,0,0,732491
213556,0,0,2,0,0,0,0,0,0,0,1,0,0,0,1,0,1,0,0,0,0,28,0,0,732468
205470,0,0,0,0,0,0,0,0,0,0,0,1,1,0,1,0,0,0,0,1,0,0,0,0,732450
192977,0,0,0,0,0,4,0,0,0,0,1,0,0,0,0,0,0,0,0,0,0,0,0,3,732274
206181,0,0,0,0,0,0,0,0,0,0,0,0,0,0,1,0,0,0,0,0,0,0,0,0,732061
195604,0,1,0,0,0,0,0,1,0,0,2,1,0,0,3,0,0,0,0,0,1,0,0,0,732031
221675,0,0,0,0,0,2,0,0,0,0,5,0,0,0,1,2,1,0,0,0,1,29,0,1,731825
215024,0,0,0,0,0,0,1,0,0,0,0,0,0,0,0,0,0,0,0,0,0,0,0,0,731752
211582,0,0,0,0,0,0,0,0,0,0,0,1,0,0,0,0,0,0,0,0,1,11,0,0,731313
185829,0,0,0,0,0,0,0,0,0,2,4,0,0,0,1,1,1,0,0,0,0,0,0,0,730805
202663,0,0,0,0,0,0,0,0,0,0,0,0,0,0,0,0,0,0,0,0,0,0,0,0,730783
216261,0,0,0,0,0,0,0,0,0,0,0,0,0,0,1,0,0,0,0,0,0,14,0,0,730325
208352,0,1,3,0,0,0,0,0,0,0,1,0,0,0,0,0,1,0,1,0,0,17,0,0,730226
203982,0,0,0,0,0,0,0,0,0,3,2,0,0,0,0,0,0,0,0,0,0,0,0,0,730041
206761,0,0,0,0,0,0,1,0,0,0,7,0,0,0,1,0,0,0,0,0,0,4,0,0,729993
213082,0,0,0,0,0,0,0,0,0,0,0,0,0,0,1,0,0,0,0,0,0,37,0,0,729943
217362,0,2,4,0,0,0,0,0,0,0,0,0,0,0,0,0,0,0,0,0,0,13,0,0,729881
219096,0,0,0,0,0,0,0,0,0,0,0,1,0,0,2,3,0,0,0,0,2,17,5,0,729828
196438,0,0,0,0,0,0,0,0,0,0,0,0,0,0,0,0,0,0,0,0,0,0,0,0,729744
187229,0,1,0,0,0,0,0,0,0,0,0,0,0,0,1,2,0,0,0,0,2,0,0,0,729425
211730,0,1,2,0,0,0,0,0,0,0,0,0,0,0,1,1,0,0,0,0,1,41,0,0,729351
193595,0,0,0,0,0,0,0,0,0,0,0,1,0,0,0,0,0,0,0,0,3,0,0,0,729146
191261,0,0,0,0,0,0,0,0,0,0,0,0,0,0,0,0,1,0,0,0,0,0,0,0,728884
210938,0,0,0,0,0,0,0,0,0,0,0,0,0,0,0,0,0,0,0,0,0,7,0,0,728838
211667,0,0,1,0,0,0,0,0,0,0,0,1,0,0,0,0,0,0,0,0,0,19,0,0,728733
198562,0,0,0,0,0,0,0,0,0,0,0,0,0,0,1,0,0,0,0,0,10,0,0,0,728037
201350,0,3,0,0,0,0,0,0,0,0,2,0,0,1,0,0,1,0,0,0,0,0,0,0,728032
218345,0,0,0,0,0,0,0,0,0,0,2,0,0,0,0,0,0,0,0,0,0,23,0,0,727727
217829,0,0,2,0,0,0,0,0,0,0,0,0,0,0,2,2,1,0,0,0,10,14,0,0,727649
214652,0,1,1,0,0,0,0,0,0,0,0,0,0,0,0,0,0,0,0,0,0,12,0,0,727595
189270,0,0,0,0,0,0,0,0,0,0,0,0,0,0,0,0,0,0,0,0,3,0,0,0,727591
187441,0,0,0,0,0,1,0,0,0,0,0,1,0,0,0,0,0,0,0,0,0,0,0,0,726999
210372,0,0,0,0,0,0,0,0,0,0,0,1,0,0,0,0,2,1,2,0,7,10,0,0,726709
195693,0,0,0,0,0,0,0,0,0,0,0,1,1,0,0,0,0,0,0,1,6,0,0,0,726512
221686,0,1,6,0,5,0,0,0,0,0,0,0,0,0,0,0,0,0,0,0,0,8,0,0,726115
195440,0,0,0,0,1,0,0,0,0,0,0,13,0,0,0,0,0,0,0,0,6,8,0,0,725874
192433,0,0,0,0,0,0,1,0,0,0,1,0,0,6,0,0,1,0,1,0,1,0,0,0,725767
183806,0,0,0,0,0,0,0,0,0,0,0,0,0,0,0,0,1,0,1,1,0,0,0,0,725702
190707,0,0,0,0,0,0,0,0,0,0,0,1,0,0,1,1,2,0,1,0,13,0,1,0,725618
186028,0,0,0,0,0,0,0,0,0,0,0,0,1,0,0,0,1,0,1,1,0,0,0,0,725542
209371,0,3,1,0,0,0,0,0,0,0,3,0,0,1,3,0,3,0,2,0,2,38,0,0,725140
185079,0,0,0,0,0,0,0,0,0,2,2,1,0,0,1,1,1,0,0,0,6,0,0,0,725135
194186,0,0,0,0,0,0,0,0,0,0,0,0,0,0,1,1,0,0,0,0,1,0,0,0,725128
201439,0,0,0,0,0,0,1,0,0,0,0,0,0,0,1,2,0,0,0,0,0,0,0,0,725042
190331,0,0,0,0,0,0,0,0,0,0,0,1,0,0,0,0,0,0,0,0,3,0,0,0,724141
205175,0,0,0,0,0,0,0,0,0,0,0,0,0,0,0,0,0,0,0,0,0,0,0,0,724007
193118,0,3,0,0,0,0,0,0,1,1,5,0,0,0,1,0,1,0,3,0,0,0,0,0,723922
195999,0,0,0,0,0,0,0,0,0,0,0,3,0,0,0,0,0,0,0,0,21,0,0,0,723683
186973,0,0,0,0,0,0,0,0,0,0,0,0,0,0,0,0,0,0,0,1,0,0,0,0,723502
212870,0,2,0,0,0,0,0,0,0,0,1,0,0,0,0,0,2,0,4,0,0,6,0,0,723496
212123,0,0,0,0,0,0,0,0,0,0,0,1,2,0,0,0,0,0,0,5,6,0,0,0,723211
205396,0,0,0,0,0,1,0,0,0,0,0,6,0,0,0,0,1,0,1,0,13,0,0,1,723148
219428,0,0,0,0,0,0,0,0,0,0,0,0,0,0,0,0,0,0,0,0,0,25,0,0,723145
203005,0,0,0,0,0,0,0,0,0,0,0,0,0,0,4,3,1,0,1,0,0,0,0,0,722924
196584,0,0,0,0,0,0,1,0,0,1,8,1,0,1,1,0,0,0,0,0,4,1,0,0,722116
216317,0,0,1,0,0,0,1,0,0,0,3,0,0,1,1,0,0,0,0,1,0,11,0,0,721947
214775,0,0,1,2,0,2,0,1,0,0,0,0,0,0,2,2,2,0,0,0,1,15,0,2,721672
190279,0,0,0,0,1,0,0,0,0,1,0,1,0,0,0,0,0,0,0,0,2,0,0,0,721393
212683,0,2,1,0,0,1,0,0,0,5,1,0,0,0,2,1,1,0,1,0,1,16,0,1,721276
219466,0,0,0,0,0,0,0,0,0,1,1,0,0,0,0,0,0,0,0,0,0,16,0,0,721063
198677,0,0,0,0,0,0,0,0,0,0,0,15,0,0,0,0,0,0,0,0,10,0,0,0,721021
205810,0,5,0,6,2,0,0,0,0,0,0,0,0,0,0,0,0,0,0,0,0,3,0,0,720669
210576,0,1,2,0,0,0,0,0,0,0,2,0,0,0,0,0,2,0,0,0,0,11,0,0,720617
207194,0,1,0,0,0,0,0,0,0,1,7,1,0,0,1,0,0,0,0,0,1,0,0,0,720055
216556,0,0,0,0,0,0,0,0,0,0,0,0,0,0,0,0,0,0,0,0,1,6,0,0,719953
184382,0,0,0,0,0,5,0,0,0,0,0,0,0,0,0,0,0,0,0,0,0,0,0,4,719905
207399,0,0,0,0,0,0,0,0,0,0,2,0,0,0,0,0,0,0,0,0,0,3,0,0,719305
198888,0,0,0,0,0,1,0,0,0,0,0,1,0,0,0,0,0,0,0,0,6,4,0,0,718488
221414,0,0,0,0,0,0,0,0,0,0,0,1,0,0,1,1,1,0,0,0,3,7,0,0,718158
222924,0,2,0,0,0,0,0,0,0,0,0,1,0,0,0,0,0,0,0,0,0,10,0,0,717892
215289,0,1,0,0,0,0,0,0,0,0,0,0,0,0,0,0,1,0,0,0,0,4,0,0,717882
198436,0,0,0,0,0,0,2,0,0,0,0,0,1,1,0,0,1,0,0,1,9,0,0,0,717691
197247,0,1,0,5,1,0,0,1,0,0,0,0,3,0,1,0,0,0,0,42,0,0,0,0,717662
206425,0,3,0,0,1,0,0,0,0,0,0,0,0,0,0,0,0,0,0,0,0,0,0,0,717659
215698,0,0,1,0,0,0,1,0,0,1,1,0,0,0,0,0,1,0,0,0,0,16,0,0,717601
212388,0,0,2,2,0,0,0,0,0,0,0,0,0,0,0,0,0,0,0,0,1,19,0,0,717158
197044,0,0,0,0,0,0,0,0,0,0,0,4,0,0,0,0,0,0,0,0,11,0,0,0,717097
205026,0,0,0,0,0,0,0,0,0,1,3,0,0,0,1,0,0,0,0,0,1,0,0,0,716776
209729,0,0,0,0,0,2,0,0,0,0,1,1,0,0,0,0,1,0,2,0,8,8,0,0,716667
195851,0,0,0,0,0,0,0,0,0,0,1,1,0,0,0,0,0,0,0,0,3,0,0,0,716616
183872,0,0,0,0,0,0,0,0,0,1,1,0,0,0,0,0,5,0,0,0,0,0,0,0,716406
200757,0,1,0,0,0,0,0,0,0,0,0,0,0,0,0,0,1,0,1,0,2,0,0,0,716098
217974,0,0,0,0,0,0,0,0,0,2,0,2,0,0,0,0,0,0,0,0,7,8,0,0,715628
201327,0,0,0,0,0,0,0,1,0,0,0,0,0,0,1,0,0,0,0,0,0,0,0,0,715575
195308,0,6,0,0,1,0,0,0,0,0,1,0,0,0,0,0,0,0,0,0,0,0,0,0,715389
191747,0,0,0,0,0,0,0,0,0,0,1,0,0,0,0,0,2,0,1,0,1,0,0,0,715288
199069,0,0,0,0,0,0,0,0,0,0,0,0,0,0,0,0,0,0,0,0,0,0,0,0,715110
211042,0,0,0,0,0,3,0,0,0,0,0,0,0,0,1,0,0,0,0,0,0,22,0,2,714908
199077,0,2,0,0,0,0,1,0,0,0,0,1,0,0,0,0,0,0,0,0,2,0,0,0,714700
196521,0,2,0,0,0,0,0,0,0,0,0,0,1,0,0,0,1,0,0,0,0,0,0,0,714489
193347,0,0,0,0,0,0,0,0,0,0,0,1,0,0,0,0,0,0,0,0,1,0,0,0,714159
219254,0,2,0,0,0,5,0,0,0,0,0,0,0,0,1,0,0,0,0,0,0,17,0,0,714017
203872,0,0,0,0,0,0,0,0,0,1,6,0,0,0,0,0,0,0,0,0,0,0,0,0,713965
205834,0,0,0,0,0,0,0,0,0,0,0,9,0,0,0,0,1,0,2,0,3,0,0,0,713955
220992,0,0,0,0,0,9,0,0,0,0,0,0,0,0,0,0,0,0,0,1,0,0,0,9,713282
215859,0,1,0,0,0,0,0,0,0,1,2,0,0,0,0,0,0,0,0,0,0,13,0,0,713279
214333,0,0,0,0,0,0,0,0,0,0,2,0,0,0,0,0,0,0,0,0,0,10,0,0,713238
216784,0,0,0,0,0,0,0,0,0,0,0,0,0,0,3,4,0,0,0,0,0,2,3,0,713217
219205,0,1,1,0,4,3,0,0,0,0,1,0,0,0,0,0,2,0,0,0,0,27,0,0,713099
212256,0,0,1,0,0,2,1,0,0,1,3,0,0,1,2,0,1,0,1,0,0,3,0,0,713096
211052,0,0,0,0,0,0,0,1,0,0,16,0,0,0,2,1,0,0,0,0,0,0,0,0,712584
215062,0,0,2,0,0,0,0,0,0,0,11,1,0,0,0,0,0,0,0,0,0,9,0,0,712252
193513,0,0,0,0,0,0,0,0,0,0,23,0,0,0,0,0,0,0,0,0,0,0,0,0,712190
203826,0,0,0,0,2,0,0,1,0,3,5,1,0,0,0,0,1,0,0,0,6,0,0,0,712087
198219,0,0,0,0,0,0,1,0,0,0,0,0,0,1,2,0,3,0,2,1,0,0,0,0,712040
200304,0,1,0,0,0,0,1,0,0,0,0,0,0,1,0,0,0,0,0,0,0,0,0,0,711943
191489,0,0,0,0,0,0,0,0,0,0,0,0,0,0,0,0,0,0,0,0,1,0,0,0,711549
214331,0,4,0,0,0,1,0,0,0,0,0,0,0,0,1,1,3,0,0,0,1,19,0,0,711360
193292,0,2,0,0,0,0,2,0,0,0,1,0,0,0,0,0,0,0,0,0,0,0,0,0,710945
195102,0,1,0,0,0,0,0,0,0,3,10,0,0,0,2,2,0,0,0,0,0,0,0,0,710805
218600,0,5,1,0,0,0,0,0,0,0,0,0,0,0,0,0,0,0,0,0,2,19,0,0,710482
207465,0,0,0,0,0,1,0,0,0,0,1,0,0,0,0,0,1,0,1,0,6,0,0,1,710184
200608,0,0,0,0,0,0,0,0,0,0,4,1,0,0,0,0,0,0,0,0,3,0,0,0,710117
190105,0,0,0,0,0,0,0,2,0,0,1,0,0,0,1,0,1,0,2,0,3,0,0,0,709167
201313,0,0,0,0,0,0,0,0,0,0,1,0,0,0,0,0,1,0,1,0,6,0,0,0,708922
217322,0,0,5,0,0,0,0,0,0,0,0,0,0,0,3,0,0,0,0,0,0,19,0,0,708473
212840,0,0,0,0,0,0,1,0,0,0,3,0,1,2,1,0,0,0,0,0,1,3,0,0,708338
191379,0,0,0,0,4,0,0,0,0,0,3,0,0,3,1,1,3,0,3,0,0,0,0,0,708296
212299,0,0,0,0,0,1,0,0,0,0,0,1,0,0,1,0,0,0,0,0,0,7,0,0,708226
215999,0,1,0,0,0,0,0,0,0,0,1,0,0,0,0,0,0,0,0,0,1,9,0,0,708161
207090,0,1,0,4,5,0,0,0,0,0,0,0,0,0,0,0,1,0,0,0,0,0,0,0,708123
202930,0,0,0,0,0,0,0,0,0,1,1,3,0,0,0,0,0,0,0,0,3,0,0,0,707190
205691,0,1,0,0,0,0,0,0,0,0,7,0,0,0,1,0,0,0,0,0,0,0,0,0,707166
220259,0,0,0,0,0,0,0,0,0,0,3,1,0,0,0,0,3,0,0,0,1,3,0,0,707060
211880,0,1,2,0,0,1,4,0,0,0,0,0,0,4,2,0,0,0,0,0,0,17,0,1,706846
185572,0,0,0,0,0,0,0,1,0,0,0,1,1,0,1,0,0,0,0,0,17,0,0,0,706775
206779,0,0,0,0,0,0,0,0,0,0,1,1,0,0,2,1,0,0,0,0,0,0,1,0,706203
219381,0,0,0,0,0,0,0,0,0,1,1,1,0,0,1,1,2,0,1,0,0,10,0,0,706095
219537,0,0,2,2,3,0,0,0,0,0,0,0,0,0,1,1,0,0,0,1,0,20,0,0,705982
185613,0,1,0,0,0,0,0,1,0,0,1,0,1,0,1,0,6,0,1,0,1,0,0,0,705972
213228,0,0,0,0,0,0,0,1,0,0,0,0,0,0,2,2,0,0,0,0,0,17,0,0,705953
187029,0,1,0,0,0,0,1,0,0,0,14,1,0,1,1,0,0,0,0,0,0,6,0,0,705941
215195,0,0,0,0,0,1,0,0,0,1,5,0,1,0,0,0,0,0,0,1,1,20,0,1,705783
204489,0,0,0,0,2,0,0,0,0,0,0,2,0,0,0,0,0,0,0,0,9,0,0,0,705709
202655,0,0,0,0,0,0,0,0,0,0,1,0,1,0,0,0,0,0,0,1,1,0,0,0,705707
188536,0,0,0,0,0,0,0,0,0,0,0,0,0,0,0,0,3,0,3,0,0,0,0,0,704881
205907,0,1,0,0,0,0,2,0,0,0,10,0,0,2,0,0,0,0,0,0,0,0,0,0,704780
206319,0,0,0,0,0,0,0,0,0,2,1,1,0,0,0,0,0,0,0,0,9,0,0,0,704003
215816,0,0,0,0,0,0,0,0,0,0,1,1,0,0,0,0,0,0,0,0,0,0,0,0,703249
216640,0,0,0,0,0,0,0,0,0,0,2,0,0,0,1,0,1,0,0,0,0,30,0,0,702953
220968,0,2,1,0,0,0,0,0,0,0,3,0,0,0,1,1,0,0,0,0,0,13,0,0,702735
184747,0,0,0,0,0,0,0,0,0,1,1,0,0,0,0,0,0,0,0,0,0,0,0,0,702642
208511,0,0,0,0,0,0,0,0,0,2,7,0,0,0,0,0,0,0,0,0,0,0,0,0,702536
202526,0,0,0,0,0,0,0,0,0,0,0,1,0,0,3,7,0,0,0,0,0,0,0,0,702324
201050,0,0,0,0,0,0,0,0,0,0,0,1,0,0,0,0,0,0,0,0,9,0,0,0,702089
188627,0,0,0,0,0,0,0,0,0,0,15,3,0,0,0,0,0,0,0,0,3,0,0,0,701741
217065,0,0,0,0,0,0,0,2,0,0,0,0,0,0,1,0,0,0,0,0,0,22,0,0,701734
219845,0,0,0,0,0,0,0,0,0,0,0,0,0,0,4,5,0,0,0,0,0,6,0,0,701702
221575,0,0,0,0,0,0,0,0,0,4,2,2,0,0,1,1,0,0,0,0,11,9,0,0,701233
218694,0,0,1,0,0,0,0,1,0,0,0,0,0,0,0,0,0,0,0,0,7,10,0,0,701061
193826,0,0,0,0,0,0,0,0,0,3,5,0,0,0,0,0,4,0,3,0,0,0,0,0,701058
206225,0,1,0,0,1,0,0,0,0,0,0,1,0,0,0,0,2,0,1,0,5,0,0,0,701024
219773,0,0,0,0,0,0,0,0,0,0,0,0,0,0,0,0,1,0,0,0,0,6,0,0,700944
184789,0,0,0,0,0,0,0,1,0,1,1,0,0,0,1,0,1,0,1,0,0,0,0,0,700936
187154,0,0,0,0,4,0,0,0,0,0,0,0,0,0,0,0,0,0,0,0,0,7,0,0,700877
218437,0,0,0,0,0,0,0,0,0,0,0,0,0,0,0,0,0,0,0,0,0,24,0,0,700791
213724,0,0,2,0,0,0,0,0,0,0,2,0,0,0,4,0,0,0,0,0,0,17,0,0,700569
213000,0,2,0,3,0,0,0,0,0,1,0,0,0,0,0,0,0,0,0,0,0,25,0,0,700497
202616,0,0,0,0,0,0,0,0,0,0,0,0,0,0,0,0,0,0,0,0,0,0,0,0,699675
196757,0,0,0,0,0,0,0,0,0,0,1,0,1,0,1,3,1,0,1,0,0,0,0,0,699614
216650,0,0,0,0,0,0,0,0,0,0,5,0,0,0,2,0,2,0,0,0,0,29,0,0,699595
185980,0,1,0,1,2,0,0,0,0,0,0,0,0,0,1,1,0,0,0,0,0,0,0,0,699475
205682,0,0,1,0,0,0,0,0,0,0,1,0,0,0,0,0,1,0,0,0,0,4,0,0,699369
208160,0,0,1,0,0,1,0,0,0,0,0,1,0,0,1,0,1,0,1,0,5,8,0,1,699256
186441,0,1,0,0,0,0,0,0,0,0,0,0,0,0,0,0,0,0,0,0,2,0,0,0,698965
208521,0,0,3,0,0,0,0,1,0,0,0,1,0,0,0,0,1,0,1,3,6,4,0,0,698785
222002,0,0,1,0,0,2,0,0,0,0,0,0,0,0,1,1,0,0,0,0,1,1,0,1,698703
219618,0,0,1,0,0,1,0,0,0,0,0,1,0,0,1,2,3,1,15,0,5,5,0,1,698674
204569,0,0,0,0,0,0,0,0,0,0,0,1,0,0,0,0,0,0,0,0,0,0,0,0,698186
204326,0,1,0,0,1,0,0,0,0,0,5,1,0,1,0,0,1,0,0,0,3,3,0,0,697463
217608,0,0,1,0,0,1,0,0,0,0,0,1,0,0,1,1,3,0,1,0,5,0,0,1,697460
189214,0,0,0,0,0,0,0,0,0,0,0,1,0,0,0,0,0,0,0,0,8,0,0,0,697409
201897,0,3,0,0,2,0,0,0,0,0,0,2,0,0,2,0,0,0,0,0,4,0,0,0,697309
195716,0,0,0,0,0,0,1,0,0,2,4,0,0,0,0,0,0,0,0,0,1,3,0,0,697134
195904,0,0,0,0,0,0,0,0,0,0,0,0,0,0,1,0,1,0,1,0,0,0,0,0,696950
187217,0,1,0,0,0,0,0,0,0,0,3,0,0,0,0,0,1,0,0,0,0,0,0,0,696886
216360,0,1,0,0,0,1,1,0,0,0,3,0,0,0,1,1,1,0,1,0,0,4,0,0,696747
197675,0,0,0,0,0,0,0,0,0,2,2,1,0,0,1,1,4,0,2,0,1,0,0,0,696586
190263,0,1,0,0,0,0,0,0,0,0,3,0,0,0,0,0,0,0,0,0,0,0,0,0,696564
189221,0,4,0,0,1,5,1,0,0,0,0,0,0,2,3,2,3,0,5,0,2,0,0,0,696013
210123,0,1,0,0,0,10,1,0,0,0,0,0,1,1,0,0,0,0,0,1,0,17,0,0,695766
203061,0,0,0,0,0,0,0,0,0,0,0,2,0,0,0,0,0,0,0,0,16,0,0,0,695761
194560,0,0,0,0,0,1,0,0,0,0,0,1,0,0,0,0,0,0,0,0,9,0,0,0,695703
207687,0,0,0,0,0,0,0,0,1,0,0,1,0,0,1,0,0,0,0,0,0,0,0,0,695659
184608,0,0,0,0,0,0,0,0,0,0,0,0,0,0,1,0,1,0,1,0,0,0,0,0,695630
221509,0,0,0,0,0,0,0,0,0,0,0,0,0,0,1,0,0,0,0,1,0,7,0,0,695105
190878,0,0,0,0,0,0,0,1,0,0,0,0,0,0,3,0,0,0,0,0,0,2,0,0,695047
211537,0,0,0,0,0,0,0,0,0,0,1,0,0,0,0,0,1,0,2,0,0,4,0,0,694985
187463,0,0,0,0,1,0,0,0,0,0,0,0,0,0,0,0,0,0,0,0,0,0,0,0,694984
196834,0,0,0,0,0,0,0,0,0,0,0,0,0,0,1,0,1,0,1,0,1,0,0,0,693700
185674,0,0,0,0,1,0,0,0,0,0,0,1,0,0,0,0,0,0,0,0,0,0,0,0,693627
202167,0,0,0,0,0,0,0,0,0,0,1,0,0,0,0,0,0,0,0,0,4,0,0,0,693557
221107,0,0,1,0,0,0,0,0,0,0,0,0,0,0,2,2,0,0,0,0,0,16,0,0,692920
186489,0,0,0,0,0,0,1,0,0,1,1,0,0,0,0,0,3,0,2,0,0,0,0,0,692683
191881,0,0,0,0,0,0,0,0,0,2,2,2,0,0,0,0,0,0,0,0,8,0,0,0,692540
197705,0,0,0,0,0,0,0,0,0,0,3,0,0,0,0,0,0,0,0,0,0,0,0,0,692533
190115,0,1,0,0,0,0,0,0,0,0,0,0,0,0,3,1,2,0,0,0,0,0,0,0,692162
214087,0,0,0,0,0,2,1,0,0,0,0,0,0,0,1,0,0,0,0,0,0,9,0,2,692017
192317,0,0,0,0,0,0,0,0,0,3,4,0,0,0,0,0,0,0,0,0,1,0,0,0,691080
212447,0,0,0,0,1,0,0,0,0,0,3,0,0,0,1,0,0,0,0,0,3,14,0,0,690737
209838,0,0,0,0,0,6,0,0,0,0,0,1,0,0,0,0,0,0,0,0,6,9,0,2,690576
212303,0,0,1,0,0,0,0,0,0,5,21,0,0,0,1,1,3,0,5,0,0,6,0,0,690412
207520,0,0,3,0,0,0,0,0,0,0,1,0,0,0,0,0,1,0,1,0,0,12,0,0,690361
187690,0,0,0,0,0,0,0,0,0,0,0,0,0,0,3,0,9,0,4,0,0,0,0,0,690063
210295,0,0,2,0,0,2,0,0,0,0,0,0,0,0,0,0,0,0,0,0,1,4,0,0,689774
202358,0,0,0,0,0,2,0,0,0,0,0,1,0,0,1,0,0,0,0,0,0,0,0,1,689589
214595,0,0,0,0,0,0,0,0,0,10,6,0,0,0,1,4,0,0,0,0,3,0,0,0,689496
201994,0,0,0,0,0,0,0,0,0,1,0,1,0,1,0,0,1,0,0,0,8,0,0,0,689277
210988,0,0,0,0,0,0,1,0,0,1,3,0,0,1,0,0,1,0,1,0,0,8,0,0,689215
219188,0,1,0,0,3,0,0,0,0,0,0,0,1,0,0,0,2,0,0,1,0,11,0,0,688974
219005,0,1,0,0,0,0,0,0,0,0,2,0,0,0,1,2,1,0,1,0,3,13,0,0,688959
217003,0,0,0,0,0,0,0,0,0,0,0,0,0,0,3,3,1,0,1,0,0,2,0,0,688925
216849,0,0,0,0,0,0,0,0,0,1,0,0,0,0,0,0,4,0,1,0,5,9,0,0,688812
221353,0,2,0,0,0,0,0,0,0,0,0,1,0,0,1,11,4,0,3,0,0,13,0,0,688735
193864,0,0,0,0,0,0,0,0,0,0,0,0,0,0,0,0,0,0,0,0,3,0,0,0,688171
204132,0,2,0,0,0,0,0,0,0,0,0,1,0,0,0,0,0,0,0,0,7,0,0,0,688146
217324,0,0,0,0,0,0,0,0,0,0,0,0,0,0,0,0,0,0,0,0,0,0,0,0,688023
216511,0,0,0,0,0,0,0,0,0,1,3,0,0,0,3,0,0,0,0,0,0,11,0,0,687887
220298,0,0,0,0,0,0,0,0,0,0,0,0,0,0,0,0,2,0,0,0,0,3,0,0,687825
203282,0,0,0,0,0,0,0,0,0,1,4,0,0,0,1,1,0,0,0,0,0,0,0,0,687615
208276,0,1,3,0,0,0,1,0,0,1,4,0,0,1,2,2,0,0,0,0,1,16,0,0,687533
210254,0,0,0,0,0,0,0,0,0,0,5,0,0,0,0,0,0,0,0,0,0,5,0,0,687422
214993,0,0,1,0,0,0,0,0,0,0,2,0,0,0,1,0,1,0,2,0,0,20,0,0,687346
207666,0,0,0,0,0,0,0,0,0,0,0,2,0,0,0,0,1,0,1,0,4,0,0,0,687149
208043,0,0,9,2,0,0,0,0,0,1,0,0,0,0,3,3,0,0,0,0,1,4,0,0,686951
202040,0,0,0,0,0,0,0,0,0,0,0,1,0,0,1,0,1,0,1,3,2,5,0,0,686533
187518,0,0,0,0,1,0,0,0,0,1,1,0,0,0,0,0,0,0,0,0,0,0,0,0,686487
218370,0,1,0,0,0,0,0,0,0,1,1,0,0,0,0,0,1,0,0,0,8,14,0,0,686407
212678,0,5,1,0,0,0,0,0,0,0,0,0,0,0,0,0,1,0,0,0,0,38,0,0,686361
222399,0,0,0,0,0,0,0,0,0,0,0,1,1,0,1,0,1,0,1,0,7,2,0,0,686306
202387,0,0,0,0,3,0,0,0,0,0,16,0,0,0,1,0,0,0,0,0,0,0,0,0,686199
218014,0,0,0,0,0,0,0,0,0,0,2,0,0,0,1,1,0,0,0,0,0,5,0,0,685516
215855,0,2,2,0,0,0,0,0,0,0,1,0,0,0,1,1,1,0,0,0,0,11,0,0,685385
208219,0,0,0,0,0,0,0,0,0,0,0,1,1,0,0,0,0,0,0,1,2,2,0,0,685232
194794,0,2,0,0,1,0,2,0,0,0,0,0,0,3,1,1,0,0,0,0,0,0,0,0,685220
203741,0,2,0,0,2,0,0,0,0,0,0,1,0,0,0,0,0,0,0,0,9,0,0,0,685031
207018,0,0,0,0,0,0,0,0,0,0,0,1,0,0,2,0,1,0,0,1,9,0,0,0,684991
207467,0,0,0,0,0,0,0,0,0,0,0,0,0,0,2,1,0,0,0,0,0,0,0,0,684733
208493,0,0,1,0,0,0,0,0,0,0,0,1,0,0,0,0,1,2,3,0,2,3,0,0,684584
216352,0,0,0,0,0,0,0,0,0,0,0,0,0,0,0,0,0,0,0,1,0,0,0,0,683708
213371,0,0,0,0,0,0,0,0,0,0,18,0,0,0,1,0,2,0,1,0,0,2,0,0,683681
213399,0,0,1,0,0,1,0,0,0,0,0,0,0,0,1,0,3,0,2,0,0,7,0,0,683221
212672,0,1,1,0,0,0,0,0,0,0,0,0,1,0,0,0,0,0,0,0,0,6,0,0,683204
215022,0,0,0,0,0,0,0,0,0,0,2,0,0,0,1,0,3,0,0,1,0,6,0,0,683180
220540,0,0,0,0,0,0,0,0,0,0,0,1,0,0,0,0,3,0,0,0,0,15,0,0,683164
198175,0,0,1,0,0,0,0,0,0,0,2,0,0,0,0,0,0,0,0,0,4,7,0,0,682969
218708,0,0,0,0,0,0,0,0,0,0,0,0,0,0,0,0,2,0,1,0,0,5,0,0,682967
205355,0,0,0,1,1,0,0,0,0,0,0,1,0,0,1,1,0,0,0,0,2,0,0,0,682810
211456,0,0,0,0,0,0,0,0,0,0,2,0,0,0,1,1,0,0,0,0,0,15,0,0,682617
211198,0,1,6,0,0,0,0,0,0,0,3,0,0,0,2,0,4,0,3,0,0,12,0,0,682587
200454,0,0,0,0,0,0,0,0,0,9,2,0,0,0,0,0,4,1,7,0,0,0,0,0,682574
205605,0,0,2,0,1,0,0,0,0,0,0,1,0,0,0,0,0,0,0,0,4,3,0,0,682120
185401,0,0,0,0,0,0,0,0,0,0,0,0,0,0,0,0,0,0,0,1,3,0,0,0,682116
202764,0,0,0,0,3,0,0,0,0,1,6,1,0,1,0,0,2,1,1,0,4,0,0,0,681800
217842,0,0,0,0,0,2,0,0,0,0,0,2,0,0,0,0,0,0,0,0,7,1,0,0,681799
206576,0,0,0,0,0,0,0,0,0,0,0,2,0,0,1,0,0,0,0,0,8,0,0,0,681771
209384,0,0,3,0,0,0,0,1,0,0,1,0,0,0,1,6,1,0,0,0,0,4,0,0,681373
184040,0,1,0,0,0,0,0,0,0,0,7,0,0,0,1,0,1,0,0,0,0,0,0,0,681212
193857,0,0,0,0,0,0,0,0,0,0,5,0,0,0,1,0,0,0,0,0,0,3,0,0,681033
193819,0,2,0,0,7,0,0,0,0,0,0,0,0,0,0,0,0,0,0,0,0,0,0,0,680963
191507,0,0,0,0,0,0,0,0,0,0,0,0,0,0,0,0,0,0,0,0,0,0,0,0,680853
211805,0,0,0,0,0,0,0,0,0,0,0,0,0,0,0,0,0,0,0,0,0,3,0,0,680554
191598,0,1,0,0,0,0,0,1,0,1,0,0,0,0,2,3,0,0,0,0,0,0,0,0,680336
208601,0,0,1,0,0,0,0,0,0,0,0,1,0,0,1,1,0,0,0,0,1,3,0,0,679919
218897,0,2,0,0,0,0,0,0,0,0,4,0,0,0,1,0,0,0,0,0,0,18,0,0,679591
187566,0,0,0,0,1,0,0,0,0,0,0,0,0,0,0,0,0,0,0,0,0,0,0,0,679556
208611,0,0,0,0,0,1,0,0,0,0,0,1,0,0,0,0,0,0,0,0,4,1,0,0,679552
211326,0,0,2,0,0,1,1,0,0,0,0,0,0,0,1,0,0,0,0,0,0,16,0,0,679225
197673,0,1,0,0,9,0,0,0,0,0,1,0,0,0,0,0,0,0,0,0,0,0,0,0,679114
191330,0,1,0,0,1,0,0,1,0,1,2,1,4,0,1,0,0,0,0,3,0,0,0,0,679082
208608,0,3,1,0,0,0,0,0,0,0,0,0,0,0,0,0,0,0,0,0,0,23,0,0,678855
201774,0,0,0,0,0,1,0,0,0,0,0,0,0,0,1,0,11,0,1,0,4,0,0,1,678840
205399,0,0,0,0,0,0,0,0,0,0,3,0,0,0,3,2,0,0,0,0,4,0,0,0,678668
214920,0,1,3,0,0,1,0,0,0,0,0,0,1,0,0,0,2,1,1,0,4,5,0,1,678506
216945,0,0,2,0,0,0,1,0,0,0,2,0,0,0,0,0,0,0,0,0,0,10,0,0,677874
206230,0,1,0,1,0,0,0,0,0,0,0,2,0,0,0,0,0,0,0,0,3,0,0,0,677814
201250,0,0,0,0,0,0,0,0,0,0,0,0,0,0,0,0,1,0,0,0,0,0,0,0,677689
188385,0,1,0,0,1,0,0,1,0,1,0,0,0,0,1,0,1,0,1,0,1,0,0,0,677185
196765,0,0,0,0,1,0,0,0,0,0,0,1,0,0,0,0,2,0,3,0,7,0,0,0,677145
187550,0,0,0,0,0,0,0,0,0,0,0,1,0,0,1,1,0,0,0,0,1,0,0,0,677137
188134,0,2,0,0,0,0,0,0,0,0,0,1,0,0,0,0,0,0,0,0,5,4,0,0,676824
214104,0,0,0,0,0,0,0,0,0,0,0,0,0,0,1,10,0,0,0,0,0,3,1,0,676779
209027,0,0,2,0,0,0,0,0,0,0,0,0,0,0,2,1,0,0,0,0,1,8,0,0,676392
202401,0,1,0,0,0,0,0,0,0,0,2,0,0,0,0,0,4,0,2,0,0,0,0,0,676095
218923,0,1,2,0,0,0,0,0,0,0,1,0,0,0,0,0,0,0,0,1,0,18,0,0,675665
215647,0,0,0,0,0,8,1,0,0,0,0,0,0,1,0,0,0,0,0,0,1,5,0,3,675231
210264,0,0,0,0,0,1,0,0,0,0,1,0,0,1,2,0,1,0,1,0,7,11,0,0,674693
219679,0,0,0,0,0,0,0,0,0,0,2,0,0,0,1,1,1,0,0,0,2,9,1,0,674661
197610,0,0,0,0,0,0,0,0,0,0,0,1,0,0,0,0,0,0,0,0,2,0,0,0,674614
186903,0,1,0,0,1,0,0,0,0,0,0,0,0,0,0,0,0,0,0,0,0,0,0,0,673670
221211,0,0,0,0,0,0,0,0,0,0,0,1,0,0,0,0,0,0,0,1,0,8,1,0,673588
192975,0,4,0,0,2,0,0,0,0,0,0,0,0,0,0,0,1,0,0,0,0,0,0,0,673480
216018,0,0,0,0,0,0,0,0,0,0,0,0,0,0,0,0,0,0,0,0,0,3,0,0,673334
193686,0,0,0,0,2,0,0,0,0,0,0,0,0,0,0,0,1,0,2,0,0,0,0,0,672586
193321,0,0,0,0,0,0,0,0,0,0,1,1,0,0,0,0,0,0,0,0,14,0,0,0,672438
210067,0,0,0,0,0,10,0,0,0,0,0,0,1,0,0,0,0,0,0,1,0,0,0,10,672069
209839,0,0,0,0,0,0,0,0,0,0,0,0,0,0,0,0,0,0,0,0,0,11,0,0,671960
198475,0,0,0,0,0,0,0,0,0,0,1,0,0,1,8,1,2,0,1,0,0,0,0,0,671733
191189,0,0,0,0,1,0,0,0,0,0,0,1,0,0,0,0,0,0,0,0,1,0,0,0,671731
203920,0,0,0,0,0,0,0,0,0,0,3,0,0,0,0,0,0,0,0,0,0,0,0,0,671598
223038,0,0,0,0,0,0,0,0,0,0,0,0,0,0,0,0,1,0,0,0,5,6,0,0,671453
189380,0,0,0,0,2,0,0,0,0,0,0,0,0,0,1,1,0,0,0,0,0,0,0,0,671326
191506,0,0,0,0,0,0,0,0,0,1,0,0,0,0,1,0,0,0,0,0,2,0,0,0,671271
222907,0,1,1,0,1,0,0,0,0,0,0,0,0,0,0,0,2,0,1,0,3,4,0,0,671185
209650,0,0,0,0,0,1,0,0,0,0,0,0,0,0,0,0,0,0,0,0,16,15,0,0,670838
200536,0,0,0,0,0,0,0,0,0,1,6,1,0,0,0,0,1,0,0,0,0,0,0,0,670720
221270,0,0,0,0,0,0,0,0,0,0,0,0,0,0,1,0,0,0,0,0,0,12,0,0,670663
185681,0,0,0,0,0,0,0,0,0,0,0,0,0,0,1,0,0,0,0,0,3,0,0,0,670522
215658,0,1,3,0,0,1,0,0,0,0,1,3,0,0,1,0,1,0,1,0,7,17,0,0,670473
211893,0,0,0,0,0,0,0,0,0,0,0,0,0,0,1,0,0,0,0,0,1,10,0,0,670351
216979,0,0,0,0,0,0,0,0,0,0,0,0,0,0,1,1,0,0,0,0,0,1,0,0,669944
220029,0,0,0,0,0,0,0,0,0,0,2,0,0,0,1,1,0,0,0,0,0,4,0,0,669745
196901,0,0,0,0,0,5,0,0,0,0,0,0,0,0,1,0,0,0,0,0,0,0,0,0,669619
212246,0,0,1,0,0,0,0,0,0,0,1,0,0,0,0,1,2,0,0,0,0,17,0,0,669416
211755,0,0,0,0,0,0,0,0,0,0,1,0,0,0,1,1,0,0,0,0,0,4,0,0,669288
191141,0,0,0,0,0,0,0,1,0,0,1,1,0,0,0,0,3,0,4,0,0,0,0,0,668819
208625,0,0,1,0,0,2,0,0,0,0,0,2,0,0,1,2,0,0,0,0,10,13,0,1,668586
211231,0,4,0,0,0,0,0,0,0,0,3,1,0,0,0,0,4,0,0,1,9,10,0,0,668514
186021,0,1,0,0,0,0,0,0,0,0,0,1,0,0,0,0,4,0,0,0,0,0,0,0,668300
207723,0,0,0,0,1,0,0,0,0,0,0,0,0,0,0,0,0,0,0,0,0,5,0,0,668246
208496,0,2,1,0,0,0,0,0,0,0,2,1,0,0,1,0,3,0,1,0,10,22,0,0,668109
222593,0,0,0,0,0,3,0,1,0,0,1,2,0,0,0,0,0,0,0,0,8,1,0,2,668032
186375,0,0,0,0,0,0,0,0,0,0,0,0,0,0,0,0,0,0,0,0,0,0,0,0,667832
198560,0,0,0,0,0,0,0,0,0,0,1,1,0,0,1,0,2,0,1,0,5,4,0,0,667726
223209,0,0,0,0,0,0,0,0,0,0,1,0,0,0,1,0,0,0,0,0,0,9,0,0,667704
198226,0,0,0,0,0,0,0,0,0,0,0,0,0,0,0,0,0,0,0,0,8,0,0,0,666733
208046,0,0,0,0,2,0,0,0,0,0,0,0,0,0,0,0,0,0,0,0,0,10,0,0,666692
204405,0,0,0,0,1,0,0,0,0,0,7,0,0,0,1,0,1,0,1,0,0,0,0,0,666426
213980,0,0,2,0,0,1,0,0,0,0,0,0,0,0,1,0,0,0,0,0,0,16,0,0,666242
211719,0,0,0,0,0,0,0,0,0,1,4,0,0,0,0,0,0,0,0,0,0,14,0,0,666171
200459,0,0,0,0,1,1,1,0,0,0,0,0,0,0,1,0,0,0,0,0,1,0,0,0,666132
216627,0,0,0,0,0,0,0,0,0,0,2,0,0,0,2,0,1,0,0,0,0,10,0,0,665385
216120,0,0,1,0,1,0,0,0,0,0,0,2,0,0,0,0,0,0,0,0,0,5,0,0,665338
221973,0,0,0,0,0,0,0,0,0,0,0,0,0,0,2,10,0,0,0,0,0,0,0,0,665038
201754,0,0,0,0,0,1,0,0,0,0,0,2,0,5,0,0,0,0,0,0,3,0,0,0,664863
213255,0,0,1,0,0,0,0,0,0,2,0,0,0,0,1,0,0,0,0,0,0,3,0,0,664700
200858,0,0,0,0,0,0,0,0,0,0,0,3,1,0,0,0,0,0,0,1,23,0,0,0,664517
204293,0,2,0,0,1,0,0,0,0,0,1,2,0,0,0,0,1,0,0,0,3,0,0,0,664383
220052,0,0,0,0,0,0,0,0,0,0,0,0,0,0,1,1,0,0,0,0,0,3,0,0,664118
205777,0,0,0,0,0,0,2,0,0,0,0,0,0,1,1,1,1,0,0,0,1,5,7,0,664022
204802,0,0,0,0,0,0,1,0,0,0,0,0,0,0,0,0,0,0,0,0,2,0,0,0,663962
221043,0,0,0,0,0,0,0,0,0,0,0,0,1,0,1,0,3,0,3,0,11,7,0,0,663601
197011,0,0,0,0,0,0,0,0,0,0,0,1,0,0,1,0,0,0,0,0,2,0,0,0,663469
193521,0,0,0,0,0,0,0,0,0,0,0,0,0,0,0,0,0,0,0,0,0,0,0,0,663436
187607,0,1,0,0,0,0,0,0,0,1,4,0,0,0,1,0,2,0,1,0,1,0,0,0,663335
210185,0,1,6,0,0,1,0,0,0,0,0,0,0,0,0,0,0,0,0,0,0,14,0,0,663319
198230,0,0,0,0,0,0,0,0,0,0,0,0,0,0,4,2,2,0,2,0,0,0,0,0,663273
195823,0,0,0,0,0,1,1,1,0,0,3,0,0,0,3,3,1,0,0,0,0,0,0,0,663222
189306,0,0,0,0,0,0,0,0,0,0,0,2,0,0,1,0,0,0,0,0,4,0,0,0,663115
220988,0,1,1,0,0,0,0,0,0,0,0,0,0,0,3,6,0,0,0,0,0,35,0,0,662457
202968,0,2,0,0,1,0,0,0,0,0,0,0,0,0,0,0,1,0,1,0,0,0,0,0,662160
197716,0,0,0,0,0,0,0,0,0,0,0,1,0,0,1,0,0,0,0,1,10,0,0,0,661598
210997,0,3,2,0,0,0,0,0,0,0,1,0,0,0,0,0,2,1,1,0,0,11,0,0,661258
195303,0,0,0,0,0,0,0,1,0,0,6,0,0,0,1,0,1,0,1,0,0,0,0,0,660718
201407,0,0,0,0,0,0,0,0,0,0,0,4,0,0,0,0,0,0,0,0,7,0,0,0,660693
193707,0,0,0,0,0,0,0,0,0,0,0,0,0,0,0,0,0,0,0,0,0,0,0,0,660631
190298,0,0,0,0,2,0,1,0,0,0,0,0,0,0,4,1,2,0,1,0,0,0,0,0,660502
214703,0,5,0,0,0,0,0,0,0,0,0,0,0,0,0,0,4,0,5,0,0,18,0,0,660437
222304,0,0,2,0,0,0,0,0,0,0,0,0,0,0,0,0,0,0,0,0,8,2,0,0,660116
211599,0,0,1,3,6,0,0,0,0,0,0,0,0,0,0,0,0,0,0,0,0,20,0,0,660055
193298,0,0,0,0,0,0,0,0,0,0,1,0,0,0,0,0,0,0,0,0,0,0,0,0,659534
207996,0,0,0,0,0,0,0,0,0,0,0,1,0,0,2,2,0,0,0,0,2,1,0,0,659261
199719,0,0,0,0,3,0,0,0,0,0,0,2,0,0,0,0,0,0,0,0,5,0,0,0,659234
209221,0,1,1,0,0,0,0,0,0,0,1,0,0,0,0,0,2,0,1,0,0,15,0,0,659223
198347,0,0,0,0,0,1,2,0,0,1,0,0,0,2,0,0,0,0,0,0,0,0,0,1,659195
218558,0,0,0,0,0,0,0,0,0,0,0,0,0,0,0,0,4,0,1,0,0,0,0,0,658983
188540,0,0,0,0,0,0,0,0,0,0,0,1,0,0,0,0,0,0,0,0,3,0,0,0,658876
214698,0,0,8,1,0,0,0,0,0,0,0,0,0,0,0,0,0,0,0,0,0,3,0,0,658548
204001,0,1,0,0,0,0,0,0,0,0,0,1,0,0,0,0,1,0,1,0,14,0,0,0,658295
197684,0,0,0,0,0,0,0,0,0,0,0,0,0,0,0,0,4,0,1,0,0,0,0,0,657740
188505,0,1,0,0,2,0,0,0,0,0,0,0,0,0,0,0,5,0,3,0,0,0,0,0,657582
188861,0,0,0,2,1,0,0,0,0,0,0,0,0,0,0,0,0,0,0,0,0,0,0,0,656759
211873,0,0,2,0,0,1,0,0,0,0,1,1,0,0,1,0,0,0,0,0,1,1,0,0,656641
192688,0,0,0,0,0,0,0,0,0,1,8,1,0,0,2,0,1,0,2,0,3,0,0,0,656579
184734,0,0,0,0,0,0,0,0,0,0,1,1,0,0,0,0,0,0,0,0,16,0,0,0,656240
186312,0,0,0,0,3,0,0,0,0,0,0,0,0,0,1,1,0,0,0,0,0,0,0,0,656115
207952,0,1,1,0,0,0,0,0,0,0,0,0,0,0,3,1,0,0,0,0,0,27,0,0,655452
204812,0,0,0,0,0,0,0,0,0,0,0,0,1,0,0,0,1,0,0,5,3,0,0,0,655404
186517,0,2,0,0,0,0,0,0,0,0,0,1,0,0,1,0,0,0,0,0,4,0,0,0,655357
209830,0,2,2,0,0,0,0,1,0,0,0,0,0,0,3,2,0,0,0,0,0,12,0,0,655322
204580,0,0,0,0,0,0,0,0,0,0,0,0,0,0,0,0,1,0,1,0,0,0,0,0,655314
186485,0,0,0,0,0,0,0,0,0,0,3,0,0,2,1,1,5,0,0,0,0,0,0,0,654970
219939,0,0,1,0,0,0,0,0,0,0,0,1,0,0,2,2,1,0,2,0,3,8,0,0,654867
218500,0,0,1,0,0,0,0,0,0,0,5,0,0,0,0,0,2,0,1,0,0,23,0,0,654795
219950,0,0,0,0,2,0,0,0,0,0,0,0,0,0,0,0,3,0,5,0,0,20,0,0,654681
191721,0,0,0,0,0,0,0,0,0,1,19,0,0,0,0,0,0,0,0,0,0,2,0,0,654624
204564,0,1,0,0,1,0,0,0,0,0,0,0,0,0,0,0,3,0,1,0,0,0,0,0,654460
199167,0,0,0,0,0,0,0,0,0,1,5,1,0,0,0,0,0,0,0,0,2,0,0,0,654306
210555,0,0,0,0,0,0,0,0,0,0,0,0,0,0,0,0,1,0,0,0,0,2,0,0,654303
205409,0,3,1,0,0,0,0,0,0,0,0,0,0,0,0,0,2,0,0,0,0,5,0,0,654153
206150,0,0,0,0,0,0,0,0,0,0,0,0,0,0,1,0,2,0,2,0,0,0,0,0,654060
191113,0,0,0,0,0,0,0,0,0,0,0,0,1,0,1,0,0,0,0,1,0,0,0,0,653660
185195,0,0,0,0,3,0,0,0,0,0,0,1,0,0,0,0,0,0,0,0,3,0,0,0,653638
213816,0,0,0,0,0,0,2,0,0,0,0,0,0,0,0,0,2,0,1,0,0,11,0,0,653383
219134,0,0,0,0,0,0,0,0,0,0,0,0,0,0,1,0,0,0,0,0,0,5,0,0,653095
201042,0,0,0,0,0,0,0,0,0,0,0,0,0,0,1,1,0,0,0,0,0,2,0,0,653084
212231,0,0,0,0,0,0,1,0,0,0,0,0,0,0,0,0,0,0,0,0,0,8,0,0,652971
198119,0,0,0,0,0,0,0,0,0,0,0,0,0,0,2,1,1,0,1,0,14,0,0,0,652957
219342,0,0,0,0,0,0,0,0,0,0,1,0,0,0,0,0,0,0,0,0,0,5,0,0,652894
216071,0,0,0,0,0,0,0,0,0,0,0,0,0,0,1,0,1,0,0,0,2,7,0,0,652740
211589,0,0,0,0,0,3,0,0,0,0,0,0,0,0,1,1,0,0,0,0,1,16,0,3,652698
214358,0,0,2,0,0,1,0,0,0,0,0,0,0,0,0,0,0,0,0,0,1,9,0,1,652522
211913,0,0,0,0,0,2,0,0,0,0,1,0,0,0,1,1,0,0,0,0,0,7,0,0,652131
213334,0,0,0,0,0,0,0,0,0,0,1,1,0,0,0,0,1,0,0,0,7,14,0,0,652036
215268,0,0,1,0,0,0,0,2,0,0,0,0,0,0,3,1,0,0,0,0,0,12,0,0,652024
206172,0,0,0,0,0,0,0,0,0,0,0,1,0,0,0,0,1,0,0,1,5,0,0,0,651567
184417,0,1,0,0,2,0,0,1,0,0,0,0,0,0,0,0,0,0,0,0,4,0,0,0,651539
199552,0,3,0,0,0,0,0,0,0,1,1,1,0,0,0,0,0,0,0,0,0,0,0,0,651144
219521,0,0,0,0,0,1,0,0,0,0,0,0,0,0,0,0,0,0,0,0,1,0,0,0,650975
200249,0,0,0,0,0,0,0,0,0,0,0,0,0,0,0,0,0,0,0,2,0,3,0,0,650961
206886,0,0,0,0,0,0,0,0,0,0,0,0,0,0,0,0,0,0,0,0,0,0,0,0,650908
188267,0,0,0,0,0,0,0,0,0,0,0,1,0,0,1,1,1,0,1,0,14,0,0,0,649923
191879,0,0,0,0,0,0,0,0,0,0,0,0,0,2,0,0,0,0,0,0,0,0,0,0,649684
190315,0,0,0,0,1,0,0,0,0,0,3,0,0,0,1,1,8,0,2,0,0,0,0,0,649147
191646,0,1,0,0,0,0,0,0,0,0,0,0,0,0,1,0,2,0,2,0,0,0,0,0,648795
218303,0,0,0,0,0,3,0,0,0,0,0,0,0,0,2,1,0,0,0,0,0,18,0,0,648533
210594,0,0,0,0,0,0,0,0,0,0,0,0,0,0,3,0,0,0,0,0,2,17,0,0,648107
214811,0,2,0,0,0,0,0,0,0,0,6,0,0,0,0,0,0,0,0,0,0,18,0,0,647951
207274,0,0,0,0,0,0,0,0,0,0,0,0,0,0,0,0,0,0,0,1,3,0,0,0,647772
205956,0,2,0,0,0,0,0,0,0,0,6,1,0,0,1,1,2,0,2,0,2,0,0,0,647692
223008,0,0,0,0,0,5,0,0,0,0,0,0,0,0,0,0,0,0,0,0,0,2,0,1,647593
219468,0,0,0,0,0,0,0,0,0,0,0,0,0,0,0,0,0,0,0,1,0,0,0,0,647326
213573,0,0,0,0,0,8,0,0,0,0,0,1,0,0,0,0,0,0,0,0,6,1,0,8,647278
199663,0,0,0,0,0,0,0,0,0,0,0,1,0,0,0,0,0,0,0,0,7,0,0,0,647104
213008,0,0,0,0,0,0,0,0,0,0,0,0,0,0,0,0,0,0,0,0,0,0,0,0,645620
192036,0,0,0,0,0,0,0,0,0,0,0,0,0,0,1,6,0,0,0,0,0,0,0,0,645569
201989,0,0,0,0,0,0,0,0,0,0,0,0,0,0,0,0,0,0,0,0,0,0,0,0,645513
189245,0,2,0,0,0,0,0,0,0,0,0,0,0,0,0,0,0,0,0,0,0,0,0,0,645091
188979,0,0,0,0,0,0,0,0,0,0,2,0,0,0,1,4,0,0,0,0,0,0,0,0,645037
210237,0,0,5,0,0,0,0,0,0,0,0,0,0,0,0,0,1,0,0,0,0,8,0,0,644844
185797,0,0,0,0,0,0,0,0,0,0,0,5,0,0,1,0,0,0,0,0,9,0,0,0,644822
197315,0,1,0,0,0,0,0,1,0,0,2,0,0,2,1,0,10,0,11,0,0,0,0,0,644624
214033,0,2,3,4,0,0,0,0,0,0,0,0,0,0,0,0,0,0,0,0,0,19,0,0,644365
214252,0,3,0,0,0,0,1,0,0,0,0,0,0,0,1,0,1,0,0,0,0,13,0,0,643981
189140,0,0,0,0,0,0,0,0,0,0,2,1,0,0,0,0,1,0,2,0,3,0,0,0,643953
208810,0,1,2,0,0,1,0,0,0,0,0,0,0,0,3,3,1,0,0,0,0,15,0,0,643810
214873,0,2,2,0,0,0,0,0,0,0,0,0,0,0,0,0,0,0,0,0,0,13,0,0,643600
223158,0,0,0,0,0,7,0,0,0,0,0,0,1,0,0,0,0,0,0,0,0,3,0,0,643254
196119,0,0,0,0,0,9,0,0,0,0,0,1,0,0,0,0,0,0,0,0,4,0,0,9,643093
219210,0,0,0,0,0,1,0,0,0,0,1,0,0,0,0,0,5,0,0,0,0,11,0,1,642694
214364,0,0,0,0,0,0,0,0,0,0,0,0,0,0,0,0,0,0,0,0,0,10,0,0,642674
193756,0,0,0,0,0,0,0,0,0,0,0,0,0,0,0,0,0,0,0,0,1,0,0,0,642671
204960,0,0,0,0,0,1,0,0,0,0,0,2,0,0,0,0,0,0,0,0,10,0,0,0,642391
222133,0,1,1,0,0,0,0,0,0,0,2,0,0,0,1,0,0,0,0,0,0,12,0,0,642186
200689,0,0,0,0,0,0,0,0,0,0,0,0,0,0,1,1,0,0,0,0,4,0,0,0,642150
198777,0,0,0,0,1,0,0,1,0,0,0,0,0,0,1,0,0,0,0,0,0,0,0,0,642134
186030,0,4,0,0,0,0,0,0,0,0,0,0,0,0,0,0,2,0,3,0,0,0,0,0,642049
207575,0,0,0,0,0,0,0,0,0,0,0,0,0,1,0,0,0,0,0,0,2,0,0,0,641892
184556,0,0,0,0,0,4,0,0,0,0,0,0,0,0,2,2,0,0,0,0,0,0,0,0,641833
201457,0,0,0,0,0,0,0,0,0,0,3,1,0,2,0,0,2,0,2,0,2,0,0,0,641453
198658,0,0,0,2,0,0,0,0,0,0,0,0,0,0,0,0,0,0,0,0,0,0,0,0,641013
186292,0,0,0,0,0,0,0,0,0,0,1,3,0,0,1,1,1,0,1,0,14,0,5,0,640220
206446,0,0,0,0,0,3,0,0,0,0,0,1,0,0,0,0,0,0,0,0,10,0,0,2,640166
209082,0,0,5,0,0,0,0,0,0,0,0,0,0,0,0,0,0,0,0,0,0,8,0,0,640147
206318,0,0,0,0,0,0,0,0,0,0,0,0,0,0,0,0,1,0,0,0,11,0,0,0,639663
222277,0,0,0,0,0,0,0,1,0,0,0,0,0,0,3,2,1,0,1,0,0,12,0,0,639326
218260,0,0,1,0,0,2,0,0,0,0,0,0,0,0,0,0,0,0,0,0,1,0,0,1,639118
213891,0,0,0,0,0,0,0,0,0,0,2,1,0,0,2,0,0,0,0,0,0,20,0,0,638949
215057,0,0,0,0,0,0,0,1,0,0,0,1,0,0,1,1,2,0,1,0,0,5,0,0,638861
218330,0,0,0,0,0,0,0,0,0,0,0,0,0,0,0,0,1,0,0,0,3,6,0,0,638790
204078,0,2,0,0,3,0,0,0,0,0,0,0,0,8,0,0,0,0,0,0,0,0,0,0,638764
207506,0,0,0,0,0,0,0,0,0,0,0,0,0,4,0,0,0,0,0,0,0,0,0,0,638399
188530,0,0,0,0,0,0,0,0,0,0,0,0,0,0,0,0,0,0,0,0,0,0,0,0,638036
210164,0,3,1,0,0,0,0,0,0,0,1,0,0,0,0,0,0,0,0,0,0,24,0,0,637775
192479,0,0,0,0,0,0,1,0,0,0,0,0,0,0,1,1,1,0,2,0,0,0,3,0,637516
197230,0,0,0,0,0,0,0,0,0,0,0,0,0,0,1,0,0,0,0,0,2,0,0,0,637478
188475,0,0,0,0,0,0,0,0,0,0,0,2,0,0,1,0,1,0,1,0,5,0,0,0,637390
211671,0,0,0,0,0,0,0,0,0,0,8,0,0,0,1,0,1,0,1,0,0,1,0,0,636716
218425,0,0,2,0,0,0,0,0,0,0,2,1,0,0,0,0,1,0,0,0,0,7,0,0,636650
203833,0,0,0,0,0,0,0,0,0,0,0,2,0,0,0,0,0,0,0,0,6,0,0,0,636531
214399,0,1,1,0,0,0,1,1,0,0,1,0,0,0,2,2,5,0,1,0,1,20,0,0,636440
215695,0,0,0,0,0,0,0,0,0,0,0,0,0,0,2,0,3,0,5,0,0,10,0,0,636366
209495,0,1,0,0,0,0,0,0,0,0,13,0,0,0,1,1,1,0,1,0,0,13,0,0,635734
205091,0,1,0,0,0,0,0,0,0,0,3,0,0,0,1,1,2,0,1,0,0,0,0,0,635716
219402,0,0,0,0,0,3,0,0,0,2,1,1,0,0,0,0,0,0,0,0,4,15,0,2,635622
204172,0,0,0,0,1,0,0,0,0,0,0,1,0,0,1,0,2,2,1,0,5,0,0,0,635517
203136,0,0,0,0,0,0,0,0,0,1,3,2,0,0,0,0,1,0,0,0,3,0,0,0,635454
207148,0,0,0,0,0,0,0,0,0,0,0,0,0,0,0,0,0,0,0,0,1,0,0,0,635340
191440,0,1,0,0,1,0,0,0,0,0,0,3,0,0,0,0,0,0,0,1,29,0,0,0,635209
202985,0,0,0,0,0,0,0,0,0,0,0,0,0,0,0,0,0,0,0,0,0,0,0,0,635034
191664,0,0,0,0,0,0,0,0,0,0,0,1,0,0,0,0,0,0,0,0,2,0,0,0,634884
199615,0,1,0,0,0,1,1,0,0,1,1,0,0,0,0,0,0,0,0,0,2,0,0,0,634850
218887,0,0,0,0,0,0,0,0,0,0,0,0,0,0,0,0,0,0,0,0,0,6,0,0,634816
207168,0,0,0,0,0,0,0,0,0,0,1,0,0,0,0,0,0,0,0,1,0,0,0,0,634599
204662,0,0,0,0,0,0,0,0,0,0,0,0,2,0,0,0,0,0,0,2,0,2,0,0,634575
202010,0,0,0,0,2,0,1,0,0,0,1,0,0,0,0,0,1,0,1,0,0,0,0,0,634567
209045,0,0,0,0,0,0,0,0,0,0,15,0,0,0,0,0,0,0,0,0,0,15,0,0,634494
212962,0,4,2,0,0,0,0,0,0,0,0,0,0,0,1,0,0,0,0,0,1,28,0,0,634298
220772,0,1,0,0,0,1,0,0,0,0,0,0,0,0,1,0,0,0,0,0,1,13,0,0,634100
210909,0,0,0,0,0,0,0,0,0,0,1,1,0,0,0,0,1,0,1,0,5,6,0,0,633957
189097,0,0,0,0,3,1,0,0,0,0,1,0,0,0,1,1,3,0,3,0,2,0,0,0,633607
215075,0,0,0,0,0,0,0,0,0,0,7,0,0,0,0,0,0,0,0,0,0,11,0,0,633579
189222,0,0,0,0,0,0,0,0,0,0,0,0,0,0,0,0,1,0,0,0,0,4,0,0,633489
194314,0,0,0,0,0,2,0,0,0,0,0,1,0,0,0,0,0,0,0,0,2,0,0,0,633336
201309,0,0,0,0,0,0,0,0,0,0,0,0,0,0,0,0,0,0,0,0,0,0,0,0,633242
199745,0,0,0,0,1,0,0,0,0,1,2,0,0,0,1,1,1,0,2,0,0,0,0,0,632885
220551,0,0,0,0,0,0,0,0,0,0,0,0,0,0,1,3,3,0,3,0,0,14,2,0,632874
221783,0,1,0,0,0,0,0,0,0,0,3,0,0,0,1,0,2,0,1,0,3,8,0,0,632725
201680,0,0,0,0,0,1,0,0,0,0,0,2,0,0,0,0,0,0,0,0,13,0,0,1,632574
208859,0,1,0,0,0,0,0,0,0,0,0,0,0,0,0,0,0,0,0,0,0,22,0,0,632270
192169,0,0,0,0,0,0,0,0,0,0,0,0,0,0,0,0,0,0,0,0,0,0,0,0,631697
185147,0,0,0,0,0,0,0,0,0,0,0,0,0,0,0,0,0,0,0,0,0,0,0,0,631678
198444,0,0,0,0,0,0,0,0,0,0,5,0,0,0,0,0,2,0,1,0,7,0,0,0,631474
203003,0,0,0,0,0,0,0,0,0,0,0,0,0,0,0,0,0,0,0,0,0,0,0,0,631402
212848,0,0,0,0,0,0,0,0,0,0,0,1,1,0,0,0,1,0,0,0,0,14,0,0,631397
187224,0,0,0,0,0,0,0,0,0,1,3,0,0,0,0,0,0,0,0,0,0,0,0,0,631288
191841,0,1,0,0,0,1,0,0,0,1,1,0,0,0,0,0,0,0,0,0,1,0,0,0,631131
210987,0,0,0,0,0,0,0,0,0,0,0,2,0,0,0,0,0,0,0,0,3,0,0,0,631029
199306,0,0,1,0,0,0,0,0,0,0,0,0,0,0,1,0,0,0,0,0,5,5,0,0,630994
216565,0,1,3,0,1,0,0,0,0,0,0,0,0,0,0,0,0,0,0,0,0,30,0,0,630912
196723,0,1,0,0,0,0,0,0,0,0,0,0,0,0,1,1,2,8,3,0,0,0,0,0,630891
185890,0,0,0,0,0,0,0,0,0,0,5,0,0,0,1,0,0,0,0,0,0,0,0,0,630800
213190,0,0,0,0,0,0,0,0,0,0,5,0,0,0,0,0,2,0,2,0,0,7,0,0,630705
190677,0,0,0,0,0,2,0,0,0,0,0,1,0,0,0,0,0,0,0,0,8,0,0,1,630591
191629,0,0,0,0,0,0,0,0,0,0,0,2,0,0,1,0,1,0,1,0,4,0,0,0,630427
214496,0,0,0,0,0,0,0,1,0,0,1,1,0,0,1,1,6,0,0,0,0,42,0,0,629453
207842,0,0,0,0,3,0,0,0,0,0,0,0,0,0,0,0,0,0,0,0,0,12,0,0,628704
200667,0,0,0,0,0,0,0,0,0,0,0,3,0,0,0,0,1,0,0,0,14,0,0,0,628467
203212,0,0,1,0,0,1,0,0,0,0,0,1,0,1,1,1,0,0,0,0,7,0,1,1,628348
221079,0,0,1,0,0,0,0,0,0,0,0,0,1,0,0,0,1,0,2,0,0,2,0,0,628291
199082,0,1,0,0,0,0,0,0,0,0,0,0,0,1,0,0,2,0,0,0,0,0,0,0,628201
196434,0,0,0,0,1,0,0,0,0,0,0,0,0,0,2,2,0,0,0,0,0,0,0,0,627790
220031,0,0,0,0,0,4,0,0,0,0,0,0,0,0,0,0,0,0,0,0,0,4,0,3,627603
219010,0,0,0,0,0,1,0,0,0,1,3,0,0,0,0,0,0,0,0,0,0,16,0,0,627157
200336,0,0,0,0,0,0,0,0,0,1,2,0,0,0,1,0,0,0,0,0,0,0,0,0,627155
214526,0,0,0,0,0,0,0,0,0,1,0,0,0,0,1,0,0,0,0,0,0,5,0,0,627146
208664,0,0,5,0,0,1,0,0,0,0,0,0,0,0,0,0,2,0,1,0,1,2,0,1,626436
201113,0,0,0,0,0,0,0,0,0,0,0,1,0,0,0,0,1,0,0,0,0,0,0,0,626370
197782,0,0,0,0,0,0,0,0,0,0,0,10,0,0,0,0,0,0,0,0,0,0,0,0,626353
222164,0,0,2,0,0,0,0,1,0,0,0,0,0,0,1,2,3,0,1,0,0,5,0,0,626220
188277,0,0,0,0,0,0,0,0,0,0,6,1,0,0,1,0,3,0,0,0,4,0,0,0,625826
192503,0,0,0,0,0,1,0,0,0,0,0,0,0,0,0,0,0,0,0,0,0,0,0,0,625811
197880,0,0,0,0,2,0,0,0,0,1,2,2,0,0,1,0,0,0,0,0,5,0,0,0,625416
204966,0,0,0,0,0,0,0,0,0,0,1,0,0,0,0,0,0,0,0,0,3,0,0,0,625042
195629,0,1,0,0,0,0,0,0,0,1,0,0,0,0,1,0,2,0,0,0,0,0,0,0,624977
209755,0,0,0,0,0,0,0,0,0,0,3,0,0,0,0,0,3,0,4,0,5,8,0,0,624960
197081,0,0,0,0,0,0,0,0,0,0,0,0,0,0,0,0,1,0,0,0,3,0,0,0,624934
198324,0,0,0,0,0,2,0,0,0,0,0,2,0,0,0,0,0,0,0,0,4,0,0,0,624534
215584,0,0,0,0,0,3,0,0,0,0,4,0,0,0,0,0,0,0,0,0,0,8,0,2,624514
191696,0,2,0,0,0,0,0,0,0,0,3,0,0,0,0,0,1,0,0,0,3,0,0,0,624450
191675,0,0,0,0,0,0,0,0,0,0,0,1,0,0,0,0,2,0,0,0,10,0,0,0,624447
198112,0,0,0,0,0,0,0,0,0,0,0,0,0,0,0,0,0,0,0,0,0,0,0,0,624282
197929,0,0,0,0,0,0,0,0,0,0,0,0,0,0,1,0,1,0,0,0,0,0,0,0,623677
219190,0,0,0,0,0,1,2,0,0,0,0,0,0,0,0,0,0,0,0,0,0,11,0,0,623389
211729,0,3,5,0,0,0,0,0,0,0,0,0,0,0,0,0,0,0,0,0,0,22,0,0,623328
218781,0,0,0,0,0,3,2,0,0,0,2,0,0,2,3,2,0,0,0,0,4,8,0,1,623291
222925,0,0,0,0,0,0,0,0,0,3,6,0,0,0,0,0,1,0,1,0,0,9,0,0,623064
212406,0,0,0,0,0,0,0,0,0,0,1,0,0,0,2,3,0,0,0,0,0,16,0,0,622820
208737,0,1,3,0,0,2,0,0,0,0,0,0,1,0,0,0,2,1,3,0,4,9,0,1,622801
187517,0,14,0,0,17,0,0,0,0,0,0,0,0,0,1,0,0,0,0,0,0,0,0,0,622751
212199,0,0,0,0,0,1,0,0,0,0,8,0,0,0,1,1,1,0,1,0,5,6,0,0,622743
193263,0,0,1,0,0,0,0,1,0,0,1,0,0,0,0,0,2,0,1,0,0,9,0,0,622377
210737,0,0,0,0,0,0,0,0,0,0,0,3,0,0,0,0,0,0,0,0,0,9,0,0,622038
187003,0,2,0,0,2,0,0,0,0,0,0,0,0,0,0,0,0,0,0,0,1,0,0,0,621931
199688,0,1,0,0,0,0,2,0,0,0,0,0,0,2,1,1,1,0,0,0,0,0,0,0,621923
211325,0,0,1,0,0,0,0,0,0,1,6,0,0,0,1,0,0,0,0,0,1,12,0,0,621484
210244,0,1,0,0,0,0,0,0,0,0,0,0,0,0,1,1,0,0,0,0,0,23,0,0,621250
221878,0,0,0,0,0,0,0,0,0,0,0,0,0,0,0,0,0,0,0,0,0,11,0,0,621231
222908,0,0,0,0,0,0,0,0,0,0,0,0,0,0,1,1,0,0,0,0,0,3,0,0,620960
213991,0,0,0,0,0,0,0,0,0,1,1,0,0,0,1,0,0,0,0,0,7,3,0,0,620940
207719,0,0,0,0,0,0,0,0,0,0,2,0,0,0,2,0,0,0,0,0,0,0,0,0,620688
186853,0,1,0,0,0,0,0,0,0,1,1,0,0,0,1,0,1,0,1,0,0,0,0,0,620342
188988,0,1,0,0,0,0,0,0,0,0,1,0,0,0,1,7,6,0,4,0,0,0,0,0,620178
213885,0,0,0,0,0,0,0,0,0,0,0,0,0,0,1,1,3,0,3,0,0,3,0,0,619816
217481,0,0,0,0,0,0,0,0,0,0,0,0,0,0,1,2,0,0,0,0,0,0,0,0,619520
222080,0,1,0,0,0,0,0,0,0,0,0,0,0,0,1,0,2,0,0,0,0,7,0,0,619501
208905,0,0,4,0,0,2,0,0,0,0,0,0,0,0,0,0,0,0,0,0,1,6,0,1,619501
201024,0,2,0,0,1,0,0,0,1,0,0,0,0,0,0,0,0,0,0,0,0,0,0,0,619451
208827,0,0,0,0,0,0,0,0,0,0,0,0,0,0,0,0,3,0,5,0,0,3,0,0,619445
207083,0,0,0,0,0,0,0,0,0,0,0,1,0,0,0,0,0,0,0,0,4,0,0,0,619377
211095,0,0,0,0,0,0,0,0,0,0,10,0,0,0,0,0,0,0,0,0,0,8,0,0,619286
196748,0,0,0,0,0,0,0,0,0,1,2,1,0,0,0,0,0,0,0,0,3,0,0,0,619228
201312,0,0,0,0,0,0,0,0,0,0,0,1,0,0,0,0,0,0,0,0,5,0,0,0,619107
202372,0,1,0,0,0,0,0,0,0,0,3,0,0,0,0,0,0,0,0,0,0,0,0,0,618966
207369,0,1,0,0,2,0,0,0,0,0,0,1,0,0,0,0,3,0,0,6,3,0,0,0,618903
199215,0,0,0,0,0,0,1,0,0,0,6,0,0,0,1,0,1,0,1,0,0,0,0,0,618576
221638,0,0,0,0,0,0,0,0,0,0,3,0,0,0,0,0,0,0,0,0,0,23,0,0,618451
214304,0,0,3,0,0,1,0,0,0,0,0,0,0,0,1,0,2,0,2,0,0,5,0,0,618383
205501,0,0,0,0,0,0,0,0,0,0,2,0,0,0,1,2,1,0,1,0,0,0,0,0,618235
192196,0,0,0,0,0,0,0,0,0,0,1,0,0,0,0,0,1,0,0,0,0,0,0,0,618149
185443,0,0,0,0,0,0,0,0,0,0,1,1,0,0,1,2,1,0,0,0,7,0,0,0,617795
218178,0,1,1,0,0,0,0,0,0,0,0,0,0,0,1,0,0,0,0,0,0,12,0,0,617755
184607,0,3,0,0,1,0,0,1,0,0,1,0,0,0,2,0,0,0,0,0,0,0,0,0,617703
210330,0,0,3,0,0,0,1,0,0,0,1,0,0,0,0,0,0,0,0,0,0,10,0,0,617571
196978,0,0,0,0,0,0,0,0,0,0,21,0,0,0,0,0,1,0,2,0,0,0,0,0,617453
212618,0,0,1,0,0,6,0,0,0,0,0,0,0,0,0,0,3,0,0,0,1,5,0,4,617392
186012,0,0,0,0,0,0,0,0,0,0,0,1,0,0,1,0,1,0,0,0,10,0,0,0,617302
201066,0,0,0,0,0,0,0,0,0,0,0,0,0,0,0,0,0,0,0,0,0,0,0,0,617274
199217,0,0,0,0,0,0,0,0,0,0,2,0,0,0,1,0,0,0,0,0,0,0,0,0,617245
200735,0,1,0,0,0,0,1,0,0,0,2,1,0,2,0,0,0,0,0,0,3,0,0,0,617129
207710,0,0,0,0,0,0,0,0,0,0,3,0,0,0,0,0,2,0,1,0,1,0,0,0,616881
193680,0,0,0,0,0,0,0,0,0,0,0,0,0,0,1,0,0,0,0,0,0,6,0,0,616787
205017,0,0,0,0,1,0,0,0,0,0,1,1,0,0,0,0,0,0,0,0,5,3,0,0,616675
220426,0,0,0,0,0,5,0,0,0,0,0,0,0,0,0,0,0,0,0,0,0,8,0,5,616621
202025,0,1,0,0,0,0,0,0,0,0,0,0,0,0,0,0,0,0,0,0,0,0,0,0,616465
217090,0,0,1,0,0,0,0,0,0,0,0,0,0,0,0,0,1,0,0,0,9,9,0,0,616422
212397,0,2,0,0,0,0,0,0,0,0,0,0,1,0,1,0,0,0,0,0,4,22,0,0,616368
189019,0,1,0,0,1,0,1,0,0,0,2,0,0,0,0,0,0,0,0,0,0,0,0,0,615854
214103,0,0,0,0,0,0,0,0,0,0,0,0,0,0,0,0,0,0,0,0,3,3,0,0,615508
196597,0,0,0,0,0,0,0,0,0,0,0,5,0,0,0,0,0,0,0,0,19,0,0,0,615103
216112,0,1,1,0,0,2,0,0,0,0,0,0,0,0,1,0,1,0,1,0,2,11,0,2,615066
216861,0,0,0,0,0,1,1,0,0,2,1,0,0,0,0,0,0,0,0,0,0,1,0,0,614904
208556,0,0,0,0,0,1,0,0,0,3,2,1,0,0,2,1,0,0,0,0,7,1,0,1,614876
185335,0,0,0,0,0,0,0,0,0,0,3,0,0,0,0,0,0,0,0,0,0,0,0,0,614732
209768,0,0,4,0,0,0,0,0,0,0,0,0,0,0,0,0,1,3,4,0,4,11,0,0,614579
186889,0,1,0,0,0,0,3,0,0,0,0,0,0,10,1,0,1,0,3,0,0,2,0,0,614557
214228,0,0,0,0,0,2,0,0,0,0,0,0,0,0,0,0,0,0,0,0,0,3,0,0,614442
199379,0,0,0,0,0,0,0,0,0,0,0,2,0,0,0,0,0,0,0,0,31,0,0,0,614424
188563,0,0,0,0,1,0,0,0,0,0,1,0,0,0,0,0,0,0,0,0,0,0,0,0,614366
210590,0,0,0,0,0,0,0,0,0,0,0,0,0,0,3,0,0,0,0,0,0,11,0,0,614091
215162,0,0,0,0,0,0,0,0,0,0,0,0,0,0,0,0,1,0,0,0,0,0,0,0,613812
186604,0,0,0,0,0,0,0,0,0,2,4,2,0,0,0,0,0,0,0,0,5,0,0,0,613725
218247,0,0,0,0,2,0,0,0,0,1,2,0,0,0,0,0,0,0,0,0,2,4,0,0,613328
197604,0,0,0,0,0,0,0,0,0,0,1,2,0,0,0,0,0,0,0,0,6,0,0,0,613286
192061,0,3,0,0,0,0,0,0,0,0,0,0,0,0,0,0,1,0,2,0,0,0,0,0,613180
213303,0,0,0,0,0,0,0,0,0,2,2,1,0,0,2,0,2,0,3,0,4,6,0,0,612845
212816,0,0,0,0,0,0,0,0,0,0,4,1,0,0,1,2,1,0,1,0,1,14,0,0,612837
216449,0,0,0,0,0,0,0,0,0,0,0,0,0,0,0,0,0,0,0,0,0,32,0,0,612747
220167,0,1,0,0,0,0,0,0,0,0,0,0,0,0,0,0,0,0,0,0,0,17,0,0,612733
214302,0,1,0,0,0,4,0,1,0,0,0,0,0,0,0,0,1,0,0,0,2,8,0,2,612699
211940,0,1,0,0,0,4,0,0,0,0,0,0,0,0,0,0,1,0,0,0,2,21,0,1,612684
192608,0,1,0,0,0,1,0,0,0,0,1,1,0,0,1,0,2,0,2,0,7,0,0,0,612639
194756,0,0,0,0,0,0,1,0,0,0,0,0,0,0,0,0,1,0,0,0,0,0,0,0,612482
185476,0,2,0,0,1,0,0,0,0,1,3,2,0,0,2,0,0,0,0,0,6,0,0,0,612456
212326,0,0,6,0,0,0,0,0,0,0,0,0,0,0,1,1,5,0,0,0,0,9,0,0,612347
201003,0,0,0,0,0,0,0,0,0,0,1,0,0,0,0,0,0,0,0,0,0,0,0,0,612148
187577,0,0,0,0,0,0,0,0,0,0,1,0,0,0,0,0,3,0,4,0,0,0,0,0,612071
200505,0,0,0,0,0,1,0,0,0,0,0,1,0,0,0,0,0,0,0,0,8,0,0,1,611816
215280,0,0,1,0,0,0,0,0,0,0,0,0,0,0,0,0,0,0,0,0,5,6,0,0,611654
185955,0,0,0,0,0,0,0,0,0,0,0,0,0,0,0,0,0,0,0,0,0,0,0,0,611494
216641,0,1,0,0,0,0,0,0,0,0,1,0,0,0,1,1,0,0,0,0,0,6,0,0,611079
197760,0,0,1,0,0,0,0,0,0,0,0,0,0,0,0,0,1,0,1,0,0,5,0,0,611063
210708,0,0,0,0,0,0,0,0,0,0,0,12,0,0,0,0,0,0,0,0,17,0,0,0,610909
211929,0,0,1,0,0,0,0,0,1,0,1,0,0,0,0,0,0,0,0,0,0,13,0,0,610822
221343,0,0,0,0,0,3,0,0,0,0,0,0,0,0,0,0,0,0,0,0,0,1,0,1,610640
213625,0,0,2,0,0,0,0,0,0,0,0,0,0,0,0,0,0,0,0,4,0,0,0,0,610218
186666,0,2,0,0,0,1,1,0,0,0,0,1,0,0,3,2,2,0,1,0,0,0,0,1,610186
214677,0,0,0,0,1,0,0,0,0,0,0,1,1,0,0,0,0,0,0,0,1,6,0,0,610162
221387,0,0,1,0,0,0,0,0,0,0,0,0,0,0,1,0,0,0,0,0,0,3,0,0,610149
219698,0,0,0,0,0,0,0,0,0,0,0,0,0,0,0,0,1,0,0,0,0,6,0,0,610054
218778,0,5,0,0,0,0,0,0,0,0,0,1,0,0,0,0,1,0,0,0,3,18,0,0,610003
216331,0,0,2,0,0,0,0,0,0,0,0,0,0,0,0,0,7,1,3,0,0,7,0,0,609356
210461,0,0,0,0,0,0,0,1,0,0,0,0,0,0,1,0,1,0,0,0,0,9,1,0,609342
200077,0,0,0,0,0,0,0,0,0,0,0,0,0,0,0,0,5,0,1,0,0,0,0,0,609119
218428,0,0,2,0,0,1,0,0,0,0,0,0,0,0,0,0,1,0,0,0,1,5,0,0,609017
208720,0,0,0,0,0,0,0,0,0,0,0,0,0,0,0,0,1,0,0,0,0,10,0,0,608910
204260,0,0,0,0,0,0,0,0,0,1,1,0,0,0,0,0,1,0,0,0,1,0,0,0,608792
222091,0,1,0,0,0,0,0,0,0,0,2,0,0,0,0,0,2,0,2,0,0,26,0,0,608391
194827,0,2,0,0,0,0,0,0,0,0,0,0,0,0,2,2,0,0,0,0,0,0,0,0,608060
188565,0,2,0,0,2,0,0,0,0,0,0,0,0,0,0,0,0,0,0,0,0,0,0,0,608005
188524,0,0,0,0,0,0,0,0,0,0,0,0,0,0,0,0,0,0,0,0,1,0,0,0,607982
216491,0,0,0,0,0,0,0,0,0,0,0,0,0,0,0,0,2,0,2,0,0,12,0,0,607512
212834,0,0,0,0,0,0,0,0,0,0,0,0,0,0,0,0,1,0,1,0,3,9,0,0,607500
207240,0,1,0,11,0,0,0,0,0,0,2,0,0,0,0,0,0,0,0,0,0,0,0,0,607377
188001,0,0,0,0,0,0,0,0,0,0,0,1,0,0,0,0,0,0,0,3,5,0,0,0,606661
220859,0,0,0,0,0,0,0,0,0,0,0,0,0,0,2,2,1,0,1,0,0,25,0,0,606550
213926,0,0,0,0,0,0,0,0,0,0,0,0,0,0,0,0,0,0,0,0,0,23,0,0,605878
199094,0,0,0,0,0,0,0,0,0,0,0,0,0,0,0,0,2,0,1,0,0,0,0,0,605192
186088,0,0,0,0,0,0,0,0,0,0,0,1,0,0,0,0,0,0,0,0,8,0,0,0,605176
213696,0,0,0,0,0,0,0,0,0,0,4,0,0,0,0,0,0,0,0,0,0,6,0,0,604952
199857,0,1,0,0,0,0,0,0,0,0,0,3,0,0,0,0,0,0,0,8,20,0,0,0,604835
220923,0,0,0,0,0,0,0,0,0,0,0,0,0,0,0,0,0,0,0,0,0,22,0,0,604741
202580,0,0,0,0,0,0,1,0,0,2,4,1,0,0,1,1,5,4,9,0,3,0,0,0,604556
185759,0,0,0,0,0,0,0,0,0,0,0,0,0,0,0,0,0,0,0,0,0,0,0,0,604317
219975,0,1,0,0,0,0,0,0,0,0,0,0,0,0,3,4,1,0,1,0,5,14,0,0,604205
189092,0,0,0,0,0,0,0,0,0,0,0,2,0,0,0,0,0,0,0,0,3,0,0,0,604106
216418,0,2,0,0,0,0,0,0,0,0,1,0,0,0,1,1,2,0,0,0,0,11,0,0,604071
217467,0,0,0,0,0,0,0,0,0,0,1,0,0,0,1,0,0,0,0,0,0,14,0,0,603546
207910,0,1,0,0,0,0,0,0,0,0,0,0,0,0,1,0,0,0,0,0,0,5,0,0,603488
218971,0,0,0,0,0,1,0,0,0,0,0,0,0,0,0,0,0,0,0,0,0,5,0,0,603359
209880,0,0,5,0,0,0,0,0,0,0,0,1,0,2,0,0,0,0,0,0,3,17,0,0,603255
221080,0,0,0,0,0,0,0,0,0,0,0,0,1,0,0,0,0,0,0,2,9,4,0,0,602840
217607,0,0,0,0,0,2,1,0,0,0,0,1,0,0,1,0,0,0,0,0,4,3,0,2,602471
204892,0,0,0,0,0,0,0,0,0,0,1,0,0,0,0,0,4,0,0,1,0,0,0,0,602270
200061,0,0,0,0,0,0,0,0,0,0,0,0,0,0,0,0,0,0,0,0,0,0,0,0,602147
186007,0,0,0,0,0,0,0,0,0,0,0,0,0,0,0,0,0,0,0,0,0,0,0,0,601072
195528,0,0,0,0,0,0,0,2,0,2,7,0,0,0,0,0,0,0,0,0,0,0,0,0,600972
198704,0,0,0,0,0,0,0,0,0,0,0,3,0,0,0,0,0,0,0,0,7,0,0,0,600911
204865,0,0,0,0,0,0,0,0,0,0,0,0,0,0,0,0,0,0,0,2,0,0,0,0,600646
193516,0,0,0,0,0,0,1,0,0,0,0,0,0,0,0,0,1,0,1,0,2,0,0,0,600591
211529,0,7,0,5,7,0,0,0,0,0,3,0,0,0,0,0,0,0,0,0,0,37,0,0,600523
210432,0,1,2,0,0,0,0,0,0,0,1,0,0,0,1,0,0,0,0,0,0,6,0,0,600032
219546,0,0,0,0,1,0,0,0,0,0,0,0,0,0,0,0,0,0,0,0,0,8,0,0,599635
220824,0,0,0,0,0,0,2,0,0,0,1,0,0,0,3,4,0,0,0,0,0,4,0,0,599392
203352,0,1,0,0,0,0,0,0,0,2,1,0,0,3,1,0,1,0,0,0,0,0,0,0,599137
186089,0,0,0,1,0,0,0,0,0,1,4,0,0,0,0,0,0,0,0,0,0,0,0,0,599119
215814,0,1,0,0,0,0,0,0,0,1,2,0,0,0,0,0,5,0,4,0,0,23,0,0,598758
199093,0,0,0,0,0,0,0,0,0,0,0,0,0,0,0,0,0,0,0,0,0,0,0,0,598628
214982,0,1,1,0,0,0,2,0,0,0,0,0,0,0,1,1,0,0,0,0,0,12,0,0,598400
221703,0,0,0,0,0,0,0,0,0,0,0,0,0,0,0,0,0,0,0,0,0,7,0,0,598265
209034,0,0,0,0,0,0,0,0,0,0,0,1,1,0,0,0,0,0,0,0,0,2,0,0,598199
205540,0,2,0,0,0,0,0,0,0,0,3,0,1,0,1,0,2,0,1,0,1,0,0,0,598175
203217,0,0,0,0,0,2,0,0,0,0,0,1,0,0,2,1,0,0,0,0,1,0,0,0,598153
221718,0,0,0,0,0,0,0,0,0,0,0,0,0,0,4,4,1,0,0,0,0,16,1,0,597795
213139,0,1,0,0,0,0,0,0,0,0,0,0,0,0,3,3,0,0,0,0,0,7,0,0,597725
213375,0,0,1,0,0,0,2,0,0,0,1,0,0,0,0,0,0,0,0,0,0,11,0,0,597656
192136,0,0,0,0,0,0,0,0,0,2,1,0,0,0,0,0,0,0,0,0,0,0,0,0,597605
196095,0,2,0,0,0,1,0,0,0,0,0,1,0,0,0,0,0,0,0,0,0,0,0,1,597491
199285,0,0,0,0,0,2,1,0,0,0,0,1,0,0,2,0,1,0,1,0,11,0,0,0,597263
202543,0,0,0,0,2,0,0,0,0,0,0,0,0,0,0,0,1,0,1,0,7,0,0,0,597242
205706,0,0,0,0,0,0,0,0,0,0,0,0,0,0,2,1,3,0,1,0,1,0,0,0,597004
209057,0,0,8,0,0,1,0,0,0,0,0,0,0,0,0,0,0,0,0,0,1,3,0,1,596815
205550,0,0,0,0,0,0,0,0,0,0,0,0,0,0,0,0,0,0,0,0,0,0,0,0,596795
197631,0,1,0,0,0,0,0,0,0,2,3,1,0,0,1,0,3,0,1,0,0,0,0,0,596627
200469,0,0,0,0,0,0,0,0,0,0,0,5,0,0,0,0,0,0,0,1,25,0,0,0,596565
211725,0,0,0,0,0,0,1,0,0,0,0,0,0,0,0,0,1,0,1,0,0,18,0,0,596451
220034,0,0,2,0,0,0,0,0,0,0,1,0,0,0,2,2,0,0,0,0,0,7,0,0,596209
207556,0,0,0,0,0,0,0,0,0,0,1,1,0,0,0,0,0,0,0,0,2,9,0,0,595990
211842,0,0,2,0,0,0,0,0,0,0,0,0,0,0,0,0,1,0,0,0,1,1,0,0,595870
193052,0,0,0,0,0,0,0,0,0,0,0,1,0,0,2,2,1,0,1,0,1,0,0,0,595635
217380,0,0,1,0,0,1,0,0,0,0,2,1,0,0,2,1,0,0,0,0,3,5,0,1,595612
191301,0,0,0,0,0,0,0,0,0,0,6,1,0,0,0,0,0,0,0,0,9,0,0,0,595595
192637,0,2,0,0,0,0,0,0,0,0,3,0,0,0,3,1,0,0,0,0,0,0,0,0,595469
203878,0,2,0,0,0,0,0,1,0,0,2,0,0,0,1,0,0,0,0,0,0,0,0,0,595397
186587,0,2,0,0,1,0,0,0,0,0,1,0,0,0,2,4,0,0,0,0,0,0,0,0,594902
190070,0,0,0,0,1,0,0,0,0,0,0,0,0,0,0,0,0,0,0,1,0,0,0,0,594828
185336,0,1,0,0,0,0,0,0,0,0,0,0,0,0,0,0,0,0,0,0,0,0,0,0,594811
218966,0,0,0,0,0,0,0,0,0,0,0,0,0,0,0,0,3,0,0,0,1,5,0,0,594758
189125,0,1,0,0,1,0,0,0,0,0,1,0,0,0,0,0,2,0,1,0,0,0,0,0,594400
205481,0,0,0,0,0,0,0,0,0,0,0,0,0,0,4,1,0,0,0,2,10,0,0,0,594331
202318,0,0,0,0,0,0,0,0,0,0,0,1,1,0,0,0,0,0,0,0,4,0,0,0,594256
196229,0,2,0,0,0,0,0,0,0,0,0,0,0,0,0,0,8,0,0,0,0,0,0,0,594250
223116,0,4,0,0,0,0,0,0,0,0,6,1,0,0,1,1,1,0,0,0,0,19,0,0,594238
190110,0,0,0,0,0,0,0,0,0,0,2,1,0,0,0,0,1,0,0,0,4,0,0,0,594058
211931,0,0,0,0,0,1,0,0,0,0,0,0,0,0,4,1,0,0,0,0,0,1,0,1,593704
214816,0,0,0,0,0,0,0,0,0,0,0,0,0,0,0,0,0,0,0,0,0,0,0,0,593349
210755,0,0,0,0,0,4,0,0,0,0,0,0,0,0,0,0,0,0,0,0,0,7,0,2,593177
191015,0,0,0,0,0,0,0,0,0,0,1,0,0,0,0,0,0,0,0,0,0,0,0,0,592763
201232,0,1,0,0,1,0,0,0,0,0,0,1,0,0,0,0,0,0,0,0,2,0,0,0,592667
186121,0,0,0,0,0,4,0,0,0,0,0,0,0,0,0,0,0,0,0,0,0,0,0,3,592504
222816,0,0,0,0,0,0,0,0,0,0,0,0,0,0,0,0,1,0,0,0,13,7,0,0,592472
205116,0,0,0,0,1,0,0,0,0,0,3,0,0,0,3,2,2,0,1,0,0,0,0,0,592372
200074,0,0,0,0,0,0,0,0,0,1,0,0,0,0,0,0,0,0,0,0,0,0,0,0,591894
196421,0,0,0,0,1,4,0,0,0,0,0,0,0,0,1,0,0,0,0,0,7,0,0,1,591864
203320,0,0,0,0,0,1,0,1,0,0,0,1,0,0,0,0,0,0,0,0,5,0,1,1,591858
220361,0,0,1,0,0,0,0,0,0,0,1,0,0,0,0,0,0,0,0,2,0,5,0,0,591661
218634,0,4,2,0,0,0,0,0,0,0,0,0,0,0,0,0,0,0,0,0,0,17,0,0,591526
214962,0,2,0,0,0,0,0,0,0,45,17,0,0,0,0,0,3,0,0,0,1,25,0,0,591405
213868,0,0,1,0,0,0,0,0,0,0,1,0,0,0,0,0,0,0,0,0,0,14,0,0,591286
200565,0,0,0,0,0,0,0,0,0,0,3,1,0,0,0,0,0,0,0,0,4,5,0,0,591208
207665,0,0,0,0,0,0,0,0,0,0,0,0,0,0,0,0,0,0,0,0,0,0,0,0,591189
203456,0,0,0,0,0,3,0,0,0,0,0,0,0,0,0,0,0,0,0,1,0,0,0,1,590919
213235,0,0,0,0,0,2,0,0,0,0,0,0,0,0,1,0,2,0,0,0,0,15,0,1,590903
209914,0,0,4,0,0,0,0,0,0,0,3,0,0,0,1,1,0,0,0,0,0,20,0,0,590898
193525,0,0,0,0,0,0,0,0,0,1,0,0,0,0,0,0,0,0,0,0,5,0,0,0,590845
207921,0,0,3,0,0,0,0,0,0,0,4,0,0,0,2,1,3,0,4,0,4,19,0,0,590623
203517,0,0,0,0,0,0,0,0,0,0,0,2,0,0,2,0,0,0,0,0,10,0,0,0,590593
219453,0,0,0,0,0,0,0,0,0,0,2,2,0,0,0,0,0,0,0,0,6,2,0,0,590553
212969,0,3,2,0,0,0,0,0,0,0,1,0,0,0,1,1,3,0,0,0,8,21,0,0,590548
216378,0,2,1,0,0,0,0,0,0,0,0,0,0,0,1,0,0,0,0,0,0,17,0,0,590415
184959,0,0,0,0,0,3,0,0,0,0,0,0,0,0,1,0,0,0,0,0,0,0,0,0,590320
210444,0,1,1,0,0,0,0,0,0,0,1,0,0,0,0,0,4,0,7,0,0,13,0,0,590148
221289,0,0,1,0,0,1,0,0,0,0,0,0,0,0,1,2,0,0,0,0,0,0,0,1,590070
216125,0,0,0,0,0,0,0,0,0,0,0,0,0,0,1,1,3,0,1,0,0,16,0,0,590046
210657,0,0,0,0,0,0,0,0,0,0,4,0,0,0,0,0,0,0,0,0,0,21,0,0,589906
220671,0,2,0,0,0,0,0,0,0,0,0,0,0,0,2,4,0,0,0,0,0,8,0,0,589654
188489,0,1,0,0,0,0,1,0,0,1,1,2,0,1,0,0,0,0,0,0,2,3,0,0,589525
213801,0,4,1,1,0,0,0,0,0,0,0,0,0,0,0,0,1,0,0,0,0,28,0,0,589363
216597,0,0,0,0,0,1,0,0,0,0,6,0,0,0,0,0,3,0,5,0,1,10,0,0,588971
216637,0,2,0,0,0,0,0,0,0,0,1,0,0,0,1,0,4,0,1,0,0,24,0,0,588849
209256,0,0,3,0,0,0,0,0,0,0,5,0,0,0,1,0,2,0,1,0,4,13,0,0,588724
218188,0,0,0,0,0,5,0,0,0,0,0,0,0,0,0,0,0,0,0,0,0,0,0,3,588565
215963,0,0,1,0,0,0,0,0,0,0,0,0,0,0,0,0,1,0,1,0,0,8,0,0,588540
219724,0,0,1,0,0,0,0,0,0,0,3,0,0,0,1,1,2,0,1,0,0,22,0,0,588302
218417,0,0,0,0,0,0,0,0,0,0,2,0,0,0,0,0,3,2,3,0,0,13,0,0,588295
210286,0,0,0,0,0,0,0,0,0,0,0,0,0,0,0,0,0,0,0,0,0,1,0,0,588267
202038,0,0,0,0,1,1,0,0,0,0,0,0,0,0,0,0,0,0,0,0,7,0,0,1,588256
193920,0,0,0,0,0,0,1,0,0,0,1,0,0,0,1,1,2,0,2,0,0,0,0,0,587788
199007,0,0,0,0,0,0,0,0,0,0,0,0,0,0,2,0,0,0,0,1,0,0,0,0,587624
184824,0,0,0,0,0,0,0,0,0,2,0,0,0,0,0,0,0,0,0,0,0,0,0,0,587479
214717,0,0,1,0,0,0,0,0,0,0,3,0,0,0,0,0,0,0,0,0,0,16,0,0,587437
209162,0,1,3,0,0,0,0,0,0,0,0,2,0,0,0,0,0,0,0,0,3,3,0,0,587065
211524,0,0,1,0,0,0,0,0,0,0,0,0,0,0,0,0,0,0,0,0,5,3,0,0,586714
211039,0,0,0,0,0,4,0,0,0,0,1,0,0,0,0,0,0,0,0,0,0,3,0,2,586647
210505,0,0,2,0,0,3,0,0,0,0,0,0,0,0,0,0,0,0,0,0,1,2,0,1,586507
202386,0,0,0,0,0,0,0,0,0,0,4,1,0,0,1,0,0,0,0,0,3,0,0,0,586358
211201,0,0,0,0,0,0,0,0,0,0,0,2,0,0,0,0,0,0,0,0,8,30,0,0,586235
198716,0,0,0,1,0,0,0,0,0,0,0,0,0,0,2,0,0,0,0,0,0,0,0,0,586180
206818,0,1,0,0,0,0,1,0,0,0,1,1,0,0,2,1,0,0,0,0,1,0,0,0,586024
195789,0,0,0,0,0,0,0,0,0,0,0,0,0,0,3,3,0,0,0,0,1,0,0,0,586017
221647,0,0,4,0,0,0,1,0,0,0,1,0,0,0,1,1,0,0,0,0,0,13,0,0,585955
222464,0,1,0,0,0,0,0,0,0,0,0,1,0,0,0,0,1,0,1,0,0,6,0,0,585911
221476,0,3,0,0,0,0,0,0,0,0,0,0,0,0,2,1,3,0,2,0,0,19,0,0,585533
188477,0,0,0,0,0,0,0,0,0,0,0,0,0,0,0,0,3,0,3,0,0,4,0,0,585448
194236,0,0,0,0,0,0,0,0,0,0,0,1,0,0,0,0,0,0,0,0,3,0,0,0,585405
207215,0,0,0,0,0,0,0,0,0,0,3,0,0,0,1,0,2,0,1,0,0,0,0,0,585309
220146,0,0,0,0,0,0,1,0,0,0,0,0,0,0,0,0,0,0,0,0,0,8,0,0,585287
205448,0,0,0,0,0,0,0,0,0,0,0,2,0,0,0,0,0,0,0,8,2,0,0,0,585148
220398,0,0,0,0,0,0,0,0,0,1,0,0,0,0,0,0,0,0,0,0,0,0,0,0,584943
198122,0,0,0,0,0,0,0,0,0,0,0,1,0,0,0,0,0,0,0,19,9,0,0,0,584881
185517,0,0,0,0,0,0,0,0,0,1,2,0,0,0,0,0,0,0,0,0,0,0,0,0,584555
206811,0,0,0,0,0,0,0,0,0,0,0,0,0,0,1,6,1,0,2,1,0,0,0,0,584408
219737,0,0,0,0,0,0,0,0,0,0,0,0,0,0,1,1,0,0,0,0,0,18,0,0,584356
199276,0,0,0,0,0,1,0,0,0,0,0,1,0,0,0,0,0,0,0,0,12,0,0,0,584109
187516,0,0,0,0,0,0,0,0,0,0,0,0,0,0,0,0,0,0,0,0,1,0,0,0,584086
195277,0,0,0,0,0,0,0,0,0,0,0,1,0,0,0,0,0,0,0,3,15,0,0,0,583952
215992,0,0,0,0,0,2,0,1,0,0,4,0,0,0,1,5,1,0,1,0,0,17,0,1,583864
215239,0,0,0,0,0,0,0,0,0,0,0,0,0,0,0,0,2,0,0,0,1,5,0,0,583819
206849,0,0,0,0,1,0,0,0,0,0,1,0,0,0,0,0,1,0,2,0,0,0,0,0,583793
188822,0,0,0,0,0,0,0,0,0,1,1,1,0,0,1,1,0,0,0,0,6,0,0,0,583662
194944,0,2,0,0,0,0,0,1,0,0,4,0,0,0,1,0,4,0,4,0,0,0,0,0,583591
198729,0,0,0,0,0,0,0,0,0,0,2,0,0,1,0,0,0,0,0,0,0,5,0,0,583380
190231,0,0,0,0,0,2,0,0,0,0,0,0,0,0,1,0,0,0,0,0,1,0,0,0,583329
220058,0,0,1,0,0,0,0,0,0,0,1,0,0,0,1,1,0,0,0,0,0,1,0,0,583156
219860,0,1,0,0,0,0,0,0,0,0,2,0,0,0,1,1,4,0,3,0,0,24,0,0,583000
220636,0,0,0,0,0,1,0,0,0,0,0,0,0,0,2,3,0,0,0,0,0,6,0,1,582992
186568,0,1,0,0,2,0,0,0,0,0,0,0,0,0,0,0,0,0,0,0,0,0,0,0,582957
199427,0,0,0,0,0,0,0,0,0,0,0,0,0,0,0,0,0,0,0,0,10,0,0,0,582911
214062,0,0,0,0,0,0,0,0,0,0,0,0,0,0,0,0,1,0,0,1,0,25,0,0,582150
222565,0,0,0,0,0,0,0,0,0,0,5,0,0,0,0,0,1,0,0,0,0,7,0,0,582119
191890,0,1,0,1,0,0,1,0,0,0,0,0,0,0,1,0,1,0,0,0,0,0,0,0,581862
222498,0,2,4,0,0,0,0,0,0,0,0,0,0,0,2,2,0,0,0,0,3,9,0,0,581835
213817,0,1,0,0,0,6,0,0,0,0,0,0,0,0,1,1,0,0,0,0,0,10,0,2,581672
189560,0,2,0,0,0,0,1,0,0,0,0,1,0,0,0,0,0,0,0,0,1,7,0,0,581595
207276,0,3,0,0,0,0,1,0,0,0,0,0,0,0,0,0,0,0,0,0,0,0,0,0,581523
219947,0,2,3,0,0,0,0,0,0,0,0,0,0,0,1,0,0,0,0,0,1,11,0,0,581415
200305,0,0,0,0,2,2,1,1,0,2,0,0,2,1,1,0,3,0,0,0,1,0,0,0,581032
204468,0,0,0,0,0,0,0,0,0,7,4,1,0,0,2,1,1,0,0,0,3,0,0,0,580735
212457,0,0,0,0,0,0,0,0,0,0,1,0,0,0,0,0,3,0,8,0,0,4,0,0,580639
210967,0,0,1,0,0,0,0,0,0,0,0,0,0,0,2,2,0,0,0,0,0,1,0,0,580218
183887,0,0,0,0,0,0,0,0,0,0,1,0,0,0,1,1,0,0,0,0,0,0,0,0,580125
199805,0,0,0,0,0,0,0,1,0,0,1,0,1,0,1,0,1,0,1,0,0,0,0,0,580016
205000,0,0,0,0,0,0,0,0,0,0,0,0,0,0,1,0,0,0,0,0,0,0,0,0,579994
198153,0,0,0,0,0,0,0,0,0,14,1,0,0,0,0,0,0,0,0,0,0,0,0,0,579976
208926,0,0,0,0,0,0,0,0,0,0,0,0,0,0,0,0,0,0,0,0,0,3,0,0,579946
216012,0,0,0,0,0,0,0,0,0,0,0,0,0,1,0,0,0,0,0,0,0,23,0,0,579756
219356,0,3,1,0,0,1,0,0,0,0,0,0,0,0,0,0,0,0,0,0,2,8,0,1,579669
207432,0,0,0,0,0,0,0,0,0,0,0,3,0,0,0,0,1,0,0,0,1,0,0,0,579412
211187,0,0,0,0,0,0,0,0,0,0,3,0,0,0,2,0,1,0,0,0,0,17,0,0,579381
219655,0,0,0,0,0,0,0,0,0,0,3,0,0,0,0,0,2,0,0,0,0,10,0,0,579355
203523,0,0,0,0,0,0,0,0,0,1,2,2,0,0,0,0,0,0,0,0,3,0,0,0,579325
196221,0,0,0,0,0,0,0,0,0,0,1,0,0,0,1,1,2,0,1,0,0,0,0,0,579195
185857,0,2,0,0,0,0,0,0,0,0,0,0,0,0,0,0,0,0,0,0,0,6,0,0,578981
220646,0,0,0,0,0,0,0,0,0,0,0,0,0,0,1,2,0,0,0,0,0,0,1,0,578562
213002,0,0,0,0,0,2,0,0,0,0,0,0,0,0,0,0,2,0,1,0,0,11,0,1,578158
208559,0,0,0,0,0,0,0,0,0,0,0,1,0,0,4,1,0,0,0,0,2,0,0,0,578132
185543,0,0,0,0,0,0,1,0,0,0,0,0,0,0,0,0,2,0,1,0,0,0,0,0,578101
211154,0,0,2,0,0,0,0,0,0,0,0,0,0,0,0,0,4,0,8,0,3,28,0,0,577870
201399,0,0,0,0,1,0,1,0,0,0,2,0,0,0,1,0,2,0,1,0,0,2,0,0,577768
218055,0,0,0,0,0,0,0,0,0,1,0,2,0,0,0,0,0,0,0,0,10,4,0,0,577539
208075,0,0,2,0,0,0,0,0,0,0,0,0,0,0,0,0,1,0,1,0,0,6,0,0,577294
216355,0,0,0,0,0,0,0,0,0,0,0,0,0,0,0,0,0,0,0,0,0,16,0,0,577202
206602,0,1,0,0,0,0,0,0,0,0,2,1,0,0,0,0,4,0,1,0,5,0,0,0,576777
211823,0,0,1,0,0,0,0,0,0,0,0,0,0,0,0,0,2,0,2,0,0,5,0,0,576362
213296,0,0,0,2,0,0,1,0,0,0,1,0,0,1,0,0,0,0,0,0,0,11,0,0,576267
196294,0,0,0,0,0,0,0,1,0,0,0,0,0,0,1,0,5,0,1,0,0,0,0,0,576008
187706,0,0,0,0,0,0,0,0,0,2,2,0,0,0,0,0,0,0,0,0,0,0,0,0,575960
215204,0,0,0,0,0,0,0,0,0,0,0,0,0,0,1,0,1,0,0,0,0,20,0,0,575892
195566,0,0,0,0,0,0,0,0,0,0,0,0,0,0,2,2,2,0,1,0,0,0,0,0,575694
205454,0,1,0,0,0,0,0,0,0,1,1,0,0,0,1,0,0,0,0,0,0,0,0,0,575434
206042,0,1,0,4,0,0,0,0,0,0,0,0,0,0,1,0,0,0,0,0,0,0,0,0,575289
203576,0,0,0,0,0,0,0,0,0,0,0,5,1,0,0,0,0,0,0,1,16,0,0,0,574815
183968,0,0,0,0,0,1,0,0,0,0,0,0,0,0,0,0,0,0,0,0,0,0,0,0,574658
200976,0,0,0,0,0,0,0,0,0,0,0,0,0,0,0,0,2,0,0,0,2,0,0,0,574532
202298,0,0,0,0,8,0,0,0,0,0,0,2,0,0,0,0,0,0,0,0,3,0,0,0,574424
200909,0,0,0,0,0,2,0,0,0,0,0,1,0,0,0,0,2,0,0,0,2,0,0,0,574159
194399,0,0,0,0,0,0,0,0,1,0,3,1,0,0,0,0,1,0,0,0,2,0,0,0,573901
204334,0,0,0,0,1,0,0,0,0,0,0,1,0,0,0,0,0,0,0,0,2,0,0,0,573663
199559,0,0,0,0,0,1,2,0,0,0,3,1,1,2,2,2,0,0,0,0,3,0,0,0,573292
191355,0,0,0,0,0,1,0,0,0,0,0,1,0,0,0,0,1,0,0,0,5,0,0,1,573050
212917,0,0,1,0,0,1,1,0,0,0,0,0,0,0,0,0,0,0,0,0,0,17,0,0,573033
218780,0,0,0,0,0,0,0,0,0,0,0,1,0,0,0,0,0,0,0,0,0,11,0,0,572900
206162,0,0,0,0,0,0,0,0,0,0,0,0,0,0,1,5,0,0,0,0,1,0,1,0,572852
208177,0,0,1,0,1,0,0,0,0,0,2,0,0,0,0,0,0,0,0,0,0,29,0,0,572756
217292,0,0,0,0,0,0,0,0,0,0,1,0,0,0,0,0,0,0,0,0,0,6,0,0,572507
214945,0,0,1,1,0,0,0,0,0,0,0,3,1,0,0,0,1,0,0,0,12,0,0,0,572459
214095,0,0,0,0,0,0,0,0,0,5,3,0,0,0,2,0,0,0,0,0,0,15,0,0,572082
218407,0,1,1,0,0,0,0,0,0,0,0,1,0,0,1,1,0,0,0,0,2,9,0,0,571964
211493,0,0,0,0,0,0,0,0,0,0,1,0,0,0,0,0,0,0,0,0,5,8,0,0,571953
218344,0,0,0,0,0,1,0,0,0,0,0,0,0,0,0,0,0,0,0,0,0,0,0,0,571923
219955,0,0,0,0,0,1,1,0,0,0,0,0,0,1,1,0,0,0,0,0,1,20,0,0,571876
184166,0,0,0,0,0,0,0,0,0,1,0,0,0,0,0,0,0,0,0,0,0,0,0,0,571715
213887,0,5,2,0,0,0,0,0,0,1,4,0,0,0,1,1,0,0,0,0,0,19,0,0,571671
183911,0,0,0,0,0,0,0,0,0,0,0,0,0,0,0,0,0,0,0,0,0,0,0,0,571567
197617,0,2,0,0,0,0,0,0,0,0,1,0,0,0,0,0,0,0,0,0,0,0,0,0,571429
196169,0,0,0,0,0,0,0,0,0,0,0,0,0,0,0,0,0,0,0,0,0,0,0,0,571161
215034,0,0,2,0,0,0,0,0,0,0,2,0,0,0,1,1,1,0,0,0,0,7,0,0,571147
217783,0,0,0,0,1,0,0,0,0,0,0,0,1,0,0,0,4,0,3,5,0,0,0,0,571090
201785,0,1,0,0,0,0,0,0,0,0,1,1,0,0,0,0,1,0,0,0,1,0,0,0,570899
195271,0,0,0,0,0,0,1,0,0,0,0,0,0,0,1,0,4,0,0,0,0,0,0,0,570670
208434,0,0,2,0,0,0,0,0,0,0,0,1,0,0,0,0,1,0,1,0,8,0,0,0,570655
191993,0,3,0,0,1,0,0,0,0,0,0,0,0,0,0,0,0,0,0,0,0,2,0,0,570625
203315,0,0,0,0,0,0,0,0,0,0,0,0,0,0,0,0,0,0,0,0,0,0,0,0,570347
215659,0,0,0,0,0,0,0,0,0,0,0,0,0,0,0,0,0,0,0,0,0,0,0,0,570344
204692,0,1,0,0,0,1,0,0,0,0,0,1,0,0,1,0,0,0,0,0,7,0,0,0,570263
190640,0,0,0,0,1,0,0,0,0,0,0,0,0,0,0,0,0,0,0,0,8,0,0,0,570226
197693,0,1,0,0,0,0,0,0,0,0,0,0,1,0,0,0,0,0,0,1,0,0,0,0,570213
196337,0,0,0,0,0,0,1,0,0,1,2,2,0,0,1,0,0,0,0,0,2,0,0,0,570124
187637,0,1,0,0,0,0,0,0,0,0,0,2,0,0,2,0,0,0,0,0,15,0,0,0,569912
220987,0,0,1,0,0,0,0,0,0,1,1,0,0,0,0,0,1,0,1,0,0,20,0,0,569790
209047,0,1,2,0,0,0,0,0,0,0,1,0,0,0,0,0,2,0,3,0,0,16,0,0,569430
194219,0,0,0,0,0,0,0,0,0,0,4,2,0,0,1,0,0,0,0,0,2,0,0,0,569372
218591,0,0,2,0,0,0,0,0,0,0,2,1,0,0,0,0,1,0,3,0,2,3,0,0,569335
204918,0,0,0,0,1,0,0,0,0,0,0,0,0,0,0,0,2,0,2,0,0,0,0,0,569284
218950,0,0,0,0,0,3,0,0,0,0,0,0,0,0,1,0,0,0,0,0,0,5,0,1,569134
212334,0,0,0,0,0,0,1,0,0,0,0,0,0,0,0,0,0,0,0,1,0,4,0,0,569075
189830,0,0,0,0,0,0,0,0,0,1,1,5,0,0,0,0,0,0,0,0,18,0,0,0,569010
208524,0,0,0,0,0,0,0,0,0,0,0,3,0,0,0,0,0,0,0,0,25,0,0,0,568958
198741,0,1,0,0,0,0,0,0,0,1,6,0,0,7,1,1,0,0,0,0,0,0,0,0,568950
215251,0,0,0,0,0,0,0,0,0,0,0,0,0,0,2,2,0,0,0,0,0,4,0,0,568894
184357,0,0,0,0,0,0,0,0,0,0,1,1,0,0,0,0,0,0,0,0,9,0,0,0,568773
183881,0,1,0,3,0,0,0,0,0,0,1,0,1,0,0,0,0,0,0,0,0,0,0,0,568729
216886,0,0,0,0,0,0,0,0,0,0,0,0,0,0,0,0,0,0,0,0,0,18,0,0,568692
197030,0,4,0,3,1,0,0,0,0,0,0,0,0,0,0,0,0,0,0,0,0,2,0,0,568609
185263,0,0,0,0,0,0,0,0,0,0,0,0,0,0,0,0,0,0,0,0,17,0,0,0,568453
222132,0,0,0,0,0,1,0,0,0,0,0,1,0,0,0,0,1,0,0,0,3,0,0,1,568384
219446,0,0,1,0,0,0,0,0,0,0,0,0,0,2,4,2,0,0,0,0,1,27,0,0,568164
203633,0,0,0,0,0,1,0,0,0,0,0,0,0,0,0,0,0,0,0,0,0,0,0,0,568025
198725,0,0,0,0,0,0,0,0,0,0,0,1,0,0,0,0,0,0,0,1,2,0,0,0,568022
213019,0,0,0,0,0,0,0,0,0,0,0,0,0,0,0,0,0,0,0,0,0,0,0,0,567941
206757,0,3,0,0,0,0,0,0,0,0,9,0,0,0,1,1,1,0,3,0,0,0,0,0,567834
185953,0,0,0,1,0,0,0,0,0,0,0,0,0,0,0,0,0,0,0,0,0,0,0,0,567768
195448,0,0,0,0,0,0,0,0,0,0,0,0,0,0,3,1,5,0,3,0,0,8,0,0,567659
212517,0,0,0,0,0,0,0,1,0,0,0,0,0,2,2,2,2,0,0,0,0,9,1,0,567545
198685,0,0,0,0,0,0,0,0,0,0,0,0,0,0,0,0,0,0,0,5,0,0,0,0,567540
210048,0,1,2,0,0,0,0,0,0,0,0,0,1,0,0,0,0,0,0,0,0,17,0,0,567501
211835,0,0,1,0,0,0,0,0,0,0,0,0,0,0,0,0,0,0,0,0,0,2,0,0,567359
201109,0,0,0,0,0,0,0,0,0,0,0,0,2,0,0,0,0,0,0,4,0,2,0,0,566903
208134,0,0,0,0,0,2,1,0,0,0,0,0,0,0,0,0,0,0,0,0,0,0,0,2,566805
222604,0,0,0,0,0,0,0,0,0,0,1,0,0,0,0,0,1,0,1,0,0,3,0,0,566620
199927,0,2,0,0,0,0,0,0,0,0,0,0,0,0,0,0,0,0,0,0,0,0,0,0,566379
206226,0,0,0,0,0,0,0,0,0,0,0,0,0,0,0,0,0,0,0,0,0,0,0,0,566168
184574,0,0,0,0,0,0,0,0,0,0,0,0,0,0,2,0,0,0,0,0,0,0,0,0,565952
191467,0,0,0,0,0,0,0,0,0,0,2,0,0,0,0,0,0,0,0,0,0,0,0,0,565821
213575,0,0,0,0,0,0,0,0,0,2,6,0,0,0,1,9,0,0,0,0,0,3,0,0,565631
200058,0,3,0,0,0,0,0,0,0,0,0,4,0,0,1,1,3,0,2,0,27,0,0,0,565250
194353,0,0,0,0,0,0,0,0,0,0,0,0,0,0,0,0,0,0,0,0,0,0,0,0,565140
220526,0,1,0,0,0,0,0,0,0,0,0,0,0,0,0,0,0,0,0,0,0,15,0,0,565131
188712,0,0,0,0,0,1,0,2,0,0,1,0,0,0,1,0,1,0,0,0,5,0,0,0,564986
205451,0,0,0,0,1,0,1,0,0,0,0,0,0,0,0,0,2,0,0,0,0,0,0,0,564959
190121,0,0,0,0,0,0,0,0,0,0,3,1,0,0,0,0,0,0,0,0,2,0,0,0,564873
197815,0,0,0,0,0,0,0,0,0,0,2,0,0,0,0,0,1,0,0,0,0,0,0,0,564853
198981,0,0,0,0,0,0,0,0,0,0,0,0,0,0,1,0,0,0,0,0,0,0,0,0,564737
189897,0,0,0,0,0,0,0,0,0,0,0,0,0,0,0,0,2,0,0,0,0,0,0,0,564638
219056,0,4,1,0,0,0,0,0,0,0,0,0,0,0,0,0,1,0,0,0,0,9,0,0,564434
212459,0,0,1,0,0,0,0,0,0,0,2,0,0,0,0,0,2,1,2,0,0,13,0,0,564365
186109,0,0,0,0,0,0,0,0,0,3,4,0,0,0,2,0,0,0,0,0,0,0,0,0,564255
209043,0,0,4,0,0,0,0,0,0,0,0,0,0,1,0,0,1,0,3,0,0,8,0,0,564140
195787,0,0,0,0,0,0,0,0,0,0,2,0,0,0,1,1,1,0,1,0,0,0,0,0,563960
200102,0,0,0,0,0,0,0,0,0,0,0,1,0,0,0,0,0,0,0,0,2,0,0,0,563616
216452,0,0,0,0,0,0,0,0,0,0,0,0,0,0,1,7,0,0,0,0,0,0,0,0,563569
210901,0,0,0,0,0,0,0,0,0,1,2,0,0,0,1,0,1,1,8,0,0,22,0,0,563538
192539,0,0,0,0,0,0,0,0,0,0,0,2,0,0,0,0,0,0,0,0,9,0,0,0,563506
203759,0,0,0,0,0,0,0,0,0,0,0,0,0,0,2,1,0,0,0,0,0,0,0,0,563242
200974,0,0,0,0,0,0,0,0,0,0,0,1,0,0,0,0,0,0,0,0,5,0,0,0,563205
198458,0,0,1,0,0,0,0,0,0,0,0,0,0,0,0,0,1,0,1,0,0,0,0,0,563033
201394,0,0,0,0,0,4,0,0,0,0,0,0,0,0,0,0,0,0,0,0,12,0,0,0,562896
207125,0,0,0,0,0,0,0,0,0,0,0,0,0,0,0,0,0,0,0,0,0,0,0,0,562858
188661,0,0,0,0,0,0,0,0,0,2,3,2,0,0,1,0,0,0,0,0,3,0,0,0,562855
196534,0,0,0,0,0,0,0,0,0,0,0,1,0,0,0,0,1,0,0,0,3,0,0,0,562787
212072,0,0,0,0,0,0,0,0,0,0,0,0,0,0,1,2,0,0,0,0,2,0,1,0,562680
208328,0,0,2,0,0,0,0,0,0,1,0,0,0,0,0,0,0,0,0,0,0,21,0,0,562650
211655,0,1,1,0,0,0,0,0,0,0,4,0,0,0,5,2,2,0,5,0,0,15,0,0,562507
188244,0,0,0,0,0,0,0,0,0,0,0,0,0,0,0,0,0,0,0,14,0,0,0,0,562374
209370,0,0,0,0,0,0,0,0,0,0,3,0,0,0,1,8,1,0,0,0,0,6,0,0,562220
188071,0,0,0,0,0,0,0,0,0,2,1,1,0,0,0,0,2,0,2,0,2,0,0,0,562198
207518,0,0,0,0,0,0,0,0,0,0,0,2,0,0,0,0,0,0,0,0,9,0,0,0,562156
203908,0,0,0,0,0,2,0,0,0,0,0,1,0,0,0,0,0,0,0,0,3,0,0,0,562120
202834,0,0,0,0,0,0,0,0,0,0,0,0,0,0,0,0,3,0,2,1,0,0,0,0,562096
203666,0,0,0,0,0,0,0,0,0,0,1,1,1,0,0,0,0,0,0,1,11,0,0,0,561794
192092,0,1,0,0,1,0,2,0,0,0,0,0,0,0,0,0,0,0,0,0,0,2,0,0,561714
211257,0,0,1,0,0,0,0,0,0,0,1,0,0,0,0,0,0,0,0,0,0,15,0,0,561675
198108,0,0,0,0,0,4,0,0,0,0,0,3,0,0,0,0,0,0,0,0,9,0,0,1,561664
215807,0,0,0,0,0,0,0,0,0,0,0,0,0,0,1,0,0,0,0,0,0,3,0,0,561384
194627,0,0,0,0,0,0,0,0,0,0,1,0,0,0,1,0,1,0,0,1,2,0,0,0,561328
201494,0,0,0,0,0,0,0,0,0,0,0,0,0,0,0,0,0,0,0,0,6,0,0,0,560889
205559,0,1,0,0,0,0,0,0,0,0,0,0,0,0,0,0,0,0,0,0,0,0,0,0,560847
207840,0,0,0,0,0,0,1,0,0,0,0,0,0,2,0,0,0,0,0,0,1,17,0,0,560803
199134,0,0,0,0,0,1,0,0,0,0,0,0,0,0,0,0,0,0,0,0,1,0,0,1,560740
218848,0,5,2,0,0,0,0,0,0,0,1,0,0,0,1,1,0,0,0,0,0,14,0,0,560664
200132,0,0,0,0,0,0,0,0,0,0,0,1,0,0,1,0,0,0,0,0,6,0,1,0,560256
211495,0,1,0,0,0,0,0,0,0,1,0,0,0,0,1,0,0,0,0,0,0,10,0,0,560111
215445,0,0,0,0,0,0,0,0,0,0,0,0,0,0,1,1,0,0,0,0,0,8,7,0,559979
208682,0,0,0,0,0,0,0,0,0,0,0,1,0,0,1,1,2,0,2,0,2,0,0,0,559970
218658,0,0,0,0,0,3,0,0,0,0,0,0,0,0,0,0,0,0,0,0,0,2,0,1,559746
206544,0,1,0,0,0,0,0,0,0,0,0,1,0,0,0,0,3,0,2,0,0,0,0,0,559727
199604,0,0,0,0,0,0,0,0,0,0,0,0,0,0,0,0,2,0,0,0,2,0,0,0,559650
214473,0,1,0,0,0,0,0,0,0,0,0,0,0,0,0,0,0,0,0,0,0,0,0,0,559597
200297,0,0,0,0,0,0,0,0,0,0,0,1,0,0,0,0,0,0,0,0,13,0,0,0,559380
207653,0,4,0,0,0,0,0,0,0,0,0,0,0,0,0,0,3,0,0,0,0,0,0,0,559299
216141,0,2,3,0,0,0,0,0,0,0,2,0,0,0,0,0,0,0,0,0,1,11,0,0,559269
198307,0,0,0,0,0,0,0,2,0,0,0,0,0,0,1,0,0,0,0,0,0,0,0,0,558897
223081,0,0,1,0,5,0,0,0,0,0,0,0,0,0,0,0,0,0,0,0,0,12,0,0,558847
200464,0,3,0,0,0,0,0,0,0,0,2,1,0,0,0,0,0,0,0,0,0,0,0,0,558814
211505,0,0,0,0,0,0,0,0,0,0,0,0,0,0,0,0,0,0,0,3,0,0,0,0,558688
194829,0,0,0,0,0,0,0,0,0,0,0,0,0,0,2,2,1,0,0,0,0,0,0,0,558524
198287,0,0,0,0,0,0,0,0,0,0,0,6,0,0,0,0,0,0,0,0,22,0,0,0,558364
218582,0,0,0,0,0,0,0,0,0,0,0,0,0,0,1,1,2,0,0,0,0,6,0,0,558218
205675,0,1,0,0,4,0,0,0,0,0,0,1,0,0,0,0,2,0,0,0,4,0,0,0,557716
193141,0,1,0,0,0,0,0,0,0,0,0,1,0,0,2,3,0,0,0,0,10,0,0,0,557606
211986,0,0,0,0,0,2,1,0,0,0,0,0,0,0,1,1,0,0,0,1,0,7,0,2,557591
186359,0,0,0,0,0,0,0,0,0,0,1,0,0,0,0,0,1,0,0,0,0,0,0,0,557523
208715,0,1,1,0,0,0,1,0,0,0,3,0,0,0,1,2,0,0,0,0,0,10,1,0,557518
187538,0,0,0,0,0,0,0,0,0,0,0,1,0,0,0,0,0,0,0,2,7,0,0,0,557431
218084,0,0,0,0,0,0,0,0,0,0,0,1,0,0,2,1,0,0,0,0,2,0,0,0,557233
216086,0,0,0,0,0,0,0,0,0,0,2,0,0,0,1,0,3,0,0,0,0,24,0,0,556984
191694,0,0,0,0,0,0,0,0,0,0,3,1,0,0,3,3,0,0,0,0,6,0,0,0,556781
209452,0,0,0,0,0,0,0,0,0,0,10,0,0,0,0,0,0,0,0,0,0,10,0,0,556598
212162,0,0,0,0,0,0,0,0,0,0,1,0,0,0,3,4,1,0,0,0,0,16,0,0,556517
215708,0,0,1,0,0,0,0,0,0,0,0,0,0,0,2,2,0,0,0,0,0,5,0,0,556419
186272,0,0,0,0,0,0,0,0,0,0,0,1,0,0,1,0,0,0,0,0,8,0,0,0,556289
213154,0,0,2,0,0,0,0,0,0,0,0,1,0,0,0,0,0,0,0,0,0,10,0,0,555913
198478,0,0,0,0,0,1,0,0,0,0,0,0,0,0,0,0,0,0,0,0,1,0,0,1,555873
211317,0,0,2,0,0,0,0,0,0,0,0,0,0,0,1,1,0,0,0,0,0,14,0,0,555778
221997,0,0,0,0,0,0,0,0,0,1,2,1,0,0,0,0,0,0,0,0,6,4,0,0,555654
184551,0,0,0,0,0,2,0,0,0,2,3,0,0,0,1,1,0,0,0,0,0,0,0,2,555471
193520,0,0,0,0,0,0,0,0,0,0,0,1,0,0,0,0,0,0,0,0,1,0,0,0,555448
188102,0,1,0,0,0,0,0,0,0,0,0,0,0,0,1,0,1,0,1,0,1,0,0,0,555096
217721,0,0,0,0,0,0,0,0,0,0,0,0,1,0,0,0,0,0,0,1,5,0,0,0,555071
217107,0,0,0,0,0,0,1,0,0,0,1,1,0,1,0,0,0,0,0,0,3,17,0,0,554694
202105,0,0,0,0,1,0,0,0,0,0,0,0,0,0,0,0,0,0,0,3,1,0,0,0,554639
212656,0,0,0,0,0,0,0,0,0,0,5,0,0,0,0,0,0,0,0,0,0,5,0,0,554608
212520,0,0,0,0,0,0,0,0,0,0,0,0,0,0,0,0,0,0,0,0,0,4,0,0,554515
207342,0,0,0,0,0,0,0,0,0,0,0,1,0,0,1,1,0,0,0,0,5,0,0,0,554480
208190,0,2,1,0,0,0,0,0,0,0,0,0,0,0,0,0,1,0,0,0,0,23,0,0,554409
218068,0,0,0,0,0,0,0,0,0,0,0,0,0,0,0,0,0,0,0,3,0,0,0,0,554357
206139,0,0,0,0,0,0,0,0,0,0,0,0,0,0,1,1,2,0,0,0,0,0,0,0,554187
216736,0,0,0,0,0,0,0,0,0,0,0,0,0,1,0,0,0,0,0,0,0,29,0,0,553360
222591,0,1,1,0,0,0,0,0,0,0,8,0,0,0,1,0,2,0,2,0,0,1,0,0,553276
187921,0,0,0,0,0,0,0,0,0,0,2,0,0,0,0,0,0,0,0,0,0,0,0,0,552936
186505,0,0,0,0,0,0,1,0,0,0,0,0,0,0,1,0,0,0,0,0,0,0,0,0,552841
212238,0,0,0,0,0,0,0,0,0,0,0,0,0,0,0,0,0,0,0,0,0,4,0,0,552771
190810,0,0,0,0,4,0,0,0,0,0,0,0,0,0,0,0,0,0,0,0,0,0,0,0,552230
211561,0,0,0,0,0,0,0,0,0,0,0,0,0,0,1,0,0,0,0,0,0,0,0,0,552157
202392,0,0,0,0,0,0,0,0,0,0,0,1,0,0,0,0,0,0,0,10,2,0,0,0,551840
214691,0,0,0,0,0,0,0,0,0,0,0,0,0,0,0,0,0,0,0,0,0,10,0,0,551186
206216,0,2,0,0,0,1,0,0,0,0,0,1,0,0,3,2,1,0,0,0,1,0,0,1,551047
214746,0,0,1,0,0,0,0,0,0,0,0,0,0,0,1,0,0,0,0,0,0,8,0,0,550982
184105,0,0,0,0,0,0,0,0,0,1,0,0,0,0,0,0,0,0,0,0,0,0,0,0,550972
204392,0,2,0,0,0,0,0,0,0,0,1,0,2,0,1,0,1,0,0,0,0,0,0,0,550926
206970,0,0,0,0,0,3,2,0,0,0,0,0,0,2,0,0,0,0,0,0,1,0,0,2,550785
213994,0,1,0,0,0,0,0,0,0,0,0,0,0,0,2,1,5,0,0,0,0,25,0,0,550303
197621,0,0,0,0,0,0,0,0,0,0,0,0,0,0,0,0,0,0,0,0,0,0,0,0,550295
203441,0,0,0,0,1,0,0,0,0,0,1,0,0,0,0,0,0,0,0,2,0,0,0,0,550256
222536,0,0,1,0,0,0,0,0,0,0,8,0,0,0,1,0,2,0,0,0,0,2,0,0,550054
206308,0,0,0,0,0,0,0,0,0,0,0,2,1,0,0,0,0,0,0,0,7,0,0,0,550014
208180,0,0,0,0,0,0,0,2,0,0,0,0,0,0,2,0,0,0,0,0,0,16,0,0,549766
222061,0,0,0,0,0,0,0,0,0,0,0,0,0,8,1,1,0,0,0,0,0,2,0,0,549210
203663,0,0,0,0,0,0,0,0,0,0,0,4,0,0,1,1,0,0,0,0,5,0,0,0,548995
211168,0,1,2,0,0,0,1,0,0,1,1,0,0,1,2,0,0,0,0,0,0,8,0,0,548751
211566,0,0,0,0,0,0,0,0,0,1,1,0,0,0,0,0,0,0,0,0,0,0,0,0,548361
208557,0,0,0,0,0,2,0,0,0,0,0,2,0,0,1,0,0,0,0,0,19,0,0,1,548141
217041,0,0,0,0,0,0,0,0,0,8,2,1,0,0,0,0,0,0,0,0,3,3,0,0,547864
218533,0,0,0,0,0,1,0,0,0,0,0,0,1,0,1,0,0,0,0,0,0,6,0,1,547771
221290,0,0,0,0,0,0,0,0,0,1,2,0,0,0,0,0,1,0,2,0,0,9,0,0,547490
206098,0,0,1,0,0,0,0,0,0,0,0,0,0,0,0,0,1,0,0,0,0,6,0,0,547412
199034,0,0,0,0,0,0,0,0,0,0,3,0,0,0,0,0,1,0,0,0,0,0,0,0,547385
194437,0,1,0,0,0,0,0,0,0,0,0,0,0,0,0,0,0,0,0,0,0,0,0,0,547224
183987,0,0,0,0,0,0,0,0,0,0,5,0,0,0,0,0,0,0,0,0,0,0,0,0,547141
194337,0,1,0,0,0,0,0,0,0,0,0,0,0,0,0,0,0,0,0,0,7,0,0,0,546962
221833,0,0,0,0,0,5,0,0,0,0,0,0,0,0,0,0,0,0,0,0,0,9,0,3,546941
199517,0,0,0,0,0,4,0,0,0,0,0,0,0,0,0,0,0,0,0,0,0,0,0,0,546837
208994,0,0,0,1,0,0,0,0,0,0,4,1,0,0,0,0,6,0,0,0,6,20,0,0,546601
200431,0,0,0,0,0,0,0,0,0,1,4,0,0,0,0,0,0,0,0,0,0,0,0,0,546519
217827,0,0,0,0,0,0,0,0,0,0,0,0,0,0,1,3,0,0,0,0,0,2,0,0,546514
213581,0,0,0,0,0,0,0,0,0,0,1,2,0,0,1,1,1,0,2,0,4,5,0,0,546293
220145,0,0,0,0,0,3,0,0,0,0,3,1,0,0,0,0,0,0,0,0,5,3,0,0,546097
198942,0,0,0,0,0,0,0,0,0,1,14,0,0,0,3,0,2,0,0,0,1,0,0,0,546094
212014,0,0,0,0,0,1,1,0,0,0,0,0,0,0,1,0,0,0,0,0,0,17,0,1,546003
199227,0,0,0,0,0,0,0,0,0,0,0,0,0,0,1,1,0,0,0,0,0,0,0,0,545933
218753,0,0,1,0,0,0,0,0,0,0,0,0,0,0,0,0,0,0,0,0,2,0,0,0,545815
188077,0,2,0,0,10,0,0,0,0,0,4,0,0,0,0,0,7,0,0,0,5,0,0,0,545505
190641,0,0,0,0,0,0,0,1,0,0,2,1,0,0,2,1,0,0,0,0,8,0,5,0,545414
198698,0,0,0,0,0,0,0,0,0,0,1,0,0,1,1,1,0,0,0,0,2,0,0,0,545227
213875,0,0,0,0,0,0,0,0,0,0,0,1,0,0,2,1,0,0,0,0,2,3,0,0,544837
209881,0,0,0,0,0,0,0,0,0,0,0,0,0,0,1,1,0,0,0,0,0,5,0,0,544623
188569,0,0,0,0,0,0,1,0,0,0,0,0,0,1,2,2,0,0,0,0,0,0,1,0,544549
219930,0,0,0,1,0,0,0,0,0,0,0,0,0,0,0,0,0,0,0,0,0,0,0,0,544266
215354,0,0,0,0,0,0,0,0,0,0,0,0,0,0,1,1,0,0,0,0,0,10,0,0,544199
192665,0,0,0,0,1,0,0,0,0,0,0,2,0,0,0,0,2,0,0,0,4,0,0,0,544104
205837,0,0,0,0,0,0,0,0,0,0,1,0,0,0,0,0,1,0,0,0,0,0,0,0,543943
209430,0,0,0,0,0,0,0,0,0,1,2,0,0,0,0,0,1,0,0,0,8,7,0,0,543610
188057,0,1,0,0,0,0,0,0,0,0,1,0,0,0,1,0,0,0,0,0,0,0,0,0,543484
191393,0,0,0,0,0,0,0,0,0,0,2,0,0,0,0,0,2,0,0,0,0,0,0,0,543482
198909,0,0,0,0,0,0,0,0,0,0,0,0,0,0,0,0,0,0,0,0,5,0,0,0,543467
212270,0,0,0,0,0,1,0,0,0,2,6,0,0,0,1,0,1,0,0,1,0,3,0,0,543445
184362,0,3,0,0,0,0,0,0,0,0,2,0,0,0,0,0,0,0,0,0,0,0,0,0,543341
207857,0,0,2,0,0,0,0,0,0,0,0,1,0,0,1,0,1,0,0,0,0,3,0,0,542940
196775,0,0,0,0,0,0,0,0,0,0,0,0,0,0,0,0,1,0,0,0,0,0,0,0,542505
196199,0,0,0,0,0,0,1,0,0,5,4,0,0,0,2,1,3,0,1,0,0,0,0,0,542497
190232,0,2,0,0,2,0,0,0,0,0,0,0,0,0,0,0,0,0,0,0,1,0,0,0,542385
185415,0,0,0,0,0,0,0,0,0,1,3,0,0,0,0,0,0,0,0,0,0,0,0,0,542265
211025,0,0,0,0,0,4,0,0,0,0,0,1,0,0,1,0,0,0,0,0,2,3,0,2,542223
195612,0,0,0,0,0,0,0,0,0,0,0,0,0,1,0,0,11,0,1,0,0,0,0,0,542212
199335,0,0,0,0,0,0,0,0,0,0,0,0,0,0,0,0,0,0,0,0,0,0,0,0,542169
187687,0,0,0,0,0,0,0,0,0,0,3,0,0,0,0,0,0,0,0,0,8,0,0,0,542038
220541,0,0,0,0,0,0,0,0,0,0,0,0,0,0,0,0,0,0,0,0,0,3,0,0,542024
207551,0,0,0,0,0,1,0,0,0,0,1,0,0,0,1,2,2,0,1,0,0,0,0,0,541898
214415,0,0,1,0,0,0,0,0,0,0,0,0,0,0,1,1,1,0,1,0,0,26,0,0,541839
215079,0,0,0,0,0,0,0,0,0,8,5,0,0,0,0,0,2,0,3,0,0,13,0,0,541742
216412,0,1,1,0,0,0,0,0,0,0,2,0,0,0,2,0,0,0,0,1,0,8,0,0,541504
199650,0,0,0,0,0,0,1,0,0,0,0,0,0,0,1,1,2,0,2,0,0,0,0,0,541254
218218,0,0,0,0,0,0,0,0,0,0,0,0,0,0,1,2,2,0,0,0,0,11,0,0,540955
213756,0,1,0,0,0,0,0,0,0,0,0,0,0,0,0,0,3,0,1,0,0,8,0,0,540948
185339,0,2,0,0,0,0,0,1,0,0,1,1,0,0,1,0,0,0,0,0,0,0,0,0,540721
213834,0,0,0,0,0,0,0,0,0,0,0,0,0,0,2,3,0,0,0,0,0,3,0,0,540705
194964,0,0,0,0,0,0,0,0,0,0,0,0,0,0,0,0,0,0,0,0,0,0,0,0,540655
216642,0,0,0,0,0,0,0,0,0,0,1,0,0,0,0,0,2,0,1,0,0,5,0,0,540300
210929,0,0,0,0,0,1,0,0,0,0,0,0,0,0,0,0,0,0,0,1,0,1,0,0,540290
200288,0,0,0,0,0,0,0,0,0,0,0,0,0,0,0,0,0,0,0,0,11,0,0,0,540287
211989,0,0,0,0,0,0,0,0,0,0,0,1,0,0,1,0,0,0,0,0,8,4,0,0,540153
197961,0,0,0,0,0,0,0,0,0,0,0,0,0,0,0,0,0,0,0,0,0,0,0,0,540131
218420,0,0,0,0,0,0,0,0,0,0,0,0,0,0,2,0,0,0,0,0,0,3,0,0,540129
